Flax classes are deprecated and will be removed in Diffusers v1.0.0. We recommend migrating to PyTorch classes or pinning your version of Diffusers.
Flax classes are deprecated and will be removed in Diffusers v1.0.0. We recommend migrating to PyTorch classes or pinning your version of Diffusers.
[09-20 06:44:39] server_args: {"model_path": "robbyant/lingbot-world-v2-14b-causal-fast-diffusers", "model_subfolder": null, "model_variant": null, "model_id": null, "served_model_name": "robbyant/lingbot-world-v2-14b-causal-fast-diffusers", "backend": "auto", "attention_backend": null, "enable_attention_backend_autotune": false, "attention_backend_config": {}, "component_attention_backends": {}, "cache_dit_config": null, "nccl_port": null, "enable_nccl_nvls": false, "trust_remote_code": false, "revision": null, "num_gpus": 1, "performance_mode": "manual", "base_gpu_id": 0, "gpu_ids": null, "nnodes": 1, "node_rank": 0, "dist_init_addr": null, "tp_size": 1, "sp_degree": 1, "ulysses_degree": 1, "ring_degree": 1, "kv_gather_degree": 1, "sp_split_auto": false, "dp_size": 1, "enable_cfg_parallel": false, "cfg_parallel_degree": 1, "encoder_parallel": "auto", "hsdp_replicate_dim": 1, "hsdp_shard_dim": 1, "dist_timeout": 3600, "scheduler_rpc_timeout": null, "pipeline_class_name": null, "lora_path": null, "lora_nickname": "default", "lora_scale": 1.0, "lora_alpha": null, "lora_merge_mode": "auto", "lora_weight_name": null, "component_paths": {}, "component_weights_paths": {}, "component_direct_gpu_weight_loading": {}, "component_quantizations": {}, "component_precisions": {}, "component_quantization_ignored_layers": {}, "load_diffusion_decoder": false, "transformer_weights_path": null, "minimax_h3_adaln_cache_path": null, "minimax_h3_adaln_online": false, "minimax_h3_adaln_plan_width": 4, "minimax_h3_adaln_host_cache_gb": 8.0, "quantization": null, "quantization_ignored_layers": null, "lora_target_modules": null, "component_residency": null, "cpu_offload_components": null, "dit_cpu_offload": false, "direct_gpu_weight_loading": false, "dit_layerwise_offload": false, "layerwise_offload_components": null, "dit_offload_prefetch_size": 0.0, "dit_layerwise_resident_layers": 0.0, "dit_layerwise_residency_policy": "leading", "layerwise_prefetch_size": {}, "layerwise_resident_layers": {}, "layerwise_residency_policy": {}, "offload_during_compile": true, "text_encoder_cpu_offload": true, "image_encoder_cpu_offload": null, "vae_cpu_offload": false, "use_fsdp_inference": null, "pin_cpu_memory": true, "ltx2_two_stage_device_mode": null, "comfyui_mode": false, "enable_torch_compile": false, "regional_compile": false, "enable_breakable_cuda_graph": false, "bcg_text_buckets": null, "enable_layerwise_nvtx_marker": false, "warmup_mode": "server", "warmup_resolutions": ["832x480"], "warmup_num_frames": 9, "warmup_steps": 1, "warmup_sampling_params": null, "disable_autocast": false, "master_port": 24301, "host": "127.0.0.1", "port": 24201, "enable_metrics": false, "webui": false, "webui_port": 12312, "scheduler_port": 5561, "scheduler_ports": [5561], "batching_mode": "dynamic", "batching_max_size": 1, "batching_delay_ms": 0.0, "batching_config": null, "enable_batching_metrics": false, "strict_ports": false, "output_path": "outputs/", "input_save_path": "inputs/uploads", "prompt_file_path": null, "model_paths": {}, "model_loaded": {"transformer": true, "vae": true, "video_vae": true, "audio_vae": true, "video_dit": true, "audio_dit": true, "dual_tower_bridge": true}, "boundary_ratio": null, "disagg_role": "monolithic", "disagg_timeout": 3600, "disagg_downstream_wait_timeout": 1800, "disagg_dispatch_policy": "round_robin", "disagg_mode": false, "disagg_instance_id": 0, "disagg_max_slots_per_instance": 8, "disagg_transfer_redundancy": 1.25, "disagg_role_device": "auto", "disagg_transfer_backend": "auto", "disagg_transfer_pool_size": 268435456, "disagg_transfer_pin_memory": "auto", "disagg_p2p_hostname": "127.0.0.1", "disagg_ib_device": null, "disagg_server_addr": null, "encoder_urls": null, "denoiser_urls": null, "decoder_urls": null, "encoder_tp": null, "denoiser_tp": null, "denoiser_sp": null, "denoiser_ulysses": null, "denoiser_ring": null, "decoder_sp": null, "pool_work_endpoint": null, "pool_result_endpoint": null, "pool_control_endpoint": null, "pool_control_advertised_endpoint": null, "log_level": "info", "log_requests": false, "log_requests_level": 2, "log_requests_format": "text", "log_requests_target": null, "uvicorn_access_log_exclude_prefixes": [], "enable_cache_report": false, "enable_trace": false, "otlp_traces_endpoint": "localhost:4317", "otlp_service_name": null, "srt_encoder_url": null, "srt_encoder_connect_timeout": 3.05, "srt_encoder_timeout": 100, "pe_server_url": null}
[09-20 06:44:39] Starting server...
Flax classes are deprecated and will be removed in Diffusers v1.0.0. We recommend migrating to PyTorch classes or pinning your version of Diffusers.
Flax classes are deprecated and will be removed in Diffusers v1.0.0. We recommend migrating to PyTorch classes or pinning your version of Diffusers.
[09-20 06:44:52] Scheduler (dp replica 0) bind at endpoint: tcp://127.0.0.1:5561
[09-20 06:44:52] torch.compile cache: TORCHINDUCTOR_CACHE_DIR=/campaign/model-caches/lingbot-world-v2-cycle/sglang/torch_compile_cache/inductor TRITON_CACHE_DIR=/campaign/model-caches/lingbot-world-v2-cycle/sglang/torch_compile_cache/triton
[09-20 06:44:52] Initializing distributed environment with world_size=1, device=cuda:0, timeout=3600
[09-20 06:44:52] Setting distributed timeout to 3600 seconds
[09-20 06:44:53] No pipeline_class_name specified, using model_index.json
[09-20 06:44:54] Using pipeline from model_index.json: LingBotWorldCausalDMDPipeline
[09-20 06:44:54] Loading pipeline modules...
[09-20 06:44:54] Checking for cached model in Hugging Face Hub cache for robbyant/lingbot-world-v2-14b-causal-fast-diffusers...
[09-20 06:44:54] Found complete model in cache at /campaign/model-caches/lingbot-world-v2-cycle/huggingface/hub/models--robbyant--lingbot-world-v2-14b-causal-fast-diffusers/snapshots/59cccf49f2d2dd27418ae7a04b82b10868d455c2
[09-20 06:44:54] Model path: /campaign/model-caches/lingbot-world-v2-cycle/huggingface/hub/models--robbyant--lingbot-world-v2-14b-causal-fast-diffusers/snapshots/59cccf49f2d2dd27418ae7a04b82b10868d455c2
[09-20 06:44:54] Diffusers version: 0.35.0.dev0
[09-20 06:44:54] Loading pipeline modules from config: {'_class_name': 'LingBotWorldCausalDMDPipeline', '_diffusers_version': '0.35.0.dev0', 'boundary_ratio': 0.9, 'image_encoder': [None, None], 'image_processor': [None, None], 'scheduler': ['diffusers', 'UniPCMultistepScheduler'], 'text_encoder': ['transformers', 'UMT5EncoderModel'], 'tokenizer': ['transformers', 'T5TokenizerFast'], 'transformer': ['diffusers', 'CausalLingBotWorldTransformer3DModel'], 'transformer_2': [None, None], 'vae': ['diffusers', 'AutoencoderKLWan']}
[09-20 06:44:54] MoE pipeline detected. Adding transformer_2 to self.required_config_modules...
[09-20 06:44:54] Setting boundary ratio to 0.9
[09-20 06:44:54] Loading required components: ['text_encoder', 'tokenizer', 'vae', 'transformer', 'scheduler', 'image_encoder', 'image_processor', 'transformer_2']
[93m[09-20 06:44:54] Module image_encoder in model_index.json has null value, removing from required_config_modules[0;0m
[93m[09-20 06:44:54] Module image_processor in model_index.json has null value, removing from required_config_modules[0;0m
[93m[09-20 06:44:54] Module transformer_2 in model_index.json has null value, removing from required_config_modules[0;0m
[09-20 06:44:54] Memory-aware component load order: ['transformer', 'text_encoder', 'vae', 'tokenizer', 'scheduler']
Loading required modules:   0%|          | 0/5 [00:00<?, ?it/s][09-20 06:44:54] Loading transformer from /campaign/model-caches/lingbot-world-v2-cycle/huggingface/hub/models--robbyant--lingbot-world-v2-14b-causal-fast-diffusers/snapshots/59cccf49f2d2dd27418ae7a04b82b10868d455c2/transformer. avail mem: 138.65 GB
[09-20 06:44:54] Loading CausalLingBotWorldTransformer3DModel from 8 safetensors file(s) , param_dtype: torch.bfloat16

Loading safetensors checkpoint shards: 0%|          | 0/8[ALoading safetensors checkpoint shards: 100%|██████████| 8/8
[09-20 06:45:03] Attention backends for transformer: fa
[09-20 06:45:03] Loaded transformer: CausalLingBotWorldTransformer3DModel (sgl-diffusion version). model size: 40.4 GB, vram: 40.40 GB. avail GPU mem: 96.74 GB
Loading required modules:  20%|██        | 1/5 [00:08<00:34,  8.51s/it][09-20 06:45:03] Loading text_encoder from /campaign/model-caches/lingbot-world-v2-cycle/huggingface/hub/models--robbyant--lingbot-world-v2-14b-causal-fast-diffusers/snapshots/59cccf49f2d2dd27418ae7a04b82b10868d455c2/text_encoder. avail mem: 96.74 GB

Loading safetensors checkpoint shards: 0%|          | 0/3[A
Loading safetensors checkpoint shards: 33%|███▎      | 1/3[A
Loading safetensors checkpoint shards: 67%|██████▋   | 2/3[A
Loading safetensors checkpoint shards: 100%|██████████| 3/3[ALoading safetensors checkpoint shards: 100%|██████████| 3/3
[09-20 06:45:04] Loaded text_encoder: UMT5EncoderModel (sgl-diffusion version). model size: 10.58 GB, host pageable: 10.58 GB. avail GPU mem: 96.74 GB
Loading required modules:  40%|████      | 2/5 [00:09<00:12,  4.14s/it][09-20 06:45:04] Loading vae from /campaign/model-caches/lingbot-world-v2-cycle/huggingface/hub/models--robbyant--lingbot-world-v2-14b-causal-fast-diffusers/snapshots/59cccf49f2d2dd27418ae7a04b82b10868d455c2/vae. avail mem: 96.74 GB
[09-20 06:45:04] VAE: converted 61 Conv3d weights to channels_last_3d
[09-20 06:45:04] Wan VAE: installed quality-gated fast path (29 RMSNorm+SiLU fusions, 3 channels_last upsamples).
[09-20 06:45:04] Loaded vae: AutoencoderKLWan (sgl-diffusion version). model size: 0.47 GB, vram: 0.47 GB. avail GPU mem: 96.72 GB
Loading required modules:  60%|██████    | 3/5 [00:09<00:04,  2.35s/it][09-20 06:45:04] Loading tokenizer from /campaign/model-caches/lingbot-world-v2-cycle/huggingface/hub/models--robbyant--lingbot-world-v2-14b-causal-fast-diffusers/snapshots/59cccf49f2d2dd27418ae7a04b82b10868d455c2/tokenizer. avail mem: 96.72 GB
[09-20 06:45:06] Loaded tokenizer: T5Tokenizer (sgl-diffusion version). model size: NA GB, weights: none. avail GPU mem: 96.72 GB
Loading required modules:  80%|████████  | 4/5 [00:11<00:02,  2.05s/it][09-20 06:45:06] Loading scheduler from /campaign/model-caches/lingbot-world-v2-cycle/huggingface/hub/models--robbyant--lingbot-world-v2-14b-causal-fast-diffusers/snapshots/59cccf49f2d2dd27418ae7a04b82b10868d455c2/scheduler. avail mem: 96.72 GB
[09-20 06:45:06] Loaded scheduler: UniPCMultistepScheduler (sgl-diffusion version). model size: NA GB, weights: none. avail GPU mem: 96.72 GB
Loading required modules: 100%|██████████| 5/5 [00:11<00:00,  2.28s/it]
[09-20 06:45:06] Creating pipeline stages...
[09-20 06:45:06] Using fa attention backend
[09-20 06:45:06] Pipeline instantiated
[09-20 06:45:06] Worker 0: Initialized device, model, and distributed environment.
[09-20 06:45:06] Worker 0: Scheduler loop started.
[09-20 06:45:06] Starting FastAPI server.
[2026-09-20 06:45:06] [32mINFO[0m:     Started server process [[36m127495[0m]
[2026-09-20 06:45:06] [32mINFO[0m:     Waiting for application startup.
[09-20 06:45:06] ZMQ Broker is listening for offline jobs on tcp://127.0.0.1:24202
[2026-09-20 06:45:06] [32mINFO[0m:     Application startup complete.
[2026-09-20 06:45:06] [32mINFO[0m:     Uvicorn running on [1mhttp://127.0.0.1:24201[0m (Press CTRL+C to quit)
[2026-09-20 06:45:07] [32mINFO[0m:     127.0.0.1:38722 - "[1mGET /health HTTP/1.1[0m" [32m200 OK[0m
[2026-09-20 06:45:07] [32mINFO[0m:     127.0.0.1:38724 - "WebSocket /v1/realtime_video/generate" [accepted]
[2026-09-20 06:45:07] [32mINFO[0m:     connection open
[09-20 06:45:07] Adjusting number of frames from 21 to 21 based on model
[09-20 06:45:07] Sampling params:
                       width: 832
                      height: 480
                  num_frames: 21
                         fps: 16
                      prompt: <redacted, len=62>
                  neg_prompt: None
                        seed: 41
                 infer_steps: 4
      num_outputs_per_prompt: 1
              guidance_scale: 1.0
     embedded_guidance_scale: 6.0
                    n_tokens: None
                  flow_shift: 5.0
                  image_path: inputs/uploads/dba7a2850cfd4431b88aa1b46e7688a7_first_frame
                 save_output: False
            output_file_path: outputs/dba7a2850cfd4431b88aa1b46e7688a7_56bf3685ebbd4a88b0bd1d16d1519046.mp4
        
[09-20 06:45:07] Running pipeline stages: ['RealtimeInputValidationStage', 'RealtimeTextEncodingStage', 'AuxiliaryConditionEncodingStage', 'RealtimeImageVAEEncodingStage', 'DMDTimestepPreparationStage', 'RealtimeChunkLatentPreparationStage', 'LingBotWorldCausalDMDDenoisingStage', 'CausalVaeDecodingStage']
[09-20 06:45:07] [RealtimeInputValidationStage] started...
[09-20 06:45:07] [RealtimeInputValidationStage] finished in 0.0452 seconds
[09-20 06:45:07] [RealtimeTextEncodingStage] started...
[09-20 06:45:09] [RealtimeTextEncodingStage] finished in 1.8649 seconds
[09-20 06:45:14] [AuxiliaryConditionEncodingStage] started...
[09-20 06:45:14] [AuxiliaryConditionEncodingStage] finished in 0.0545 seconds
[09-20 06:45:14] [RealtimeImageVAEEncodingStage] started...
[09-20 06:45:15] [RealtimeImageVAEEncodingStage] finished in 1.0115 seconds
[09-20 06:45:15] [DMDTimestepPreparationStage] started...
[09-20 06:45:15] [DMDTimestepPreparationStage] finished in 0.0003 seconds
[09-20 06:45:15] [RealtimeChunkLatentPreparationStage] started...
[09-20 06:45:15] [RealtimeChunkLatentPreparationStage] finished in 0.0021 seconds
[09-20 06:45:15] [LingBotWorldCausalDMDDenoisingStage] started...
[09-20 06:45:18] [LingBotWorldCausalDMDDenoisingStage] finished in 3.1680 seconds
[09-20 06:45:18] [CausalVaeDecodingStage] started...
[09-20 06:45:19] [CausalVaeDecodingStage] finished in 0.2859 seconds
[09-20 06:45:19] realtime raw RGB frame batch timing: request_id=dba7a2850cfd4431b88aa1b46e7688a7_56bf3685ebbd4a88b0bd1d16d1519046 chunk_idx=0 sample_to_frames=4.04ms frames_to_bytes=6.42ms total=10.49ms batches=1 frames=9 frame_shape=(480, 832, 3) raw_bytes=10782720 content_type=application/x-raw-rgb
[09-20 06:45:19] Pixel data generated successfully in [92m12.10[0;0m seconds
[09-20 06:45:19] Peak memory usage: 82744.00 MB
[09-20 06:45:19] Adjusting number of frames from 21 to 21 based on model
[09-20 06:45:19] Sampling params:
                       width: 832
                      height: 480
                  num_frames: 21
                         fps: 16
                      prompt: <redacted, len=62>
                  neg_prompt: None
                        seed: 41
                 infer_steps: 4
      num_outputs_per_prompt: 1
              guidance_scale: 1.0
     embedded_guidance_scale: 6.0
                    n_tokens: None
                  flow_shift: 5.0
                  image_path: inputs/uploads/dba7a2850cfd4431b88aa1b46e7688a7_first_frame
                 save_output: False
            output_file_path: outputs/dba7a2850cfd4431b88aa1b46e7688a7_4b4fdde234e04c4ab561b6ca1863cfa7.mp4
        
[09-20 06:45:19] Running pipeline stages: ['RealtimeInputValidationStage', 'RealtimeTextEncodingStage', 'AuxiliaryConditionEncodingStage', 'RealtimeImageVAEEncodingStage', 'DMDTimestepPreparationStage', 'RealtimeChunkLatentPreparationStage', 'LingBotWorldCausalDMDDenoisingStage', 'CausalVaeDecodingStage']
[09-20 06:45:19] [RealtimeInputValidationStage] started...
[09-20 06:45:19] [RealtimeInputValidationStage] finished in 0.0001 seconds
[09-20 06:45:19] [RealtimeTextEncodingStage] started...
[09-20 06:45:19] [RealtimeTextEncodingStage] finished in 0.0000 seconds
[09-20 06:45:19] [AuxiliaryConditionEncodingStage] started...
[09-20 06:45:19] [AuxiliaryConditionEncodingStage] finished in 0.0019 seconds
[09-20 06:45:19] [RealtimeImageVAEEncodingStage] started...
[09-20 06:45:19] [RealtimeImageVAEEncodingStage] finished in 0.0000 seconds
[09-20 06:45:19] [DMDTimestepPreparationStage] started...
[09-20 06:45:19] [DMDTimestepPreparationStage] finished in 0.0002 seconds
[09-20 06:45:19] [RealtimeChunkLatentPreparationStage] started...
[09-20 06:45:19] [RealtimeChunkLatentPreparationStage] finished in 0.0001 seconds
[09-20 06:45:19] [LingBotWorldCausalDMDDenoisingStage] started...
[09-20 06:45:19] realtime chunk timing: session_id=dba7a2850cfd4431b88aa1b46e7688a7 request_id=dba7a2850cfd4431b88aa1b46e7688a7_56bf3685ebbd4a88b0bd1d16d1519046 chunk_idx=0 event_id=None condition_kinds=['camera_actions'] request_prepare=2.05ms scheduler_forward=12100.02ms output_pace=0.00ms header_pack=0.02ms header_write=0.06ms raw_payload_build=2.69ms raw_write=5.01ms ws_write=5.07ms chunk_total=12111.22ms batches=1 frames=9 frame_shape=(480, 832, 3) raw_bytes=10782720 ws_payload_bytes=10783051 content_type=application/x-raw-rgb
[09-20 06:45:20] [LingBotWorldCausalDMDDenoisingStage] finished in 1.5190 seconds
[09-20 06:45:20] [CausalVaeDecodingStage] started...
[09-20 06:45:21] [CausalVaeDecodingStage] finished in 0.3491 seconds
[09-20 06:45:21] realtime raw RGB frame batch timing: request_id=dba7a2850cfd4431b88aa1b46e7688a7_4b4fdde234e04c4ab561b6ca1863cfa7 chunk_idx=1 sample_to_frames=1.29ms frames_to_bytes=1.96ms total=3.28ms batches=1 frames=12 frame_shape=(480, 832, 3) raw_bytes=14376960 content_type=application/x-raw-rgb
[09-20 06:45:21] Pixel data generated successfully in [92m1.90[0;0m seconds
[09-20 06:45:21] Peak memory usage: 82744.00 MB
[09-20 06:45:21] realtime chunk timing: session_id=dba7a2850cfd4431b88aa1b46e7688a7 request_id=dba7a2850cfd4431b88aa1b46e7688a7_4b4fdde234e04c4ab561b6ca1863cfa7 chunk_idx=1 event_id=None condition_kinds=['camera_actions'] request_prepare=0.53ms scheduler_forward=1902.75ms output_pace=0.00ms header_pack=0.02ms header_write=0.03ms raw_payload_build=3.69ms raw_write=3.47ms ws_write=3.50ms chunk_total=1910.71ms batches=1 frames=12 frame_shape=(480, 832, 3) raw_bytes=14376960 ws_payload_bytes=14377291 content_type=application/x-raw-rgb
[09-20 06:45:21] generation reached max chunks, session_id=dba7a2850cfd4431b88aa1b46e7688a7, max_chunks=2
[09-20 06:45:21] terminating session, session_id=dba7a2850cfd4431b88aa1b46e7688a7
[09-20 06:45:21] Realtime session release: session_id=dba7a2850cfd4431b88aa1b46e7688a7 released=True
[2026-09-20 06:45:22] [32mINFO[0m:     127.0.0.1:48372 - "WebSocket /v1/realtime_video/generate" [accepted]
[2026-09-20 06:45:22] [32mINFO[0m:     connection open
[09-20 06:45:22] Adjusting number of frames from 21 to 21 based on model
[09-20 06:45:22] Sampling params:
                       width: 832
                      height: 480
                  num_frames: 21
                         fps: 16
                      prompt: <redacted, len=62>
                  neg_prompt: None
                        seed: 42
                 infer_steps: 4
      num_outputs_per_prompt: 1
              guidance_scale: 1.0
     embedded_guidance_scale: 6.0
                    n_tokens: None
                  flow_shift: 5.0
                  image_path: inputs/uploads/8501397616a249c79b4cd931b7a978f9_first_frame
                 save_output: False
            output_file_path: outputs/8501397616a249c79b4cd931b7a978f9_f8aff7a3a75b443bbfe72b7f1368a07c.mp4
        
[09-20 06:45:22] Running pipeline stages: ['RealtimeInputValidationStage', 'RealtimeTextEncodingStage', 'AuxiliaryConditionEncodingStage', 'RealtimeImageVAEEncodingStage', 'DMDTimestepPreparationStage', 'RealtimeChunkLatentPreparationStage', 'LingBotWorldCausalDMDDenoisingStage', 'CausalVaeDecodingStage']
[09-20 06:45:22] [RealtimeInputValidationStage] started...
[09-20 06:45:22] [RealtimeInputValidationStage] finished in 0.0387 seconds
[09-20 06:45:22] [RealtimeTextEncodingStage] started...
[09-20 06:45:22] [RealtimeTextEncodingStage] finished in 0.2366 seconds
[09-20 06:45:22] [AuxiliaryConditionEncodingStage] started...
[09-20 06:45:22] [AuxiliaryConditionEncodingStage] finished in 0.0017 seconds
[09-20 06:45:22] [RealtimeImageVAEEncodingStage] started...
[09-20 06:45:23] [RealtimeImageVAEEncodingStage] finished in 0.3777 seconds
[09-20 06:45:23] [DMDTimestepPreparationStage] started...
[09-20 06:45:23] [DMDTimestepPreparationStage] finished in 0.0002 seconds
[09-20 06:45:23] [RealtimeChunkLatentPreparationStage] started...
[09-20 06:45:23] [RealtimeChunkLatentPreparationStage] finished in 0.0001 seconds
[09-20 06:45:23] [LingBotWorldCausalDMDDenoisingStage] started...
[09-20 06:45:24] [LingBotWorldCausalDMDDenoisingStage] finished in 1.4105 seconds
[09-20 06:45:24] [CausalVaeDecodingStage] started...
[09-20 06:45:24] [CausalVaeDecodingStage] finished in 0.2708 seconds
[09-20 06:45:24] realtime raw RGB frame batch timing: request_id=8501397616a249c79b4cd931b7a978f9_f8aff7a3a75b443bbfe72b7f1368a07c chunk_idx=0 sample_to_frames=1.82ms frames_to_bytes=3.84ms total=5.68ms batches=1 frames=9 frame_shape=(480, 832, 3) raw_bytes=10782720 content_type=application/x-raw-rgb
[09-20 06:45:24] Pixel data generated successfully in [92m2.58[0;0m seconds
[09-20 06:45:24] Peak memory usage: 82744.00 MB
[09-20 06:45:24] Adjusting number of frames from 21 to 21 based on model
[09-20 06:45:24] Sampling params:
                       width: 832
                      height: 480
                  num_frames: 21
                         fps: 16
                      prompt: <redacted, len=62>
                  neg_prompt: None
                        seed: 42
                 infer_steps: 4
      num_outputs_per_prompt: 1
              guidance_scale: 1.0
     embedded_guidance_scale: 6.0
                    n_tokens: None
                  flow_shift: 5.0
                  image_path: inputs/uploads/8501397616a249c79b4cd931b7a978f9_first_frame
                 save_output: False
            output_file_path: outputs/8501397616a249c79b4cd931b7a978f9_9cf792aace5344f39918ab5030d5a257.mp4
        
[09-20 06:45:24] Running pipeline stages: ['RealtimeInputValidationStage', 'RealtimeTextEncodingStage', 'AuxiliaryConditionEncodingStage', 'RealtimeImageVAEEncodingStage', 'DMDTimestepPreparationStage', 'RealtimeChunkLatentPreparationStage', 'LingBotWorldCausalDMDDenoisingStage', 'CausalVaeDecodingStage']
[09-20 06:45:24] [RealtimeInputValidationStage] started...
[09-20 06:45:24] [RealtimeInputValidationStage] finished in 0.0001 seconds
[09-20 06:45:24] [RealtimeTextEncodingStage] started...
[09-20 06:45:24] [RealtimeTextEncodingStage] finished in 0.0000 seconds
[09-20 06:45:24] [AuxiliaryConditionEncodingStage] started...
[09-20 06:45:24] [AuxiliaryConditionEncodingStage] finished in 0.0017 seconds
[09-20 06:45:24] [RealtimeImageVAEEncodingStage] started...
[09-20 06:45:24] [RealtimeImageVAEEncodingStage] finished in 0.0000 seconds
[09-20 06:45:24] [DMDTimestepPreparationStage] started...
[09-20 06:45:24] [DMDTimestepPreparationStage] finished in 0.0002 seconds
[09-20 06:45:24] [RealtimeChunkLatentPreparationStage] started...
[09-20 06:45:24] [RealtimeChunkLatentPreparationStage] finished in 0.0001 seconds
[09-20 06:45:24] [LingBotWorldCausalDMDDenoisingStage] started...
[09-20 06:45:24] realtime chunk timing: session_id=8501397616a249c79b4cd931b7a978f9 request_id=8501397616a249c79b4cd931b7a978f9_f8aff7a3a75b443bbfe72b7f1368a07c chunk_idx=0 event_id=None condition_kinds=['camera_actions'] request_prepare=0.51ms scheduler_forward=2580.72ms output_pace=0.00ms header_pack=0.01ms header_write=0.03ms raw_payload_build=1.07ms raw_write=4.89ms ws_write=4.93ms chunk_total=2588.10ms batches=1 frames=9 frame_shape=(480, 832, 3) raw_bytes=10782720 ws_payload_bytes=10783051 content_type=application/x-raw-rgb
[09-20 06:45:26] [LingBotWorldCausalDMDDenoisingStage] finished in 1.5362 seconds
[09-20 06:45:26] [CausalVaeDecodingStage] started...
[09-20 06:45:26] [CausalVaeDecodingStage] finished in 0.3476 seconds
[09-20 06:45:26] realtime raw RGB frame batch timing: request_id=8501397616a249c79b4cd931b7a978f9_9cf792aace5344f39918ab5030d5a257 chunk_idx=1 sample_to_frames=1.28ms frames_to_bytes=2.05ms total=3.36ms batches=1 frames=12 frame_shape=(480, 832, 3) raw_bytes=14376960 content_type=application/x-raw-rgb
[09-20 06:45:26] Pixel data generated successfully in [92m1.91[0;0m seconds
[09-20 06:45:26] Peak memory usage: 82744.00 MB
[09-20 06:45:26] Adjusting number of frames from 21 to 21 based on model
[09-20 06:45:26] Sampling params:
                       width: 832
                      height: 480
                  num_frames: 21
                         fps: 16
                      prompt: <redacted, len=62>
                  neg_prompt: None
                        seed: 42
                 infer_steps: 4
      num_outputs_per_prompt: 1
              guidance_scale: 1.0
     embedded_guidance_scale: 6.0
                    n_tokens: None
                  flow_shift: 5.0
                  image_path: inputs/uploads/8501397616a249c79b4cd931b7a978f9_first_frame
                 save_output: False
            output_file_path: outputs/8501397616a249c79b4cd931b7a978f9_132fa459b3784188ac3e37adc687389b.mp4
        
[09-20 06:45:26] Running pipeline stages: ['RealtimeInputValidationStage', 'RealtimeTextEncodingStage', 'AuxiliaryConditionEncodingStage', 'RealtimeImageVAEEncodingStage', 'DMDTimestepPreparationStage', 'RealtimeChunkLatentPreparationStage', 'LingBotWorldCausalDMDDenoisingStage', 'CausalVaeDecodingStage']
[09-20 06:45:26] [RealtimeInputValidationStage] started...
[09-20 06:45:26] [RealtimeInputValidationStage] finished in 0.0001 seconds
[09-20 06:45:26] [RealtimeTextEncodingStage] started...
[09-20 06:45:26] [RealtimeTextEncodingStage] finished in 0.0000 seconds
[09-20 06:45:26] [AuxiliaryConditionEncodingStage] started...
[09-20 06:45:26] [AuxiliaryConditionEncodingStage] finished in 0.0018 seconds
[09-20 06:45:26] [RealtimeImageVAEEncodingStage] started...
[09-20 06:45:26] [RealtimeImageVAEEncodingStage] finished in 0.0000 seconds
[09-20 06:45:26] [DMDTimestepPreparationStage] started...
[09-20 06:45:26] [DMDTimestepPreparationStage] finished in 0.0002 seconds
[09-20 06:45:26] [RealtimeChunkLatentPreparationStage] started...
[09-20 06:45:26] [RealtimeChunkLatentPreparationStage] finished in 0.0001 seconds
[09-20 06:45:26] [LingBotWorldCausalDMDDenoisingStage] started...
[09-20 06:45:26] realtime chunk timing: session_id=8501397616a249c79b4cd931b7a978f9 request_id=8501397616a249c79b4cd931b7a978f9_9cf792aace5344f39918ab5030d5a257 chunk_idx=1 event_id=None condition_kinds=['camera_actions'] request_prepare=0.46ms scheduler_forward=1912.24ms output_pace=0.00ms header_pack=0.01ms header_write=0.03ms raw_payload_build=1.60ms raw_write=5.87ms ws_write=5.90ms chunk_total=1921.09ms batches=1 frames=12 frame_shape=(480, 832, 3) raw_bytes=14376960 ws_payload_bytes=14377291 content_type=application/x-raw-rgb
[09-20 06:45:28] [LingBotWorldCausalDMDDenoisingStage] finished in 1.6733 seconds
[09-20 06:45:28] [CausalVaeDecodingStage] started...
[09-20 06:45:28] [CausalVaeDecodingStage] finished in 0.3477 seconds
[09-20 06:45:28] realtime raw RGB frame batch timing: request_id=8501397616a249c79b4cd931b7a978f9_132fa459b3784188ac3e37adc687389b chunk_idx=2 sample_to_frames=1.29ms frames_to_bytes=2.07ms total=3.41ms batches=1 frames=12 frame_shape=(480, 832, 3) raw_bytes=14376960 content_type=application/x-raw-rgb
[09-20 06:45:28] Pixel data generated successfully in [92m2.05[0;0m seconds
[09-20 06:45:28] Peak memory usage: 82744.00 MB
[09-20 06:45:28] Adjusting number of frames from 21 to 21 based on model
[09-20 06:45:28] Sampling params:
                       width: 832
                      height: 480
                  num_frames: 21
                         fps: 16
                      prompt: <redacted, len=62>
                  neg_prompt: None
                        seed: 42
                 infer_steps: 4
      num_outputs_per_prompt: 1
              guidance_scale: 1.0
     embedded_guidance_scale: 6.0
                    n_tokens: None
                  flow_shift: 5.0
                  image_path: inputs/uploads/8501397616a249c79b4cd931b7a978f9_first_frame
                 save_output: False
            output_file_path: outputs/8501397616a249c79b4cd931b7a978f9_159431bc3a2347028de4163cfd635404.mp4
        
[09-20 06:45:28] Running pipeline stages: ['RealtimeInputValidationStage', 'RealtimeTextEncodingStage', 'AuxiliaryConditionEncodingStage', 'RealtimeImageVAEEncodingStage', 'DMDTimestepPreparationStage', 'RealtimeChunkLatentPreparationStage', 'LingBotWorldCausalDMDDenoisingStage', 'CausalVaeDecodingStage']
[09-20 06:45:28] [RealtimeInputValidationStage] started...
[09-20 06:45:28] [RealtimeInputValidationStage] finished in 0.0001 seconds
[09-20 06:45:28] [RealtimeTextEncodingStage] started...
[09-20 06:45:28] [RealtimeTextEncodingStage] finished in 0.0000 seconds
[09-20 06:45:28] [AuxiliaryConditionEncodingStage] started...
[09-20 06:45:28] [AuxiliaryConditionEncodingStage] finished in 0.0022 seconds
[09-20 06:45:28] [RealtimeImageVAEEncodingStage] started...
[09-20 06:45:28] [RealtimeImageVAEEncodingStage] finished in 0.0000 seconds
[09-20 06:45:28] [DMDTimestepPreparationStage] started...
[09-20 06:45:28] [DMDTimestepPreparationStage] finished in 0.0002 seconds
[09-20 06:45:28] [RealtimeChunkLatentPreparationStage] started...
[09-20 06:45:28] [RealtimeChunkLatentPreparationStage] finished in 0.0001 seconds
[09-20 06:45:28] [LingBotWorldCausalDMDDenoisingStage] started...
[09-20 06:45:28] realtime chunk timing: session_id=8501397616a249c79b4cd931b7a978f9 request_id=8501397616a249c79b4cd931b7a978f9_132fa459b3784188ac3e37adc687389b chunk_idx=2 event_id=None condition_kinds=['camera_actions'] request_prepare=0.47ms scheduler_forward=2049.54ms output_pace=0.00ms header_pack=0.01ms header_write=0.04ms raw_payload_build=1.53ms raw_write=5.06ms ws_write=5.10ms chunk_total=2057.51ms batches=1 frames=12 frame_shape=(480, 832, 3) raw_bytes=14376960 ws_payload_bytes=14377291 content_type=application/x-raw-rgb
[09-20 06:45:30] [LingBotWorldCausalDMDDenoisingStage] finished in 1.8168 seconds
[09-20 06:45:30] [CausalVaeDecodingStage] started...
[09-20 06:45:30] [CausalVaeDecodingStage] finished in 0.3476 seconds
[09-20 06:45:30] realtime raw RGB frame batch timing: request_id=8501397616a249c79b4cd931b7a978f9_159431bc3a2347028de4163cfd635404 chunk_idx=3 sample_to_frames=1.28ms frames_to_bytes=2.04ms total=3.34ms batches=1 frames=12 frame_shape=(480, 832, 3) raw_bytes=14376960 content_type=application/x-raw-rgb
[09-20 06:45:30] Pixel data generated successfully in [92m2.19[0;0m seconds
[09-20 06:45:30] Peak memory usage: 82744.00 MB
[09-20 06:45:30] Adjusting number of frames from 21 to 21 based on model
[09-20 06:45:30] Sampling params:
                       width: 832
                      height: 480
                  num_frames: 21
                         fps: 16
                      prompt: <redacted, len=62>
                  neg_prompt: None
                        seed: 42
                 infer_steps: 4
      num_outputs_per_prompt: 1
              guidance_scale: 1.0
     embedded_guidance_scale: 6.0
                    n_tokens: None
                  flow_shift: 5.0
                  image_path: inputs/uploads/8501397616a249c79b4cd931b7a978f9_first_frame
                 save_output: False
            output_file_path: outputs/8501397616a249c79b4cd931b7a978f9_8ac6c4fd4d454ceb990ef33d0646af85.mp4
        
[09-20 06:45:30] Running pipeline stages: ['RealtimeInputValidationStage', 'RealtimeTextEncodingStage', 'AuxiliaryConditionEncodingStage', 'RealtimeImageVAEEncodingStage', 'DMDTimestepPreparationStage', 'RealtimeChunkLatentPreparationStage', 'LingBotWorldCausalDMDDenoisingStage', 'CausalVaeDecodingStage']
[09-20 06:45:30] [RealtimeInputValidationStage] started...
[09-20 06:45:30] [RealtimeInputValidationStage] finished in 0.0001 seconds
[09-20 06:45:30] [RealtimeTextEncodingStage] started...
[09-20 06:45:30] [RealtimeTextEncodingStage] finished in 0.0000 seconds
[09-20 06:45:30] [AuxiliaryConditionEncodingStage] started...
[09-20 06:45:30] [AuxiliaryConditionEncodingStage] finished in 0.0020 seconds
[09-20 06:45:30] [RealtimeImageVAEEncodingStage] started...
[09-20 06:45:30] [RealtimeImageVAEEncodingStage] finished in 0.0000 seconds
[09-20 06:45:30] [DMDTimestepPreparationStage] started...
[09-20 06:45:30] [DMDTimestepPreparationStage] finished in 0.0002 seconds
[09-20 06:45:30] [RealtimeChunkLatentPreparationStage] started...
[09-20 06:45:30] [RealtimeChunkLatentPreparationStage] finished in 0.0001 seconds
[09-20 06:45:30] [LingBotWorldCausalDMDDenoisingStage] started...
[09-20 06:45:30] realtime chunk timing: session_id=8501397616a249c79b4cd931b7a978f9 request_id=8501397616a249c79b4cd931b7a978f9_159431bc3a2347028de4163cfd635404 chunk_idx=3 event_id=None condition_kinds=['camera_actions'] request_prepare=0.45ms scheduler_forward=2188.60ms output_pace=0.00ms header_pack=0.01ms header_write=0.03ms raw_payload_build=1.50ms raw_write=4.51ms ws_write=4.54ms chunk_total=2195.97ms batches=1 frames=12 frame_shape=(480, 832, 3) raw_bytes=14376960 ws_payload_bytes=14377291 content_type=application/x-raw-rgb
[09-20 06:45:32] [LingBotWorldCausalDMDDenoisingStage] finished in 1.9429 seconds
[09-20 06:45:32] [CausalVaeDecodingStage] started...
[09-20 06:45:33] [CausalVaeDecodingStage] finished in 0.3462 seconds
[09-20 06:45:33] realtime raw RGB frame batch timing: request_id=8501397616a249c79b4cd931b7a978f9_8ac6c4fd4d454ceb990ef33d0646af85 chunk_idx=4 sample_to_frames=1.27ms frames_to_bytes=2.03ms total=3.32ms batches=1 frames=12 frame_shape=(480, 832, 3) raw_bytes=14376960 content_type=application/x-raw-rgb
[09-20 06:45:33] Pixel data generated successfully in [92m2.31[0;0m seconds
[09-20 06:45:33] Peak memory usage: 82744.00 MB
[09-20 06:45:33] Adjusting number of frames from 21 to 21 based on model
[09-20 06:45:33] Sampling params:
                       width: 832
                      height: 480
                  num_frames: 21
                         fps: 16
                      prompt: <redacted, len=62>
                  neg_prompt: None
                        seed: 42
                 infer_steps: 4
      num_outputs_per_prompt: 1
              guidance_scale: 1.0
     embedded_guidance_scale: 6.0
                    n_tokens: None
                  flow_shift: 5.0
                  image_path: inputs/uploads/8501397616a249c79b4cd931b7a978f9_first_frame
                 save_output: False
            output_file_path: outputs/8501397616a249c79b4cd931b7a978f9_46ad100cd7944b7390e21424ea852f35.mp4
        
[09-20 06:45:33] Running pipeline stages: ['RealtimeInputValidationStage', 'RealtimeTextEncodingStage', 'AuxiliaryConditionEncodingStage', 'RealtimeImageVAEEncodingStage', 'DMDTimestepPreparationStage', 'RealtimeChunkLatentPreparationStage', 'LingBotWorldCausalDMDDenoisingStage', 'CausalVaeDecodingStage']
[09-20 06:45:33] [RealtimeInputValidationStage] started...
[09-20 06:45:33] [RealtimeInputValidationStage] finished in 0.0001 seconds
[09-20 06:45:33] [RealtimeTextEncodingStage] started...
[09-20 06:45:33] [RealtimeTextEncodingStage] finished in 0.0000 seconds
[09-20 06:45:33] [AuxiliaryConditionEncodingStage] started...
[09-20 06:45:33] [AuxiliaryConditionEncodingStage] finished in 0.0021 seconds
[09-20 06:45:33] [RealtimeImageVAEEncodingStage] started...
[09-20 06:45:33] [RealtimeImageVAEEncodingStage] finished in 0.0000 seconds
[09-20 06:45:33] [DMDTimestepPreparationStage] started...
[09-20 06:45:33] [DMDTimestepPreparationStage] finished in 0.0002 seconds
[09-20 06:45:33] [RealtimeChunkLatentPreparationStage] started...
[09-20 06:45:33] [RealtimeChunkLatentPreparationStage] finished in 0.0001 seconds
[09-20 06:45:33] [LingBotWorldCausalDMDDenoisingStage] started...
[09-20 06:45:33] realtime chunk timing: session_id=8501397616a249c79b4cd931b7a978f9 request_id=8501397616a249c79b4cd931b7a978f9_8ac6c4fd4d454ceb990ef33d0646af85 chunk_idx=4 event_id=None condition_kinds=['camera_actions'] request_prepare=0.47ms scheduler_forward=2312.22ms output_pace=0.00ms header_pack=0.01ms header_write=0.03ms raw_payload_build=1.47ms raw_write=5.06ms ws_write=5.09ms chunk_total=2320.13ms batches=1 frames=12 frame_shape=(480, 832, 3) raw_bytes=14376960 ws_payload_bytes=14377291 content_type=application/x-raw-rgb
[09-20 06:45:35] [LingBotWorldCausalDMDDenoisingStage] finished in 2.0779 seconds
[09-20 06:45:35] [CausalVaeDecodingStage] started...
[09-20 06:45:35] [CausalVaeDecodingStage] finished in 0.3469 seconds
[09-20 06:45:35] realtime raw RGB frame batch timing: request_id=8501397616a249c79b4cd931b7a978f9_46ad100cd7944b7390e21424ea852f35 chunk_idx=5 sample_to_frames=2.22ms frames_to_bytes=3.74ms total=5.99ms batches=1 frames=12 frame_shape=(480, 832, 3) raw_bytes=14376960 content_type=application/x-raw-rgb
[09-20 06:45:35] Pixel data generated successfully in [92m2.45[0;0m seconds
[09-20 06:45:35] Peak memory usage: 82744.00 MB
[09-20 06:45:35] Adjusting number of frames from 21 to 21 based on model
[09-20 06:45:35] Sampling params:
                       width: 832
                      height: 480
                  num_frames: 21
                         fps: 16
                      prompt: <redacted, len=62>
                  neg_prompt: None
                        seed: 42
                 infer_steps: 4
      num_outputs_per_prompt: 1
              guidance_scale: 1.0
     embedded_guidance_scale: 6.0
                    n_tokens: None
                  flow_shift: 5.0
                  image_path: inputs/uploads/8501397616a249c79b4cd931b7a978f9_first_frame
                 save_output: False
            output_file_path: outputs/8501397616a249c79b4cd931b7a978f9_d8a28d7f149f4890a4e700c0c3bc86b6.mp4
        
[09-20 06:45:35] Running pipeline stages: ['RealtimeInputValidationStage', 'RealtimeTextEncodingStage', 'AuxiliaryConditionEncodingStage', 'RealtimeImageVAEEncodingStage', 'DMDTimestepPreparationStage', 'RealtimeChunkLatentPreparationStage', 'LingBotWorldCausalDMDDenoisingStage', 'CausalVaeDecodingStage']
[09-20 06:45:35] [RealtimeInputValidationStage] started...
[09-20 06:45:35] [RealtimeInputValidationStage] finished in 0.0001 seconds
[09-20 06:45:35] [RealtimeTextEncodingStage] started...
[09-20 06:45:35] [RealtimeTextEncodingStage] finished in 0.0001 seconds
[09-20 06:45:35] [AuxiliaryConditionEncodingStage] started...
[09-20 06:45:35] [AuxiliaryConditionEncodingStage] finished in 0.0021 seconds
[09-20 06:45:35] [RealtimeImageVAEEncodingStage] started...
[09-20 06:45:35] [RealtimeImageVAEEncodingStage] finished in 0.0000 seconds
[09-20 06:45:35] [DMDTimestepPreparationStage] started...
[09-20 06:45:35] [DMDTimestepPreparationStage] finished in 0.0002 seconds
[09-20 06:45:35] [RealtimeChunkLatentPreparationStage] started...
[09-20 06:45:35] [RealtimeChunkLatentPreparationStage] finished in 0.0001 seconds
[09-20 06:45:35] [LingBotWorldCausalDMDDenoisingStage] started...
[09-20 06:45:35] realtime chunk timing: session_id=8501397616a249c79b4cd931b7a978f9 request_id=8501397616a249c79b4cd931b7a978f9_46ad100cd7944b7390e21424ea852f35 chunk_idx=5 event_id=None condition_kinds=['camera_actions'] request_prepare=0.45ms scheduler_forward=2454.35ms output_pace=0.00ms header_pack=0.01ms header_write=0.03ms raw_payload_build=1.48ms raw_write=4.63ms ws_write=4.66ms chunk_total=2461.83ms batches=1 frames=12 frame_shape=(480, 832, 3) raw_bytes=14376960 ws_payload_bytes=14377291 content_type=application/x-raw-rgb
[09-20 06:45:37] [LingBotWorldCausalDMDDenoisingStage] finished in 2.0934 seconds
[09-20 06:45:37] [CausalVaeDecodingStage] started...
[09-20 06:45:38] [CausalVaeDecodingStage] finished in 0.3474 seconds
[09-20 06:45:38] realtime raw RGB frame batch timing: request_id=8501397616a249c79b4cd931b7a978f9_d8a28d7f149f4890a4e700c0c3bc86b6 chunk_idx=6 sample_to_frames=1.28ms frames_to_bytes=2.07ms total=3.37ms batches=1 frames=12 frame_shape=(480, 832, 3) raw_bytes=14376960 content_type=application/x-raw-rgb
[09-20 06:45:38] Pixel data generated successfully in [92m2.47[0;0m seconds
[09-20 06:45:38] Peak memory usage: 82744.00 MB
[09-20 06:45:38] Adjusting number of frames from 21 to 21 based on model
[09-20 06:45:38] Sampling params:
                       width: 832
                      height: 480
                  num_frames: 21
                         fps: 16
                      prompt: <redacted, len=62>
                  neg_prompt: None
                        seed: 42
                 infer_steps: 4
      num_outputs_per_prompt: 1
              guidance_scale: 1.0
     embedded_guidance_scale: 6.0
                    n_tokens: None
                  flow_shift: 5.0
                  image_path: inputs/uploads/8501397616a249c79b4cd931b7a978f9_first_frame
                 save_output: False
            output_file_path: outputs/8501397616a249c79b4cd931b7a978f9_89c9495978364e21a59f545da11e7a5b.mp4
        
[09-20 06:45:38] Running pipeline stages: ['RealtimeInputValidationStage', 'RealtimeTextEncodingStage', 'AuxiliaryConditionEncodingStage', 'RealtimeImageVAEEncodingStage', 'DMDTimestepPreparationStage', 'RealtimeChunkLatentPreparationStage', 'LingBotWorldCausalDMDDenoisingStage', 'CausalVaeDecodingStage']
[09-20 06:45:38] [RealtimeInputValidationStage] started...
[09-20 06:45:38] [RealtimeInputValidationStage] finished in 0.0001 seconds
[09-20 06:45:38] [RealtimeTextEncodingStage] started...
[09-20 06:45:38] [RealtimeTextEncodingStage] finished in 0.0000 seconds
[09-20 06:45:38] [AuxiliaryConditionEncodingStage] started...
[09-20 06:45:38] [AuxiliaryConditionEncodingStage] finished in 0.0023 seconds
[09-20 06:45:38] [RealtimeImageVAEEncodingStage] started...
[09-20 06:45:38] [RealtimeImageVAEEncodingStage] finished in 0.0000 seconds
[09-20 06:45:38] [DMDTimestepPreparationStage] started...
[09-20 06:45:38] [DMDTimestepPreparationStage] finished in 0.0002 seconds
[09-20 06:45:38] [RealtimeChunkLatentPreparationStage] started...
[09-20 06:45:38] [RealtimeChunkLatentPreparationStage] finished in 0.0001 seconds
[09-20 06:45:38] realtime chunk timing: session_id=8501397616a249c79b4cd931b7a978f9 request_id=8501397616a249c79b4cd931b7a978f9_d8a28d7f149f4890a4e700c0c3bc86b6 chunk_idx=6 event_id=None condition_kinds=['camera_actions'] request_prepare=0.45ms scheduler_forward=2469.27ms output_pace=0.00ms header_pack=0.01ms header_write=0.03ms raw_payload_build=1.53ms raw_write=4.60ms ws_write=4.64ms chunk_total=2476.78ms batches=1 frames=12 frame_shape=(480, 832, 3) raw_bytes=14376960 ws_payload_bytes=14377291 content_type=application/x-raw-rgb
[09-20 06:45:38] [LingBotWorldCausalDMDDenoisingStage] started...
[09-20 06:45:40] [LingBotWorldCausalDMDDenoisingStage] finished in 2.0973 seconds
[09-20 06:45:40] [CausalVaeDecodingStage] started...
[09-20 06:45:40] [CausalVaeDecodingStage] finished in 0.3469 seconds
[09-20 06:45:40] realtime raw RGB frame batch timing: request_id=8501397616a249c79b4cd931b7a978f9_89c9495978364e21a59f545da11e7a5b chunk_idx=7 sample_to_frames=1.26ms frames_to_bytes=2.07ms total=3.36ms batches=1 frames=12 frame_shape=(480, 832, 3) raw_bytes=14376960 content_type=application/x-raw-rgb
[09-20 06:45:40] Pixel data generated successfully in [92m2.47[0;0m seconds
[09-20 06:45:40] Peak memory usage: 82744.00 MB
[09-20 06:45:40] Adjusting number of frames from 21 to 21 based on model
[09-20 06:45:40] Sampling params:
                       width: 832
                      height: 480
                  num_frames: 21
                         fps: 16
                      prompt: <redacted, len=62>
                  neg_prompt: None
                        seed: 42
                 infer_steps: 4
      num_outputs_per_prompt: 1
              guidance_scale: 1.0
     embedded_guidance_scale: 6.0
                    n_tokens: None
                  flow_shift: 5.0
                  image_path: inputs/uploads/8501397616a249c79b4cd931b7a978f9_first_frame
                 save_output: False
            output_file_path: outputs/8501397616a249c79b4cd931b7a978f9_e0d5f3c28a694f3da3d75e23e36328ae.mp4
        
[09-20 06:45:40] Running pipeline stages: ['RealtimeInputValidationStage', 'RealtimeTextEncodingStage', 'AuxiliaryConditionEncodingStage', 'RealtimeImageVAEEncodingStage', 'DMDTimestepPreparationStage', 'RealtimeChunkLatentPreparationStage', 'LingBotWorldCausalDMDDenoisingStage', 'CausalVaeDecodingStage']
[09-20 06:45:40] [RealtimeInputValidationStage] started...
[09-20 06:45:40] [RealtimeInputValidationStage] finished in 0.0001 seconds
[09-20 06:45:40] [RealtimeTextEncodingStage] started...
[09-20 06:45:40] [RealtimeTextEncodingStage] finished in 0.0000 seconds
[09-20 06:45:40] [AuxiliaryConditionEncodingStage] started...
[09-20 06:45:40] [AuxiliaryConditionEncodingStage] finished in 0.0023 seconds
[09-20 06:45:40] [RealtimeImageVAEEncodingStage] started...
[09-20 06:45:40] [RealtimeImageVAEEncodingStage] finished in 0.0000 seconds
[09-20 06:45:40] [DMDTimestepPreparationStage] started...
[09-20 06:45:40] [DMDTimestepPreparationStage] finished in 0.0002 seconds
[09-20 06:45:40] [RealtimeChunkLatentPreparationStage] started...
[09-20 06:45:40] [RealtimeChunkLatentPreparationStage] finished in 0.0001 seconds
[09-20 06:45:40] [LingBotWorldCausalDMDDenoisingStage] started...
[09-20 06:45:40] realtime chunk timing: session_id=8501397616a249c79b4cd931b7a978f9 request_id=8501397616a249c79b4cd931b7a978f9_89c9495978364e21a59f545da11e7a5b chunk_idx=7 event_id=None condition_kinds=['camera_actions'] request_prepare=0.47ms scheduler_forward=2470.67ms output_pace=0.00ms header_pack=0.01ms header_write=0.03ms raw_payload_build=1.47ms raw_write=4.54ms ws_write=4.57ms chunk_total=2478.05ms batches=1 frames=12 frame_shape=(480, 832, 3) raw_bytes=14376960 ws_payload_bytes=14377291 content_type=application/x-raw-rgb
[09-20 06:45:42] [LingBotWorldCausalDMDDenoisingStage] finished in 2.0895 seconds
[09-20 06:45:42] [CausalVaeDecodingStage] started...
[09-20 06:45:43] [CausalVaeDecodingStage] finished in 0.3472 seconds
[09-20 06:45:43] realtime raw RGB frame batch timing: request_id=8501397616a249c79b4cd931b7a978f9_e0d5f3c28a694f3da3d75e23e36328ae chunk_idx=8 sample_to_frames=1.25ms frames_to_bytes=2.06ms total=3.33ms batches=1 frames=12 frame_shape=(480, 832, 3) raw_bytes=14376960 content_type=application/x-raw-rgb
[09-20 06:45:43] Pixel data generated successfully in [92m2.46[0;0m seconds
[09-20 06:45:43] Peak memory usage: 82744.00 MB
[09-20 06:45:43] Adjusting number of frames from 21 to 21 based on model
[09-20 06:45:43] Sampling params:
                       width: 832
                      height: 480
                  num_frames: 21
                         fps: 16
                      prompt: <redacted, len=62>
                  neg_prompt: None
                        seed: 42
                 infer_steps: 4
      num_outputs_per_prompt: 1
              guidance_scale: 1.0
     embedded_guidance_scale: 6.0
                    n_tokens: None
                  flow_shift: 5.0
                  image_path: inputs/uploads/8501397616a249c79b4cd931b7a978f9_first_frame
                 save_output: False
            output_file_path: outputs/8501397616a249c79b4cd931b7a978f9_31b380e3750d4f77b281c4c0d9ff0f53.mp4
        
[09-20 06:45:43] Running pipeline stages: ['RealtimeInputValidationStage', 'RealtimeTextEncodingStage', 'AuxiliaryConditionEncodingStage', 'RealtimeImageVAEEncodingStage', 'DMDTimestepPreparationStage', 'RealtimeChunkLatentPreparationStage', 'LingBotWorldCausalDMDDenoisingStage', 'CausalVaeDecodingStage']
[09-20 06:45:43] [RealtimeInputValidationStage] started...
[09-20 06:45:43] [RealtimeInputValidationStage] finished in 0.0001 seconds
[09-20 06:45:43] [RealtimeTextEncodingStage] started...
[09-20 06:45:43] [RealtimeTextEncodingStage] finished in 0.0000 seconds
[09-20 06:45:43] [AuxiliaryConditionEncodingStage] started...
[09-20 06:45:43] [AuxiliaryConditionEncodingStage] finished in 0.0023 seconds
[09-20 06:45:43] [RealtimeImageVAEEncodingStage] started...
[09-20 06:45:43] [RealtimeImageVAEEncodingStage] finished in 0.0000 seconds
[09-20 06:45:43] [DMDTimestepPreparationStage] started...
[09-20 06:45:43] [DMDTimestepPreparationStage] finished in 0.0002 seconds
[09-20 06:45:43] [RealtimeChunkLatentPreparationStage] started...
[09-20 06:45:43] [RealtimeChunkLatentPreparationStage] finished in 0.0001 seconds
[09-20 06:45:43] [LingBotWorldCausalDMDDenoisingStage] started...
[09-20 06:45:43] realtime chunk timing: session_id=8501397616a249c79b4cd931b7a978f9 request_id=8501397616a249c79b4cd931b7a978f9_e0d5f3c28a694f3da3d75e23e36328ae chunk_idx=8 event_id=None condition_kinds=['camera_actions'] request_prepare=0.46ms scheduler_forward=2460.78ms output_pace=0.00ms header_pack=0.01ms header_write=0.03ms raw_payload_build=1.48ms raw_write=4.50ms ws_write=4.53ms chunk_total=2468.11ms batches=1 frames=12 frame_shape=(480, 832, 3) raw_bytes=14376960 ws_payload_bytes=14377291 content_type=application/x-raw-rgb
[09-20 06:45:45] [LingBotWorldCausalDMDDenoisingStage] finished in 2.0902 seconds
[09-20 06:45:45] [CausalVaeDecodingStage] started...
[09-20 06:45:45] [CausalVaeDecodingStage] finished in 0.3478 seconds
[09-20 06:45:45] realtime raw RGB frame batch timing: request_id=8501397616a249c79b4cd931b7a978f9_31b380e3750d4f77b281c4c0d9ff0f53 chunk_idx=9 sample_to_frames=2.25ms frames_to_bytes=3.37ms total=5.65ms batches=1 frames=12 frame_shape=(480, 832, 3) raw_bytes=14376960 content_type=application/x-raw-rgb
[09-20 06:45:45] Pixel data generated successfully in [92m2.47[0;0m seconds
[09-20 06:45:45] Peak memory usage: 82744.00 MB
[09-20 06:45:45] Adjusting number of frames from 21 to 21 based on model
[09-20 06:45:45] Sampling params:
                       width: 832
                      height: 480
                  num_frames: 21
                         fps: 16
                      prompt: <redacted, len=62>
                  neg_prompt: None
                        seed: 42
                 infer_steps: 4
      num_outputs_per_prompt: 1
              guidance_scale: 1.0
     embedded_guidance_scale: 6.0
                    n_tokens: None
                  flow_shift: 5.0
                  image_path: inputs/uploads/8501397616a249c79b4cd931b7a978f9_first_frame
                 save_output: False
            output_file_path: outputs/8501397616a249c79b4cd931b7a978f9_0266c0ffd83541c7a1527ed4fb1418e9.mp4
        
[09-20 06:45:45] Running pipeline stages: ['RealtimeInputValidationStage', 'RealtimeTextEncodingStage', 'AuxiliaryConditionEncodingStage', 'RealtimeImageVAEEncodingStage', 'DMDTimestepPreparationStage', 'RealtimeChunkLatentPreparationStage', 'LingBotWorldCausalDMDDenoisingStage', 'CausalVaeDecodingStage']
[09-20 06:45:45] [RealtimeInputValidationStage] started...
[09-20 06:45:45] [RealtimeInputValidationStage] finished in 0.0001 seconds
[09-20 06:45:45] [RealtimeTextEncodingStage] started...
[09-20 06:45:45] [RealtimeTextEncodingStage] finished in 0.0000 seconds
[09-20 06:45:45] [AuxiliaryConditionEncodingStage] started...
[09-20 06:45:45] [AuxiliaryConditionEncodingStage] finished in 0.0024 seconds
[09-20 06:45:45] [RealtimeImageVAEEncodingStage] started...
[09-20 06:45:45] [RealtimeImageVAEEncodingStage] finished in 0.0000 seconds
[09-20 06:45:45] [DMDTimestepPreparationStage] started...
[09-20 06:45:45] [DMDTimestepPreparationStage] finished in 0.0002 seconds
[09-20 06:45:45] [RealtimeChunkLatentPreparationStage] started...
[09-20 06:45:45] [RealtimeChunkLatentPreparationStage] finished in 0.0001 seconds
[09-20 06:45:45] [LingBotWorldCausalDMDDenoisingStage] started...
[09-20 06:45:45] realtime chunk timing: session_id=8501397616a249c79b4cd931b7a978f9 request_id=8501397616a249c79b4cd931b7a978f9_31b380e3750d4f77b281c4c0d9ff0f53 chunk_idx=9 event_id=None condition_kinds=['camera_actions'] request_prepare=0.46ms scheduler_forward=2470.60ms output_pace=0.00ms header_pack=0.01ms header_write=0.03ms raw_payload_build=1.48ms raw_write=5.05ms ws_write=5.08ms chunk_total=2478.52ms batches=1 frames=12 frame_shape=(480, 832, 3) raw_bytes=14376960 ws_payload_bytes=14377291 content_type=application/x-raw-rgb
[09-20 06:45:47] [LingBotWorldCausalDMDDenoisingStage] finished in 2.0944 seconds
[09-20 06:45:47] [CausalVaeDecodingStage] started...
[09-20 06:45:48] [CausalVaeDecodingStage] finished in 0.3464 seconds
[09-20 06:45:48] realtime raw RGB frame batch timing: request_id=8501397616a249c79b4cd931b7a978f9_0266c0ffd83541c7a1527ed4fb1418e9 chunk_idx=10 sample_to_frames=1.30ms frames_to_bytes=2.05ms total=3.39ms batches=1 frames=12 frame_shape=(480, 832, 3) raw_bytes=14376960 content_type=application/x-raw-rgb
[09-20 06:45:48] Pixel data generated successfully in [92m2.47[0;0m seconds
[09-20 06:45:48] Peak memory usage: 82744.00 MB
[09-20 06:45:48] Adjusting number of frames from 21 to 21 based on model
[09-20 06:45:48] Sampling params:
                       width: 832
                      height: 480
                  num_frames: 21
                         fps: 16
                      prompt: <redacted, len=62>
                  neg_prompt: None
                        seed: 42
                 infer_steps: 4
      num_outputs_per_prompt: 1
              guidance_scale: 1.0
     embedded_guidance_scale: 6.0
                    n_tokens: None
                  flow_shift: 5.0
                  image_path: inputs/uploads/8501397616a249c79b4cd931b7a978f9_first_frame
                 save_output: False
            output_file_path: outputs/8501397616a249c79b4cd931b7a978f9_cfb894e276aa4931a40e6873a007ff88.mp4
        
[09-20 06:45:48] Running pipeline stages: ['RealtimeInputValidationStage', 'RealtimeTextEncodingStage', 'AuxiliaryConditionEncodingStage', 'RealtimeImageVAEEncodingStage', 'DMDTimestepPreparationStage', 'RealtimeChunkLatentPreparationStage', 'LingBotWorldCausalDMDDenoisingStage', 'CausalVaeDecodingStage']
[09-20 06:45:48] [RealtimeInputValidationStage] started...
[09-20 06:45:48] [RealtimeInputValidationStage] finished in 0.0001 seconds
[09-20 06:45:48] [RealtimeTextEncodingStage] started...
[09-20 06:45:48] [RealtimeTextEncodingStage] finished in 0.0000 seconds
[09-20 06:45:48] [AuxiliaryConditionEncodingStage] started...
[09-20 06:45:48] [AuxiliaryConditionEncodingStage] finished in 0.0026 seconds
[09-20 06:45:48] [RealtimeImageVAEEncodingStage] started...
[09-20 06:45:48] [RealtimeImageVAEEncodingStage] finished in 0.0000 seconds
[09-20 06:45:48] [DMDTimestepPreparationStage] started...
[09-20 06:45:48] [DMDTimestepPreparationStage] finished in 0.0002 seconds
[09-20 06:45:48] [RealtimeChunkLatentPreparationStage] started...
[09-20 06:45:48] [RealtimeChunkLatentPreparationStage] finished in 0.0001 seconds
[09-20 06:45:48] realtime chunk timing: session_id=8501397616a249c79b4cd931b7a978f9 request_id=8501397616a249c79b4cd931b7a978f9_0266c0ffd83541c7a1527ed4fb1418e9 chunk_idx=10 event_id=None condition_kinds=['camera_actions'] request_prepare=0.46ms scheduler_forward=2467.93ms output_pace=0.00ms header_pack=0.01ms header_write=0.03ms raw_payload_build=1.47ms raw_write=4.48ms ws_write=4.51ms chunk_total=2475.24ms batches=1 frames=12 frame_shape=(480, 832, 3) raw_bytes=14376960 ws_payload_bytes=14377291 content_type=application/x-raw-rgb
[09-20 06:45:48] [LingBotWorldCausalDMDDenoisingStage] started...
[09-20 06:45:50] [LingBotWorldCausalDMDDenoisingStage] finished in 2.0996 seconds
[09-20 06:45:50] [CausalVaeDecodingStage] started...
[09-20 06:45:50] [CausalVaeDecodingStage] finished in 0.3478 seconds
[09-20 06:45:50] realtime raw RGB frame batch timing: request_id=8501397616a249c79b4cd931b7a978f9_cfb894e276aa4931a40e6873a007ff88 chunk_idx=11 sample_to_frames=1.29ms frames_to_bytes=2.08ms total=3.40ms batches=1 frames=12 frame_shape=(480, 832, 3) raw_bytes=14376960 content_type=application/x-raw-rgb
[09-20 06:45:50] Pixel data generated successfully in [92m2.47[0;0m seconds
[09-20 06:45:50] Peak memory usage: 82744.00 MB
[09-20 06:45:50] Adjusting number of frames from 21 to 21 based on model
[09-20 06:45:50] Sampling params:
                       width: 832
                      height: 480
                  num_frames: 21
                         fps: 16
                      prompt: <redacted, len=62>
                  neg_prompt: None
                        seed: 42
                 infer_steps: 4
      num_outputs_per_prompt: 1
              guidance_scale: 1.0
     embedded_guidance_scale: 6.0
                    n_tokens: None
                  flow_shift: 5.0
                  image_path: inputs/uploads/8501397616a249c79b4cd931b7a978f9_first_frame
                 save_output: False
            output_file_path: outputs/8501397616a249c79b4cd931b7a978f9_760f9215f0f945469ef5d2d84084d73f.mp4
        
[09-20 06:45:50] Running pipeline stages: ['RealtimeInputValidationStage', 'RealtimeTextEncodingStage', 'AuxiliaryConditionEncodingStage', 'RealtimeImageVAEEncodingStage', 'DMDTimestepPreparationStage', 'RealtimeChunkLatentPreparationStage', 'LingBotWorldCausalDMDDenoisingStage', 'CausalVaeDecodingStage']
[09-20 06:45:50] [RealtimeInputValidationStage] started...
[09-20 06:45:50] [RealtimeInputValidationStage] finished in 0.0001 seconds
[09-20 06:45:50] [RealtimeTextEncodingStage] started...
[09-20 06:45:50] [RealtimeTextEncodingStage] finished in 0.0000 seconds
[09-20 06:45:50] [AuxiliaryConditionEncodingStage] started...
[09-20 06:45:50] [AuxiliaryConditionEncodingStage] finished in 0.0026 seconds
[09-20 06:45:50] [RealtimeImageVAEEncodingStage] started...
[09-20 06:45:50] [RealtimeImageVAEEncodingStage] finished in 0.0000 seconds
[09-20 06:45:50] [DMDTimestepPreparationStage] started...
[09-20 06:45:50] [DMDTimestepPreparationStage] finished in 0.0002 seconds
[09-20 06:45:50] realtime chunk timing: session_id=8501397616a249c79b4cd931b7a978f9 request_id=8501397616a249c79b4cd931b7a978f9_cfb894e276aa4931a40e6873a007ff88 chunk_idx=11 event_id=None condition_kinds=['camera_actions'] request_prepare=0.46ms scheduler_forward=2471.91ms output_pace=0.00ms header_pack=0.01ms header_write=0.03ms raw_payload_build=1.51ms raw_write=4.53ms ws_write=4.57ms chunk_total=2479.32ms batches=1 frames=12 frame_shape=(480, 832, 3) raw_bytes=14376960 ws_payload_bytes=14377291 content_type=application/x-raw-rgb
[09-20 06:45:50] [RealtimeChunkLatentPreparationStage] started...
[09-20 06:45:50] [RealtimeChunkLatentPreparationStage] finished in 0.0001 seconds
[09-20 06:45:50] [LingBotWorldCausalDMDDenoisingStage] started...
[09-20 06:45:52] [LingBotWorldCausalDMDDenoisingStage] finished in 2.0976 seconds
[09-20 06:45:52] [CausalVaeDecodingStage] started...
[09-20 06:45:52] [CausalVaeDecodingStage] finished in 0.3470 seconds
[09-20 06:45:52] realtime raw RGB frame batch timing: request_id=8501397616a249c79b4cd931b7a978f9_760f9215f0f945469ef5d2d84084d73f chunk_idx=12 sample_to_frames=1.26ms frames_to_bytes=2.03ms total=3.32ms batches=1 frames=12 frame_shape=(480, 832, 3) raw_bytes=14376960 content_type=application/x-raw-rgb
[09-20 06:45:52] Pixel data generated successfully in [92m2.47[0;0m seconds
[09-20 06:45:52] Peak memory usage: 82744.00 MB
[09-20 06:45:52] Adjusting number of frames from 21 to 21 based on model
[09-20 06:45:52] Sampling params:
                       width: 832
                      height: 480
                  num_frames: 21
                         fps: 16
                      prompt: <redacted, len=62>
                  neg_prompt: None
                        seed: 42
                 infer_steps: 4
      num_outputs_per_prompt: 1
              guidance_scale: 1.0
     embedded_guidance_scale: 6.0
                    n_tokens: None
                  flow_shift: 5.0
                  image_path: inputs/uploads/8501397616a249c79b4cd931b7a978f9_first_frame
                 save_output: False
            output_file_path: outputs/8501397616a249c79b4cd931b7a978f9_d9bafd39333a45b892babba56d57fc20.mp4
        
[09-20 06:45:52] Running pipeline stages: ['RealtimeInputValidationStage', 'RealtimeTextEncodingStage', 'AuxiliaryConditionEncodingStage', 'RealtimeImageVAEEncodingStage', 'DMDTimestepPreparationStage', 'RealtimeChunkLatentPreparationStage', 'LingBotWorldCausalDMDDenoisingStage', 'CausalVaeDecodingStage']
[09-20 06:45:52] [RealtimeInputValidationStage] started...
[09-20 06:45:52] [RealtimeInputValidationStage] finished in 0.0001 seconds
[09-20 06:45:52] [RealtimeTextEncodingStage] started...
[09-20 06:45:52] [RealtimeTextEncodingStage] finished in 0.0000 seconds
[09-20 06:45:52] [AuxiliaryConditionEncodingStage] started...
[09-20 06:45:52] [AuxiliaryConditionEncodingStage] finished in 0.0026 seconds
[09-20 06:45:52] [RealtimeImageVAEEncodingStage] started...
[09-20 06:45:52] [RealtimeImageVAEEncodingStage] finished in 0.0000 seconds
[09-20 06:45:52] [DMDTimestepPreparationStage] started...
[09-20 06:45:52] [DMDTimestepPreparationStage] finished in 0.0002 seconds
[09-20 06:45:52] [RealtimeChunkLatentPreparationStage] started...
[09-20 06:45:52] [RealtimeChunkLatentPreparationStage] finished in 0.0001 seconds
[09-20 06:45:52] realtime chunk timing: session_id=8501397616a249c79b4cd931b7a978f9 request_id=8501397616a249c79b4cd931b7a978f9_760f9215f0f945469ef5d2d84084d73f chunk_idx=12 event_id=None condition_kinds=['camera_actions'] request_prepare=0.47ms scheduler_forward=2472.91ms output_pace=0.00ms header_pack=0.01ms header_write=0.04ms raw_payload_build=1.48ms raw_write=4.46ms ws_write=4.49ms chunk_total=2480.23ms batches=1 frames=12 frame_shape=(480, 832, 3) raw_bytes=14376960 ws_payload_bytes=14377291 content_type=application/x-raw-rgb
[09-20 06:45:52] [LingBotWorldCausalDMDDenoisingStage] started...
[09-20 06:45:55] [LingBotWorldCausalDMDDenoisingStage] finished in 2.0989 seconds
[09-20 06:45:55] [CausalVaeDecodingStage] started...
[09-20 06:45:55] [CausalVaeDecodingStage] finished in 0.3473 seconds
[09-20 06:45:55] realtime raw RGB frame batch timing: request_id=8501397616a249c79b4cd931b7a978f9_d9bafd39333a45b892babba56d57fc20 chunk_idx=13 sample_to_frames=2.32ms frames_to_bytes=4.34ms total=6.71ms batches=1 frames=12 frame_shape=(480, 832, 3) raw_bytes=14376960 content_type=application/x-raw-rgb
[09-20 06:45:55] Pixel data generated successfully in [92m2.48[0;0m seconds
[09-20 06:45:55] Peak memory usage: 82744.00 MB
[09-20 06:45:55] Adjusting number of frames from 21 to 21 based on model
[09-20 06:45:55] Sampling params:
                       width: 832
                      height: 480
                  num_frames: 21
                         fps: 16
                      prompt: <redacted, len=62>
                  neg_prompt: None
                        seed: 42
                 infer_steps: 4
      num_outputs_per_prompt: 1
              guidance_scale: 1.0
     embedded_guidance_scale: 6.0
                    n_tokens: None
                  flow_shift: 5.0
                  image_path: inputs/uploads/8501397616a249c79b4cd931b7a978f9_first_frame
                 save_output: False
            output_file_path: outputs/8501397616a249c79b4cd931b7a978f9_5779a238abce46c49e7303e276ccdf27.mp4
        
[09-20 06:45:55] Running pipeline stages: ['RealtimeInputValidationStage', 'RealtimeTextEncodingStage', 'AuxiliaryConditionEncodingStage', 'RealtimeImageVAEEncodingStage', 'DMDTimestepPreparationStage', 'RealtimeChunkLatentPreparationStage', 'LingBotWorldCausalDMDDenoisingStage', 'CausalVaeDecodingStage']
[09-20 06:45:55] [RealtimeInputValidationStage] started...
[09-20 06:45:55] [RealtimeInputValidationStage] finished in 0.0001 seconds
[09-20 06:45:55] [RealtimeTextEncodingStage] started...
[09-20 06:45:55] [RealtimeTextEncodingStage] finished in 0.0000 seconds
[09-20 06:45:55] [AuxiliaryConditionEncodingStage] started...
[09-20 06:45:55] [AuxiliaryConditionEncodingStage] finished in 0.0027 seconds
[09-20 06:45:55] [RealtimeImageVAEEncodingStage] started...
[09-20 06:45:55] [RealtimeImageVAEEncodingStage] finished in 0.0000 seconds
[09-20 06:45:55] [DMDTimestepPreparationStage] started...
[09-20 06:45:55] [DMDTimestepPreparationStage] finished in 0.0002 seconds
[09-20 06:45:55] realtime chunk timing: session_id=8501397616a249c79b4cd931b7a978f9 request_id=8501397616a249c79b4cd931b7a978f9_d9bafd39333a45b892babba56d57fc20 chunk_idx=13 event_id=None condition_kinds=['camera_actions'] request_prepare=0.46ms scheduler_forward=2475.70ms output_pace=0.00ms header_pack=0.01ms header_write=0.03ms raw_payload_build=1.51ms raw_write=4.53ms ws_write=4.56ms chunk_total=2483.11ms batches=1 frames=12 frame_shape=(480, 832, 3) raw_bytes=14376960 ws_payload_bytes=14377291 content_type=application/x-raw-rgb
[09-20 06:45:55] [RealtimeChunkLatentPreparationStage] started...
[09-20 06:45:55] [RealtimeChunkLatentPreparationStage] finished in 0.0001 seconds
[09-20 06:45:55] [LingBotWorldCausalDMDDenoisingStage] started...
[09-20 06:45:57] [LingBotWorldCausalDMDDenoisingStage] finished in 2.1035 seconds
[09-20 06:45:57] [CausalVaeDecodingStage] started...
[09-20 06:45:57] [CausalVaeDecodingStage] finished in 0.3474 seconds
[09-20 06:45:57] realtime raw RGB frame batch timing: request_id=8501397616a249c79b4cd931b7a978f9_5779a238abce46c49e7303e276ccdf27 chunk_idx=14 sample_to_frames=1.28ms frames_to_bytes=2.03ms total=3.35ms batches=1 frames=12 frame_shape=(480, 832, 3) raw_bytes=14376960 content_type=application/x-raw-rgb
[09-20 06:45:57] Pixel data generated successfully in [92m2.48[0;0m seconds
[09-20 06:45:57] Peak memory usage: 82744.00 MB
[09-20 06:45:57] Adjusting number of frames from 21 to 21 based on model
[09-20 06:45:57] Sampling params:
                       width: 832
                      height: 480
                  num_frames: 21
                         fps: 16
                      prompt: <redacted, len=62>
                  neg_prompt: None
                        seed: 42
                 infer_steps: 4
      num_outputs_per_prompt: 1
              guidance_scale: 1.0
     embedded_guidance_scale: 6.0
                    n_tokens: None
                  flow_shift: 5.0
                  image_path: inputs/uploads/8501397616a249c79b4cd931b7a978f9_first_frame
                 save_output: False
            output_file_path: outputs/8501397616a249c79b4cd931b7a978f9_9865e5676f0c4e9bbf311d3c9fb6ce48.mp4
        
[09-20 06:45:57] Running pipeline stages: ['RealtimeInputValidationStage', 'RealtimeTextEncodingStage', 'AuxiliaryConditionEncodingStage', 'RealtimeImageVAEEncodingStage', 'DMDTimestepPreparationStage', 'RealtimeChunkLatentPreparationStage', 'LingBotWorldCausalDMDDenoisingStage', 'CausalVaeDecodingStage']
[09-20 06:45:57] [RealtimeInputValidationStage] started...
[09-20 06:45:57] [RealtimeInputValidationStage] finished in 0.0001 seconds
[09-20 06:45:57] [RealtimeTextEncodingStage] started...
[09-20 06:45:57] [RealtimeTextEncodingStage] finished in 0.0000 seconds
[09-20 06:45:57] [AuxiliaryConditionEncodingStage] started...
[09-20 06:45:57] [AuxiliaryConditionEncodingStage] finished in 0.0029 seconds
[09-20 06:45:57] [RealtimeImageVAEEncodingStage] started...
[09-20 06:45:57] [RealtimeImageVAEEncodingStage] finished in 0.0000 seconds
[09-20 06:45:57] [DMDTimestepPreparationStage] started...
[09-20 06:45:57] [DMDTimestepPreparationStage] finished in 0.0002 seconds
[09-20 06:45:57] realtime chunk timing: session_id=8501397616a249c79b4cd931b7a978f9 request_id=8501397616a249c79b4cd931b7a978f9_5779a238abce46c49e7303e276ccdf27 chunk_idx=14 event_id=None condition_kinds=['camera_actions'] request_prepare=0.46ms scheduler_forward=2477.91ms output_pace=0.00ms header_pack=0.01ms header_write=0.03ms raw_payload_build=1.46ms raw_write=4.43ms ws_write=4.46ms chunk_total=2485.15ms batches=1 frames=12 frame_shape=(480, 832, 3) raw_bytes=14376960 ws_payload_bytes=14377291 content_type=application/x-raw-rgb
[09-20 06:45:57] [RealtimeChunkLatentPreparationStage] started...
[09-20 06:45:57] [RealtimeChunkLatentPreparationStage] finished in 0.0001 seconds
[09-20 06:45:57] [LingBotWorldCausalDMDDenoisingStage] started...
[09-20 06:46:00] [LingBotWorldCausalDMDDenoisingStage] finished in 2.0960 seconds
[09-20 06:46:00] [CausalVaeDecodingStage] started...
[09-20 06:46:00] [CausalVaeDecodingStage] finished in 0.3474 seconds
[09-20 06:46:00] realtime raw RGB frame batch timing: request_id=8501397616a249c79b4cd931b7a978f9_9865e5676f0c4e9bbf311d3c9fb6ce48 chunk_idx=15 sample_to_frames=1.29ms frames_to_bytes=2.03ms total=3.35ms batches=1 frames=12 frame_shape=(480, 832, 3) raw_bytes=14376960 content_type=application/x-raw-rgb
[09-20 06:46:00] Pixel data generated successfully in [92m2.47[0;0m seconds
[09-20 06:46:00] Peak memory usage: 82744.00 MB
[09-20 06:46:00] Adjusting number of frames from 21 to 21 based on model
[09-20 06:46:00] Sampling params:
                       width: 832
                      height: 480
                  num_frames: 21
                         fps: 16
                      prompt: <redacted, len=62>
                  neg_prompt: None
                        seed: 42
                 infer_steps: 4
      num_outputs_per_prompt: 1
              guidance_scale: 1.0
     embedded_guidance_scale: 6.0
                    n_tokens: None
                  flow_shift: 5.0
                  image_path: inputs/uploads/8501397616a249c79b4cd931b7a978f9_first_frame
                 save_output: False
            output_file_path: outputs/8501397616a249c79b4cd931b7a978f9_6db294c90eb840e3aea54ab77a46b005.mp4
        
[09-20 06:46:00] Running pipeline stages: ['RealtimeInputValidationStage', 'RealtimeTextEncodingStage', 'AuxiliaryConditionEncodingStage', 'RealtimeImageVAEEncodingStage', 'DMDTimestepPreparationStage', 'RealtimeChunkLatentPreparationStage', 'LingBotWorldCausalDMDDenoisingStage', 'CausalVaeDecodingStage']
[09-20 06:46:00] [RealtimeInputValidationStage] started...
[09-20 06:46:00] [RealtimeInputValidationStage] finished in 0.0001 seconds
[09-20 06:46:00] [RealtimeTextEncodingStage] started...
[09-20 06:46:00] [RealtimeTextEncodingStage] finished in 0.0000 seconds
[09-20 06:46:00] [AuxiliaryConditionEncodingStage] started...
[09-20 06:46:00] [AuxiliaryConditionEncodingStage] finished in 0.0027 seconds
[09-20 06:46:00] [RealtimeImageVAEEncodingStage] started...
[09-20 06:46:00] [RealtimeImageVAEEncodingStage] finished in 0.0000 seconds
[09-20 06:46:00] [DMDTimestepPreparationStage] started...
[09-20 06:46:00] [DMDTimestepPreparationStage] finished in 0.0003 seconds
[09-20 06:46:00] [RealtimeChunkLatentPreparationStage] started...
[09-20 06:46:00] [RealtimeChunkLatentPreparationStage] finished in 0.0001 seconds
[09-20 06:46:00] realtime chunk timing: session_id=8501397616a249c79b4cd931b7a978f9 request_id=8501397616a249c79b4cd931b7a978f9_9865e5676f0c4e9bbf311d3c9fb6ce48 chunk_idx=15 event_id=None condition_kinds=['camera_actions'] request_prepare=0.44ms scheduler_forward=2468.97ms output_pace=0.00ms header_pack=0.01ms header_write=0.04ms raw_payload_build=1.45ms raw_write=4.45ms ws_write=4.49ms chunk_total=2476.21ms batches=1 frames=12 frame_shape=(480, 832, 3) raw_bytes=14376960 ws_payload_bytes=14377291 content_type=application/x-raw-rgb
[09-20 06:46:00] [LingBotWorldCausalDMDDenoisingStage] started...
[09-20 06:46:02] [LingBotWorldCausalDMDDenoisingStage] finished in 2.1003 seconds
[09-20 06:46:02] [CausalVaeDecodingStage] started...
[09-20 06:46:02] [CausalVaeDecodingStage] finished in 0.3478 seconds
[09-20 06:46:02] realtime raw RGB frame batch timing: request_id=8501397616a249c79b4cd931b7a978f9_6db294c90eb840e3aea54ab77a46b005 chunk_idx=16 sample_to_frames=1.79ms frames_to_bytes=3.35ms total=5.17ms batches=1 frames=12 frame_shape=(480, 832, 3) raw_bytes=14376960 content_type=application/x-raw-rgb
[09-20 06:46:02] Pixel data generated successfully in [92m2.48[0;0m seconds
[09-20 06:46:02] Peak memory usage: 82744.00 MB
[09-20 06:46:02] Adjusting number of frames from 21 to 21 based on model
[09-20 06:46:02] Sampling params:
                       width: 832
                      height: 480
                  num_frames: 21
                         fps: 16
                      prompt: <redacted, len=62>
                  neg_prompt: None
                        seed: 42
                 infer_steps: 4
      num_outputs_per_prompt: 1
              guidance_scale: 1.0
     embedded_guidance_scale: 6.0
                    n_tokens: None
                  flow_shift: 5.0
                  image_path: inputs/uploads/8501397616a249c79b4cd931b7a978f9_first_frame
                 save_output: False
            output_file_path: outputs/8501397616a249c79b4cd931b7a978f9_ec4b2203fae1451d8bc805cb861f3adb.mp4
        
[09-20 06:46:02] Running pipeline stages: ['RealtimeInputValidationStage', 'RealtimeTextEncodingStage', 'AuxiliaryConditionEncodingStage', 'RealtimeImageVAEEncodingStage', 'DMDTimestepPreparationStage', 'RealtimeChunkLatentPreparationStage', 'LingBotWorldCausalDMDDenoisingStage', 'CausalVaeDecodingStage']
[09-20 06:46:02] [RealtimeInputValidationStage] started...
[09-20 06:46:02] [RealtimeInputValidationStage] finished in 0.0001 seconds
[09-20 06:46:02] [RealtimeTextEncodingStage] started...
[09-20 06:46:02] [RealtimeTextEncodingStage] finished in 0.0000 seconds
[09-20 06:46:02] [AuxiliaryConditionEncodingStage] started...
[09-20 06:46:02] [AuxiliaryConditionEncodingStage] finished in 0.0028 seconds
[09-20 06:46:02] [RealtimeImageVAEEncodingStage] started...
[09-20 06:46:02] [RealtimeImageVAEEncodingStage] finished in 0.0000 seconds
[09-20 06:46:02] [DMDTimestepPreparationStage] started...
[09-20 06:46:02] [DMDTimestepPreparationStage] finished in 0.0002 seconds
[09-20 06:46:02] [RealtimeChunkLatentPreparationStage] started...
[09-20 06:46:02] [RealtimeChunkLatentPreparationStage] finished in 0.0001 seconds
[09-20 06:46:02] realtime chunk timing: session_id=8501397616a249c79b4cd931b7a978f9 request_id=8501397616a249c79b4cd931b7a978f9_6db294c90eb840e3aea54ab77a46b005 chunk_idx=16 event_id=None condition_kinds=['camera_actions'] request_prepare=0.46ms scheduler_forward=2479.74ms output_pace=0.00ms header_pack=0.01ms header_write=0.03ms raw_payload_build=1.49ms raw_write=4.53ms ws_write=4.57ms chunk_total=2487.14ms batches=1 frames=12 frame_shape=(480, 832, 3) raw_bytes=14376960 ws_payload_bytes=14377291 content_type=application/x-raw-rgb
[09-20 06:46:02] [LingBotWorldCausalDMDDenoisingStage] started...
[09-20 06:46:04] [LingBotWorldCausalDMDDenoisingStage] finished in 2.1047 seconds
[09-20 06:46:04] [CausalVaeDecodingStage] started...
[09-20 06:46:05] [CausalVaeDecodingStage] finished in 0.3481 seconds
[09-20 06:46:05] realtime raw RGB frame batch timing: request_id=8501397616a249c79b4cd931b7a978f9_ec4b2203fae1451d8bc805cb861f3adb chunk_idx=17 sample_to_frames=1.30ms frames_to_bytes=3.20ms total=4.53ms batches=1 frames=12 frame_shape=(480, 832, 3) raw_bytes=14376960 content_type=application/x-raw-rgb
[09-20 06:46:05] Pixel data generated successfully in [92m2.48[0;0m seconds
[09-20 06:46:05] Peak memory usage: 82744.00 MB
[09-20 06:46:05] Adjusting number of frames from 21 to 21 based on model
[09-20 06:46:05] Sampling params:
                       width: 832
                      height: 480
                  num_frames: 21
                         fps: 16
                      prompt: <redacted, len=62>
                  neg_prompt: None
                        seed: 42
                 infer_steps: 4
      num_outputs_per_prompt: 1
              guidance_scale: 1.0
     embedded_guidance_scale: 6.0
                    n_tokens: None
                  flow_shift: 5.0
                  image_path: inputs/uploads/8501397616a249c79b4cd931b7a978f9_first_frame
                 save_output: False
            output_file_path: outputs/8501397616a249c79b4cd931b7a978f9_5ce9b0c288174189815d3f1d442df225.mp4
        
[09-20 06:46:05] Running pipeline stages: ['RealtimeInputValidationStage', 'RealtimeTextEncodingStage', 'AuxiliaryConditionEncodingStage', 'RealtimeImageVAEEncodingStage', 'DMDTimestepPreparationStage', 'RealtimeChunkLatentPreparationStage', 'LingBotWorldCausalDMDDenoisingStage', 'CausalVaeDecodingStage']
[09-20 06:46:05] [RealtimeInputValidationStage] started...
[09-20 06:46:05] [RealtimeInputValidationStage] finished in 0.0001 seconds
[09-20 06:46:05] [RealtimeTextEncodingStage] started...
[09-20 06:46:05] [RealtimeTextEncodingStage] finished in 0.0000 seconds
[09-20 06:46:05] [AuxiliaryConditionEncodingStage] started...
[09-20 06:46:05] [AuxiliaryConditionEncodingStage] finished in 0.0030 seconds
[09-20 06:46:05] [RealtimeImageVAEEncodingStage] started...
[09-20 06:46:05] [RealtimeImageVAEEncodingStage] finished in 0.0000 seconds
[09-20 06:46:05] [DMDTimestepPreparationStage] started...
[09-20 06:46:05] realtime chunk timing: session_id=8501397616a249c79b4cd931b7a978f9 request_id=8501397616a249c79b4cd931b7a978f9_ec4b2203fae1451d8bc805cb861f3adb chunk_idx=17 event_id=None condition_kinds=['camera_actions'] request_prepare=0.47ms scheduler_forward=2477.93ms output_pace=0.00ms header_pack=0.02ms header_write=0.04ms raw_payload_build=1.44ms raw_write=4.49ms ws_write=4.52ms chunk_total=2485.25ms batches=1 frames=12 frame_shape=(480, 832, 3) raw_bytes=14376960 ws_payload_bytes=14377291 content_type=application/x-raw-rgb
[09-20 06:46:05] [DMDTimestepPreparationStage] finished in 0.0002 seconds
[09-20 06:46:05] [RealtimeChunkLatentPreparationStage] started...
[09-20 06:46:05] [RealtimeChunkLatentPreparationStage] finished in 0.0001 seconds
[09-20 06:46:05] [LingBotWorldCausalDMDDenoisingStage] started...
[09-20 06:46:07] [LingBotWorldCausalDMDDenoisingStage] finished in 2.0969 seconds
[09-20 06:46:07] [CausalVaeDecodingStage] started...
[09-20 06:46:07] [CausalVaeDecodingStage] finished in 0.3479 seconds
[09-20 06:46:07] realtime raw RGB frame batch timing: request_id=8501397616a249c79b4cd931b7a978f9_5ce9b0c288174189815d3f1d442df225 chunk_idx=18 sample_to_frames=1.31ms frames_to_bytes=2.03ms total=3.36ms batches=1 frames=12 frame_shape=(480, 832, 3) raw_bytes=14376960 content_type=application/x-raw-rgb
[09-20 06:46:07] Pixel data generated successfully in [92m2.47[0;0m seconds
[09-20 06:46:07] Peak memory usage: 82744.00 MB
[09-20 06:46:07] Adjusting number of frames from 21 to 21 based on model
[09-20 06:46:07] Sampling params:
                       width: 832
                      height: 480
                  num_frames: 21
                         fps: 16
                      prompt: <redacted, len=62>
                  neg_prompt: None
                        seed: 42
                 infer_steps: 4
      num_outputs_per_prompt: 1
              guidance_scale: 1.0
     embedded_guidance_scale: 6.0
                    n_tokens: None
                  flow_shift: 5.0
                  image_path: inputs/uploads/8501397616a249c79b4cd931b7a978f9_first_frame
                 save_output: False
            output_file_path: outputs/8501397616a249c79b4cd931b7a978f9_a91b2343853649d9b09c7b05b7a8f096.mp4
        
[09-20 06:46:07] Running pipeline stages: ['RealtimeInputValidationStage', 'RealtimeTextEncodingStage', 'AuxiliaryConditionEncodingStage', 'RealtimeImageVAEEncodingStage', 'DMDTimestepPreparationStage', 'RealtimeChunkLatentPreparationStage', 'LingBotWorldCausalDMDDenoisingStage', 'CausalVaeDecodingStage']
[09-20 06:46:07] [RealtimeInputValidationStage] started...
[09-20 06:46:07] [RealtimeInputValidationStage] finished in 0.0001 seconds
[09-20 06:46:07] [RealtimeTextEncodingStage] started...
[09-20 06:46:07] [RealtimeTextEncodingStage] finished in 0.0000 seconds
[09-20 06:46:07] [AuxiliaryConditionEncodingStage] started...
[09-20 06:46:07] [AuxiliaryConditionEncodingStage] finished in 0.0030 seconds
[09-20 06:46:07] [RealtimeImageVAEEncodingStage] started...
[09-20 06:46:07] realtime chunk timing: session_id=8501397616a249c79b4cd931b7a978f9 request_id=8501397616a249c79b4cd931b7a978f9_5ce9b0c288174189815d3f1d442df225 chunk_idx=18 event_id=None condition_kinds=['camera_actions'] request_prepare=0.45ms scheduler_forward=2473.89ms output_pace=0.00ms header_pack=0.01ms header_write=0.03ms raw_payload_build=1.47ms raw_write=4.45ms ws_write=4.49ms chunk_total=2481.18ms batches=1 frames=12 frame_shape=(480, 832, 3) raw_bytes=14376960 ws_payload_bytes=14377291 content_type=application/x-raw-rgb
[09-20 06:46:07] [RealtimeImageVAEEncodingStage] finished in 0.0000 seconds
[09-20 06:46:07] [DMDTimestepPreparationStage] started...
[09-20 06:46:07] [DMDTimestepPreparationStage] finished in 0.0002 seconds
[09-20 06:46:07] [RealtimeChunkLatentPreparationStage] started...
[09-20 06:46:07] [RealtimeChunkLatentPreparationStage] finished in 0.0001 seconds
[09-20 06:46:07] [LingBotWorldCausalDMDDenoisingStage] started...
[09-20 06:46:09] [LingBotWorldCausalDMDDenoisingStage] finished in 2.1003 seconds
[09-20 06:46:09] [CausalVaeDecodingStage] started...
[09-20 06:46:10] [CausalVaeDecodingStage] finished in 0.3468 seconds
[09-20 06:46:10] realtime raw RGB frame batch timing: request_id=8501397616a249c79b4cd931b7a978f9_a91b2343853649d9b09c7b05b7a8f096 chunk_idx=19 sample_to_frames=1.29ms frames_to_bytes=2.21ms total=3.53ms batches=1 frames=12 frame_shape=(480, 832, 3) raw_bytes=14376960 content_type=application/x-raw-rgb
[09-20 06:46:10] Pixel data generated successfully in [92m2.47[0;0m seconds
[09-20 06:46:10] Peak memory usage: 82744.00 MB
[09-20 06:46:10] Adjusting number of frames from 21 to 21 based on model
[09-20 06:46:10] Sampling params:
                       width: 832
                      height: 480
                  num_frames: 21
                         fps: 16
                      prompt: <redacted, len=62>
                  neg_prompt: None
                        seed: 42
                 infer_steps: 4
      num_outputs_per_prompt: 1
              guidance_scale: 1.0
     embedded_guidance_scale: 6.0
                    n_tokens: None
                  flow_shift: 5.0
                  image_path: inputs/uploads/8501397616a249c79b4cd931b7a978f9_first_frame
                 save_output: False
            output_file_path: outputs/8501397616a249c79b4cd931b7a978f9_680f4b3c90d34784bf3e16d8a9077313.mp4
        
[09-20 06:46:10] Running pipeline stages: ['RealtimeInputValidationStage', 'RealtimeTextEncodingStage', 'AuxiliaryConditionEncodingStage', 'RealtimeImageVAEEncodingStage', 'DMDTimestepPreparationStage', 'RealtimeChunkLatentPreparationStage', 'LingBotWorldCausalDMDDenoisingStage', 'CausalVaeDecodingStage']
[09-20 06:46:10] [RealtimeInputValidationStage] started...
[09-20 06:46:10] [RealtimeInputValidationStage] finished in 0.0001 seconds
[09-20 06:46:10] [RealtimeTextEncodingStage] started...
[09-20 06:46:10] [RealtimeTextEncodingStage] finished in 0.0000 seconds
[09-20 06:46:10] [AuxiliaryConditionEncodingStage] started...
[09-20 06:46:10] [AuxiliaryConditionEncodingStage] finished in 0.0030 seconds
[09-20 06:46:10] [RealtimeImageVAEEncodingStage] started...
[09-20 06:46:10] [RealtimeImageVAEEncodingStage] finished in 0.0000 seconds
[09-20 06:46:10] [DMDTimestepPreparationStage] started...
[09-20 06:46:10] [DMDTimestepPreparationStage] finished in 0.0002 seconds
[09-20 06:46:10] realtime chunk timing: session_id=8501397616a249c79b4cd931b7a978f9 request_id=8501397616a249c79b4cd931b7a978f9_a91b2343853649d9b09c7b05b7a8f096 chunk_idx=19 event_id=None condition_kinds=['camera_actions'] request_prepare=0.46ms scheduler_forward=2474.35ms output_pace=0.00ms header_pack=0.01ms header_write=0.03ms raw_payload_build=1.44ms raw_write=4.49ms ws_write=4.52ms chunk_total=2481.65ms batches=1 frames=12 frame_shape=(480, 832, 3) raw_bytes=14376960 ws_payload_bytes=14377291 content_type=application/x-raw-rgb
[09-20 06:46:10] [RealtimeChunkLatentPreparationStage] started...
[09-20 06:46:10] [RealtimeChunkLatentPreparationStage] finished in 0.0001 seconds
[09-20 06:46:10] [LingBotWorldCausalDMDDenoisingStage] started...
[09-20 06:46:12] [LingBotWorldCausalDMDDenoisingStage] finished in 2.0992 seconds
[09-20 06:46:12] [CausalVaeDecodingStage] started...
[09-20 06:46:12] [CausalVaeDecodingStage] finished in 0.3486 seconds
[09-20 06:46:12] realtime raw RGB frame batch timing: request_id=8501397616a249c79b4cd931b7a978f9_680f4b3c90d34784bf3e16d8a9077313 chunk_idx=20 sample_to_frames=1.75ms frames_to_bytes=4.05ms total=5.83ms batches=1 frames=12 frame_shape=(480, 832, 3) raw_bytes=14376960 content_type=application/x-raw-rgb
[09-20 06:46:12] Pixel data generated successfully in [92m2.48[0;0m seconds
[09-20 06:46:12] Peak memory usage: 82744.00 MB
[09-20 06:46:12] Adjusting number of frames from 21 to 21 based on model
[09-20 06:46:12] Sampling params:
                       width: 832
                      height: 480
                  num_frames: 21
                         fps: 16
                      prompt: <redacted, len=62>
                  neg_prompt: None
                        seed: 42
                 infer_steps: 4
      num_outputs_per_prompt: 1
              guidance_scale: 1.0
     embedded_guidance_scale: 6.0
                    n_tokens: None
                  flow_shift: 5.0
                  image_path: inputs/uploads/8501397616a249c79b4cd931b7a978f9_first_frame
                 save_output: False
            output_file_path: outputs/8501397616a249c79b4cd931b7a978f9_37d3fe67b1b2480eb4395ef03b7cdeeb.mp4
        
[09-20 06:46:12] Running pipeline stages: ['RealtimeInputValidationStage', 'RealtimeTextEncodingStage', 'AuxiliaryConditionEncodingStage', 'RealtimeImageVAEEncodingStage', 'DMDTimestepPreparationStage', 'RealtimeChunkLatentPreparationStage', 'LingBotWorldCausalDMDDenoisingStage', 'CausalVaeDecodingStage']
[09-20 06:46:12] [RealtimeInputValidationStage] started...
[09-20 06:46:12] [RealtimeInputValidationStage] finished in 0.0001 seconds
[09-20 06:46:12] [RealtimeTextEncodingStage] started...
[09-20 06:46:12] [RealtimeTextEncodingStage] finished in 0.0000 seconds
[09-20 06:46:12] [AuxiliaryConditionEncodingStage] started...
[09-20 06:46:12] [AuxiliaryConditionEncodingStage] finished in 0.0029 seconds
[09-20 06:46:12] [RealtimeImageVAEEncodingStage] started...
[09-20 06:46:12] [RealtimeImageVAEEncodingStage] finished in 0.0000 seconds
[09-20 06:46:12] [DMDTimestepPreparationStage] started...
[09-20 06:46:12] [DMDTimestepPreparationStage] finished in 0.0002 seconds
[09-20 06:46:12] realtime chunk timing: session_id=8501397616a249c79b4cd931b7a978f9 request_id=8501397616a249c79b4cd931b7a978f9_680f4b3c90d34784bf3e16d8a9077313 chunk_idx=20 event_id=None condition_kinds=['camera_actions'] request_prepare=0.46ms scheduler_forward=2478.75ms output_pace=0.00ms header_pack=0.01ms header_write=0.03ms raw_payload_build=1.46ms raw_write=4.53ms ws_write=4.56ms chunk_total=2486.09ms batches=1 frames=12 frame_shape=(480, 832, 3) raw_bytes=14376960 ws_payload_bytes=14377291 content_type=application/x-raw-rgb
[09-20 06:46:12] [RealtimeChunkLatentPreparationStage] started...
[09-20 06:46:12] [RealtimeChunkLatentPreparationStage] finished in 0.0001 seconds
[09-20 06:46:12] [LingBotWorldCausalDMDDenoisingStage] started...
[09-20 06:46:14] [LingBotWorldCausalDMDDenoisingStage] finished in 2.1026 seconds
[09-20 06:46:14] [CausalVaeDecodingStage] started...
[09-20 06:46:15] [CausalVaeDecodingStage] finished in 0.3477 seconds
[09-20 06:46:15] realtime raw RGB frame batch timing: request_id=8501397616a249c79b4cd931b7a978f9_37d3fe67b1b2480eb4395ef03b7cdeeb chunk_idx=21 sample_to_frames=1.30ms frames_to_bytes=3.52ms total=4.86ms batches=1 frames=12 frame_shape=(480, 832, 3) raw_bytes=14376960 content_type=application/x-raw-rgb
[09-20 06:46:15] Pixel data generated successfully in [92m2.48[0;0m seconds
[09-20 06:46:15] Peak memory usage: 82744.00 MB
[09-20 06:46:15] Adjusting number of frames from 21 to 21 based on model
[09-20 06:46:15] Sampling params:
                       width: 832
                      height: 480
                  num_frames: 21
                         fps: 16
                      prompt: <redacted, len=62>
                  neg_prompt: None
                        seed: 42
                 infer_steps: 4
      num_outputs_per_prompt: 1
              guidance_scale: 1.0
     embedded_guidance_scale: 6.0
                    n_tokens: None
                  flow_shift: 5.0
                  image_path: inputs/uploads/8501397616a249c79b4cd931b7a978f9_first_frame
                 save_output: False
            output_file_path: outputs/8501397616a249c79b4cd931b7a978f9_3431ff60cc194170af33e32d9086aa69.mp4
        
[09-20 06:46:15] Running pipeline stages: ['RealtimeInputValidationStage', 'RealtimeTextEncodingStage', 'AuxiliaryConditionEncodingStage', 'RealtimeImageVAEEncodingStage', 'DMDTimestepPreparationStage', 'RealtimeChunkLatentPreparationStage', 'LingBotWorldCausalDMDDenoisingStage', 'CausalVaeDecodingStage']
[09-20 06:46:15] [RealtimeInputValidationStage] started...
[09-20 06:46:15] [RealtimeInputValidationStage] finished in 0.0001 seconds
[09-20 06:46:15] [RealtimeTextEncodingStage] started...
[09-20 06:46:15] [RealtimeTextEncodingStage] finished in 0.0000 seconds
[09-20 06:46:15] [AuxiliaryConditionEncodingStage] started...
[09-20 06:46:15] [AuxiliaryConditionEncodingStage] finished in 0.0031 seconds
[09-20 06:46:15] [RealtimeImageVAEEncodingStage] started...
[09-20 06:46:15] [RealtimeImageVAEEncodingStage] finished in 0.0000 seconds
[09-20 06:46:15] [DMDTimestepPreparationStage] started...
[09-20 06:46:15] [DMDTimestepPreparationStage] finished in 0.0002 seconds
[09-20 06:46:15] realtime chunk timing: session_id=8501397616a249c79b4cd931b7a978f9 request_id=8501397616a249c79b4cd931b7a978f9_37d3fe67b1b2480eb4395ef03b7cdeeb chunk_idx=21 event_id=None condition_kinds=['camera_actions'] request_prepare=0.46ms scheduler_forward=2482.59ms output_pace=0.00ms header_pack=0.01ms header_write=0.03ms raw_payload_build=1.47ms raw_write=4.45ms ws_write=4.48ms chunk_total=2489.87ms batches=1 frames=12 frame_shape=(480, 832, 3) raw_bytes=14376960 ws_payload_bytes=14377291 content_type=application/x-raw-rgb
[09-20 06:46:15] [RealtimeChunkLatentPreparationStage] started...
[09-20 06:46:15] [RealtimeChunkLatentPreparationStage] finished in 0.0001 seconds
[09-20 06:46:15] [LingBotWorldCausalDMDDenoisingStage] started...
[09-20 06:46:17] [LingBotWorldCausalDMDDenoisingStage] finished in 2.0999 seconds
[09-20 06:46:17] [CausalVaeDecodingStage] started...
[09-20 06:46:17] [CausalVaeDecodingStage] finished in 0.3480 seconds
[09-20 06:46:17] realtime raw RGB frame batch timing: request_id=8501397616a249c79b4cd931b7a978f9_3431ff60cc194170af33e32d9086aa69 chunk_idx=22 sample_to_frames=1.26ms frames_to_bytes=2.48ms total=3.76ms batches=1 frames=12 frame_shape=(480, 832, 3) raw_bytes=14376960 content_type=application/x-raw-rgb
[09-20 06:46:17] Pixel data generated successfully in [92m2.48[0;0m seconds
[09-20 06:46:17] Peak memory usage: 82744.00 MB
[09-20 06:46:17] Adjusting number of frames from 21 to 21 based on model
[09-20 06:46:17] Sampling params:
                       width: 832
                      height: 480
                  num_frames: 21
                         fps: 16
                      prompt: <redacted, len=62>
                  neg_prompt: None
                        seed: 42
                 infer_steps: 4
      num_outputs_per_prompt: 1
              guidance_scale: 1.0
     embedded_guidance_scale: 6.0
                    n_tokens: None
                  flow_shift: 5.0
                  image_path: inputs/uploads/8501397616a249c79b4cd931b7a978f9_first_frame
                 save_output: False
            output_file_path: outputs/8501397616a249c79b4cd931b7a978f9_6e88f82a270f4387884c71bc747f02c6.mp4
        
[09-20 06:46:17] Running pipeline stages: ['RealtimeInputValidationStage', 'RealtimeTextEncodingStage', 'AuxiliaryConditionEncodingStage', 'RealtimeImageVAEEncodingStage', 'DMDTimestepPreparationStage', 'RealtimeChunkLatentPreparationStage', 'LingBotWorldCausalDMDDenoisingStage', 'CausalVaeDecodingStage']
[09-20 06:46:17] [RealtimeInputValidationStage] started...
[09-20 06:46:17] [RealtimeInputValidationStage] finished in 0.0001 seconds
[09-20 06:46:17] [RealtimeTextEncodingStage] started...
[09-20 06:46:17] [RealtimeTextEncodingStage] finished in 0.0000 seconds
[09-20 06:46:17] [AuxiliaryConditionEncodingStage] started...
[09-20 06:46:17] [AuxiliaryConditionEncodingStage] finished in 0.0032 seconds
[09-20 06:46:17] [RealtimeImageVAEEncodingStage] started...
[09-20 06:46:17] [RealtimeImageVAEEncodingStage] finished in 0.0000 seconds
[09-20 06:46:17] [DMDTimestepPreparationStage] started...
[09-20 06:46:17] [DMDTimestepPreparationStage] finished in 0.0002 seconds
[09-20 06:46:17] realtime chunk timing: session_id=8501397616a249c79b4cd931b7a978f9 request_id=8501397616a249c79b4cd931b7a978f9_3431ff60cc194170af33e32d9086aa69 chunk_idx=22 event_id=None condition_kinds=['camera_actions'] request_prepare=0.46ms scheduler_forward=2475.48ms output_pace=0.00ms header_pack=0.01ms header_write=0.03ms raw_payload_build=1.48ms raw_write=4.54ms ws_write=4.57ms chunk_total=2482.86ms batches=1 frames=12 frame_shape=(480, 832, 3) raw_bytes=14376960 ws_payload_bytes=14377291 content_type=application/x-raw-rgb
[09-20 06:46:17] [RealtimeChunkLatentPreparationStage] started...
[09-20 06:46:17] [RealtimeChunkLatentPreparationStage] finished in 0.0001 seconds
[09-20 06:46:17] [LingBotWorldCausalDMDDenoisingStage] started...
[09-20 06:46:19] [LingBotWorldCausalDMDDenoisingStage] finished in 2.0992 seconds
[09-20 06:46:19] [CausalVaeDecodingStage] started...
[09-20 06:46:20] [CausalVaeDecodingStage] finished in 0.3471 seconds
[09-20 06:46:20] realtime raw RGB frame batch timing: request_id=8501397616a249c79b4cd931b7a978f9_6e88f82a270f4387884c71bc747f02c6 chunk_idx=23 sample_to_frames=1.25ms frames_to_bytes=2.21ms total=3.48ms batches=1 frames=12 frame_shape=(480, 832, 3) raw_bytes=14376960 content_type=application/x-raw-rgb
[09-20 06:46:20] Pixel data generated successfully in [92m2.47[0;0m seconds
[09-20 06:46:20] Peak memory usage: 82744.00 MB
[09-20 06:46:20] Adjusting number of frames from 21 to 21 based on model
[09-20 06:46:20] Sampling params:
                       width: 832
                      height: 480
                  num_frames: 21
                         fps: 16
                      prompt: <redacted, len=62>
                  neg_prompt: None
                        seed: 42
                 infer_steps: 4
      num_outputs_per_prompt: 1
              guidance_scale: 1.0
     embedded_guidance_scale: 6.0
                    n_tokens: None
                  flow_shift: 5.0
                  image_path: inputs/uploads/8501397616a249c79b4cd931b7a978f9_first_frame
                 save_output: False
            output_file_path: outputs/8501397616a249c79b4cd931b7a978f9_8f102616d2c4424b9d104fa69807f30b.mp4
        
[09-20 06:46:20] Running pipeline stages: ['RealtimeInputValidationStage', 'RealtimeTextEncodingStage', 'AuxiliaryConditionEncodingStage', 'RealtimeImageVAEEncodingStage', 'DMDTimestepPreparationStage', 'RealtimeChunkLatentPreparationStage', 'LingBotWorldCausalDMDDenoisingStage', 'CausalVaeDecodingStage']
[09-20 06:46:20] [RealtimeInputValidationStage] started...
[09-20 06:46:20] [RealtimeInputValidationStage] finished in 0.0001 seconds
[09-20 06:46:20] [RealtimeTextEncodingStage] started...
[09-20 06:46:20] [RealtimeTextEncodingStage] finished in 0.0000 seconds
[09-20 06:46:20] [AuxiliaryConditionEncodingStage] started...
[09-20 06:46:20] [AuxiliaryConditionEncodingStage] finished in 0.0033 seconds
[09-20 06:46:20] realtime chunk timing: session_id=8501397616a249c79b4cd931b7a978f9 request_id=8501397616a249c79b4cd931b7a978f9_6e88f82a270f4387884c71bc747f02c6 chunk_idx=23 event_id=None condition_kinds=['camera_actions'] request_prepare=0.45ms scheduler_forward=2474.44ms output_pace=0.00ms header_pack=0.01ms header_write=0.04ms raw_payload_build=1.47ms raw_write=4.56ms ws_write=4.60ms chunk_total=2481.85ms batches=1 frames=12 frame_shape=(480, 832, 3) raw_bytes=14376960 ws_payload_bytes=14377291 content_type=application/x-raw-rgb
[09-20 06:46:20] [RealtimeImageVAEEncodingStage] started...
[09-20 06:46:20] [RealtimeImageVAEEncodingStage] finished in 0.0000 seconds
[09-20 06:46:20] [DMDTimestepPreparationStage] started...
[09-20 06:46:20] [DMDTimestepPreparationStage] finished in 0.0002 seconds
[09-20 06:46:20] [RealtimeChunkLatentPreparationStage] started...
[09-20 06:46:20] [RealtimeChunkLatentPreparationStage] finished in 0.0001 seconds
[09-20 06:46:20] [LingBotWorldCausalDMDDenoisingStage] started...
[09-20 06:46:22] [LingBotWorldCausalDMDDenoisingStage] finished in 2.1013 seconds
[09-20 06:46:22] [CausalVaeDecodingStage] started...
[09-20 06:46:22] [CausalVaeDecodingStage] finished in 0.3478 seconds
[09-20 06:46:22] realtime raw RGB frame batch timing: request_id=8501397616a249c79b4cd931b7a978f9_8f102616d2c4424b9d104fa69807f30b chunk_idx=24 sample_to_frames=2.63ms frames_to_bytes=3.51ms total=6.18ms batches=1 frames=12 frame_shape=(480, 832, 3) raw_bytes=14376960 content_type=application/x-raw-rgb
[09-20 06:46:22] Pixel data generated successfully in [92m2.48[0;0m seconds
[09-20 06:46:22] Peak memory usage: 82744.00 MB
[09-20 06:46:22] Adjusting number of frames from 21 to 21 based on model
[09-20 06:46:22] Sampling params:
                       width: 832
                      height: 480
                  num_frames: 21
                         fps: 16
                      prompt: <redacted, len=62>
                  neg_prompt: None
                        seed: 42
                 infer_steps: 4
      num_outputs_per_prompt: 1
              guidance_scale: 1.0
     embedded_guidance_scale: 6.0
                    n_tokens: None
                  flow_shift: 5.0
                  image_path: inputs/uploads/8501397616a249c79b4cd931b7a978f9_first_frame
                 save_output: False
            output_file_path: outputs/8501397616a249c79b4cd931b7a978f9_15b8315c06cc4f06a5aaa7b3c937f375.mp4
        
[09-20 06:46:22] Running pipeline stages: ['RealtimeInputValidationStage', 'RealtimeTextEncodingStage', 'AuxiliaryConditionEncodingStage', 'RealtimeImageVAEEncodingStage', 'DMDTimestepPreparationStage', 'RealtimeChunkLatentPreparationStage', 'LingBotWorldCausalDMDDenoisingStage', 'CausalVaeDecodingStage']
[09-20 06:46:22] [RealtimeInputValidationStage] started...
[09-20 06:46:22] [RealtimeInputValidationStage] finished in 0.0001 seconds
[09-20 06:46:22] [RealtimeTextEncodingStage] started...
[09-20 06:46:22] [RealtimeTextEncodingStage] finished in 0.0000 seconds
[09-20 06:46:22] [AuxiliaryConditionEncodingStage] started...
[09-20 06:46:22] [AuxiliaryConditionEncodingStage] finished in 0.0032 seconds
[09-20 06:46:22] [RealtimeImageVAEEncodingStage] started...
[09-20 06:46:22] [RealtimeImageVAEEncodingStage] finished in 0.0000 seconds
[09-20 06:46:22] [DMDTimestepPreparationStage] started...
[09-20 06:46:22] realtime chunk timing: session_id=8501397616a249c79b4cd931b7a978f9 request_id=8501397616a249c79b4cd931b7a978f9_8f102616d2c4424b9d104fa69807f30b chunk_idx=24 event_id=None condition_kinds=['camera_actions'] request_prepare=0.47ms scheduler_forward=2478.46ms output_pace=0.00ms header_pack=0.02ms header_write=0.03ms raw_payload_build=1.47ms raw_write=4.52ms ws_write=4.56ms chunk_total=2485.84ms batches=1 frames=12 frame_shape=(480, 832, 3) raw_bytes=14376960 ws_payload_bytes=14377291 content_type=application/x-raw-rgb
[09-20 06:46:22] [DMDTimestepPreparationStage] finished in 0.0002 seconds
[09-20 06:46:22] [RealtimeChunkLatentPreparationStage] started...
[09-20 06:46:22] [RealtimeChunkLatentPreparationStage] finished in 0.0001 seconds
[09-20 06:46:22] [LingBotWorldCausalDMDDenoisingStage] started...
[09-20 06:46:24] [LingBotWorldCausalDMDDenoisingStage] finished in 2.1001 seconds
[09-20 06:46:24] [CausalVaeDecodingStage] started...
[09-20 06:46:25] [CausalVaeDecodingStage] finished in 0.3481 seconds
[09-20 06:46:25] realtime raw RGB frame batch timing: request_id=8501397616a249c79b4cd931b7a978f9_15b8315c06cc4f06a5aaa7b3c937f375 chunk_idx=25 sample_to_frames=1.26ms frames_to_bytes=3.04ms total=4.32ms batches=1 frames=12 frame_shape=(480, 832, 3) raw_bytes=14376960 content_type=application/x-raw-rgb
[09-20 06:46:25] Pixel data generated successfully in [92m2.48[0;0m seconds
[09-20 06:46:25] Peak memory usage: 82744.00 MB
[09-20 06:46:25] Adjusting number of frames from 21 to 21 based on model
[09-20 06:46:25] Sampling params:
                       width: 832
                      height: 480
                  num_frames: 21
                         fps: 16
                      prompt: <redacted, len=62>
                  neg_prompt: None
                        seed: 42
                 infer_steps: 4
      num_outputs_per_prompt: 1
              guidance_scale: 1.0
     embedded_guidance_scale: 6.0
                    n_tokens: None
                  flow_shift: 5.0
                  image_path: inputs/uploads/8501397616a249c79b4cd931b7a978f9_first_frame
                 save_output: False
            output_file_path: outputs/8501397616a249c79b4cd931b7a978f9_88add9f6672640e497dc414cbb71218d.mp4
        
[09-20 06:46:25] Running pipeline stages: ['RealtimeInputValidationStage', 'RealtimeTextEncodingStage', 'AuxiliaryConditionEncodingStage', 'RealtimeImageVAEEncodingStage', 'DMDTimestepPreparationStage', 'RealtimeChunkLatentPreparationStage', 'LingBotWorldCausalDMDDenoisingStage', 'CausalVaeDecodingStage']
[09-20 06:46:25] [RealtimeInputValidationStage] started...
[09-20 06:46:25] [RealtimeInputValidationStage] finished in 0.0001 seconds
[09-20 06:46:25] [RealtimeTextEncodingStage] started...
[09-20 06:46:25] [RealtimeTextEncodingStage] finished in 0.0000 seconds
[09-20 06:46:25] [AuxiliaryConditionEncodingStage] started...
[09-20 06:46:25] [AuxiliaryConditionEncodingStage] finished in 0.0033 seconds
[09-20 06:46:25] [RealtimeImageVAEEncodingStage] started...
[09-20 06:46:25] [RealtimeImageVAEEncodingStage] finished in 0.0000 seconds
[09-20 06:46:25] [DMDTimestepPreparationStage] started...
[09-20 06:46:25] realtime chunk timing: session_id=8501397616a249c79b4cd931b7a978f9 request_id=8501397616a249c79b4cd931b7a978f9_15b8315c06cc4f06a5aaa7b3c937f375 chunk_idx=25 event_id=None condition_kinds=['camera_actions'] request_prepare=0.46ms scheduler_forward=2477.42ms output_pace=0.00ms header_pack=0.01ms header_write=0.03ms raw_payload_build=1.47ms raw_write=4.47ms ws_write=4.50ms chunk_total=2484.72ms batches=1 frames=12 frame_shape=(480, 832, 3) raw_bytes=14376960 ws_payload_bytes=14377291 content_type=application/x-raw-rgb
[09-20 06:46:25] [DMDTimestepPreparationStage] finished in 0.0002 seconds
[09-20 06:46:25] [RealtimeChunkLatentPreparationStage] started...
[09-20 06:46:25] [RealtimeChunkLatentPreparationStage] finished in 0.0001 seconds
[09-20 06:46:25] [LingBotWorldCausalDMDDenoisingStage] started...
[09-20 06:46:27] [LingBotWorldCausalDMDDenoisingStage] finished in 2.0978 seconds
[09-20 06:46:27] [CausalVaeDecodingStage] started...
[09-20 06:46:27] [CausalVaeDecodingStage] finished in 0.3471 seconds
[09-20 06:46:27] realtime raw RGB frame batch timing: request_id=8501397616a249c79b4cd931b7a978f9_88add9f6672640e497dc414cbb71218d chunk_idx=26 sample_to_frames=1.25ms frames_to_bytes=2.04ms total=3.32ms batches=1 frames=12 frame_shape=(480, 832, 3) raw_bytes=14376960 content_type=application/x-raw-rgb
[09-20 06:46:27] Pixel data generated successfully in [92m2.47[0;0m seconds
[09-20 06:46:27] Peak memory usage: 82744.00 MB
[09-20 06:46:27] Adjusting number of frames from 21 to 21 based on model
[09-20 06:46:27] Sampling params:
                       width: 832
                      height: 480
                  num_frames: 21
                         fps: 16
                      prompt: <redacted, len=62>
                  neg_prompt: None
                        seed: 42
                 infer_steps: 4
      num_outputs_per_prompt: 1
              guidance_scale: 1.0
     embedded_guidance_scale: 6.0
                    n_tokens: None
                  flow_shift: 5.0
                  image_path: inputs/uploads/8501397616a249c79b4cd931b7a978f9_first_frame
                 save_output: False
            output_file_path: outputs/8501397616a249c79b4cd931b7a978f9_8f49e15861a044f4b6c2c474f070395e.mp4
        
[09-20 06:46:27] Running pipeline stages: ['RealtimeInputValidationStage', 'RealtimeTextEncodingStage', 'AuxiliaryConditionEncodingStage', 'RealtimeImageVAEEncodingStage', 'DMDTimestepPreparationStage', 'RealtimeChunkLatentPreparationStage', 'LingBotWorldCausalDMDDenoisingStage', 'CausalVaeDecodingStage']
[09-20 06:46:27] [RealtimeInputValidationStage] started...
[09-20 06:46:27] [RealtimeInputValidationStage] finished in 0.0001 seconds
[09-20 06:46:27] [RealtimeTextEncodingStage] started...
[09-20 06:46:27] [RealtimeTextEncodingStage] finished in 0.0000 seconds
[09-20 06:46:27] [AuxiliaryConditionEncodingStage] started...
[09-20 06:46:27] [AuxiliaryConditionEncodingStage] finished in 0.0033 seconds
[09-20 06:46:27] [RealtimeImageVAEEncodingStage] started...
[09-20 06:46:27] [RealtimeImageVAEEncodingStage] finished in 0.0000 seconds
[09-20 06:46:27] [DMDTimestepPreparationStage] started...
[09-20 06:46:27] [DMDTimestepPreparationStage] finished in 0.0002 seconds
[09-20 06:46:27] realtime chunk timing: session_id=8501397616a249c79b4cd931b7a978f9 request_id=8501397616a249c79b4cd931b7a978f9_88add9f6672640e497dc414cbb71218d chunk_idx=26 event_id=None condition_kinds=['camera_actions'] request_prepare=0.45ms scheduler_forward=2469.98ms output_pace=0.00ms header_pack=0.01ms header_write=0.03ms raw_payload_build=1.47ms raw_write=4.47ms ws_write=4.50ms chunk_total=2477.27ms batches=1 frames=12 frame_shape=(480, 832, 3) raw_bytes=14376960 ws_payload_bytes=14377291 content_type=application/x-raw-rgb
[09-20 06:46:27] [RealtimeChunkLatentPreparationStage] started...
[09-20 06:46:27] [RealtimeChunkLatentPreparationStage] finished in 0.0001 seconds
[09-20 06:46:27] [LingBotWorldCausalDMDDenoisingStage] started...
[09-20 06:46:29] [LingBotWorldCausalDMDDenoisingStage] finished in 2.0999 seconds
[09-20 06:46:29] [CausalVaeDecodingStage] started...
[09-20 06:46:30] [CausalVaeDecodingStage] finished in 0.3478 seconds
[09-20 06:46:30] realtime raw RGB frame batch timing: request_id=8501397616a249c79b4cd931b7a978f9_8f49e15861a044f4b6c2c474f070395e chunk_idx=27 sample_to_frames=1.27ms frames_to_bytes=2.30ms total=3.60ms batches=1 frames=12 frame_shape=(480, 832, 3) raw_bytes=14376960 content_type=application/x-raw-rgb
[09-20 06:46:30] Pixel data generated successfully in [92m2.47[0;0m seconds
[09-20 06:46:30] Peak memory usage: 82744.00 MB
[09-20 06:46:30] Adjusting number of frames from 21 to 21 based on model
[09-20 06:46:30] Sampling params:
                       width: 832
                      height: 480
                  num_frames: 21
                         fps: 16
                      prompt: <redacted, len=62>
                  neg_prompt: None
                        seed: 42
                 infer_steps: 4
      num_outputs_per_prompt: 1
              guidance_scale: 1.0
     embedded_guidance_scale: 6.0
                    n_tokens: None
                  flow_shift: 5.0
                  image_path: inputs/uploads/8501397616a249c79b4cd931b7a978f9_first_frame
                 save_output: False
            output_file_path: outputs/8501397616a249c79b4cd931b7a978f9_b6a41da163a5443fb5f271c16ae46d1a.mp4
        
[09-20 06:46:30] Running pipeline stages: ['RealtimeInputValidationStage', 'RealtimeTextEncodingStage', 'AuxiliaryConditionEncodingStage', 'RealtimeImageVAEEncodingStage', 'DMDTimestepPreparationStage', 'RealtimeChunkLatentPreparationStage', 'LingBotWorldCausalDMDDenoisingStage', 'CausalVaeDecodingStage']
[09-20 06:46:30] [RealtimeInputValidationStage] started...
[09-20 06:46:30] [RealtimeInputValidationStage] finished in 0.0001 seconds
[09-20 06:46:30] [RealtimeTextEncodingStage] started...
[09-20 06:46:30] [RealtimeTextEncodingStage] finished in 0.0000 seconds
[09-20 06:46:30] [AuxiliaryConditionEncodingStage] started...
[09-20 06:46:30] [AuxiliaryConditionEncodingStage] finished in 0.0033 seconds
[09-20 06:46:30] [RealtimeImageVAEEncodingStage] started...
[09-20 06:46:30] [RealtimeImageVAEEncodingStage] finished in 0.0000 seconds
[09-20 06:46:30] [DMDTimestepPreparationStage] started...
[09-20 06:46:30] [DMDTimestepPreparationStage] finished in 0.0002 seconds
[09-20 06:46:30] realtime chunk timing: session_id=8501397616a249c79b4cd931b7a978f9 request_id=8501397616a249c79b4cd931b7a978f9_8f49e15861a044f4b6c2c474f070395e chunk_idx=27 event_id=None condition_kinds=['camera_actions'] request_prepare=0.45ms scheduler_forward=2472.78ms output_pace=0.00ms header_pack=0.01ms header_write=0.04ms raw_payload_build=1.50ms raw_write=4.51ms ws_write=4.54ms chunk_total=2480.12ms batches=1 frames=12 frame_shape=(480, 832, 3) raw_bytes=14376960 ws_payload_bytes=14377291 content_type=application/x-raw-rgb
[09-20 06:46:30] [RealtimeChunkLatentPreparationStage] started...
[09-20 06:46:30] [RealtimeChunkLatentPreparationStage] finished in 0.0001 seconds
[09-20 06:46:30] [LingBotWorldCausalDMDDenoisingStage] started...
[09-20 06:46:32] [LingBotWorldCausalDMDDenoisingStage] finished in 2.1012 seconds
[09-20 06:46:32] [CausalVaeDecodingStage] started...
[09-20 06:46:32] [CausalVaeDecodingStage] finished in 0.3466 seconds
[09-20 06:46:32] realtime raw RGB frame batch timing: request_id=8501397616a249c79b4cd931b7a978f9_b6a41da163a5443fb5f271c16ae46d1a chunk_idx=28 sample_to_frames=1.24ms frames_to_bytes=2.06ms total=3.33ms batches=1 frames=12 frame_shape=(480, 832, 3) raw_bytes=14376960 content_type=application/x-raw-rgb
[09-20 06:46:32] Pixel data generated successfully in [92m2.47[0;0m seconds
[09-20 06:46:32] Peak memory usage: 82744.00 MB
[09-20 06:46:32] Adjusting number of frames from 21 to 21 based on model
[09-20 06:46:32] Sampling params:
                       width: 832
                      height: 480
                  num_frames: 21
                         fps: 16
                      prompt: <redacted, len=62>
                  neg_prompt: None
                        seed: 42
                 infer_steps: 4
      num_outputs_per_prompt: 1
              guidance_scale: 1.0
     embedded_guidance_scale: 6.0
                    n_tokens: None
                  flow_shift: 5.0
                  image_path: inputs/uploads/8501397616a249c79b4cd931b7a978f9_first_frame
                 save_output: False
            output_file_path: outputs/8501397616a249c79b4cd931b7a978f9_b5a2092c5fc844b79de1d1a4d6c46d73.mp4
        
[09-20 06:46:32] Running pipeline stages: ['RealtimeInputValidationStage', 'RealtimeTextEncodingStage', 'AuxiliaryConditionEncodingStage', 'RealtimeImageVAEEncodingStage', 'DMDTimestepPreparationStage', 'RealtimeChunkLatentPreparationStage', 'LingBotWorldCausalDMDDenoisingStage', 'CausalVaeDecodingStage']
[09-20 06:46:32] [RealtimeInputValidationStage] started...
[09-20 06:46:32] [RealtimeInputValidationStage] finished in 0.0001 seconds
[09-20 06:46:32] [RealtimeTextEncodingStage] started...
[09-20 06:46:32] [RealtimeTextEncodingStage] finished in 0.0000 seconds
[09-20 06:46:32] [AuxiliaryConditionEncodingStage] started...
[09-20 06:46:32] [AuxiliaryConditionEncodingStage] finished in 0.0034 seconds
[09-20 06:46:32] [RealtimeImageVAEEncodingStage] started...
[09-20 06:46:32] [RealtimeImageVAEEncodingStage] finished in 0.0000 seconds
[09-20 06:46:32] [DMDTimestepPreparationStage] started...
[09-20 06:46:32] realtime chunk timing: session_id=8501397616a249c79b4cd931b7a978f9 request_id=8501397616a249c79b4cd931b7a978f9_b6a41da163a5443fb5f271c16ae46d1a chunk_idx=28 event_id=None condition_kinds=['camera_actions'] request_prepare=0.44ms scheduler_forward=2472.03ms output_pace=0.00ms header_pack=0.01ms header_write=0.03ms raw_payload_build=1.46ms raw_write=4.47ms ws_write=4.50ms chunk_total=2479.30ms batches=1 frames=12 frame_shape=(480, 832, 3) raw_bytes=14376960 ws_payload_bytes=14377291 content_type=application/x-raw-rgb
[09-20 06:46:32] [DMDTimestepPreparationStage] finished in 0.0002 seconds
[09-20 06:46:32] [RealtimeChunkLatentPreparationStage] started...
[09-20 06:46:32] [RealtimeChunkLatentPreparationStage] finished in 0.0001 seconds
[09-20 06:46:32] [LingBotWorldCausalDMDDenoisingStage] started...
[09-20 06:46:34] [LingBotWorldCausalDMDDenoisingStage] finished in 2.0985 seconds
[09-20 06:46:34] [CausalVaeDecodingStage] started...
[09-20 06:46:35] [CausalVaeDecodingStage] finished in 0.3476 seconds
[09-20 06:46:35] realtime raw RGB frame batch timing: request_id=8501397616a249c79b4cd931b7a978f9_b5a2092c5fc844b79de1d1a4d6c46d73 chunk_idx=29 sample_to_frames=1.28ms frames_to_bytes=2.06ms total=3.36ms batches=1 frames=12 frame_shape=(480, 832, 3) raw_bytes=14376960 content_type=application/x-raw-rgb
[09-20 06:46:35] Pixel data generated successfully in [92m2.47[0;0m seconds
[09-20 06:46:35] Peak memory usage: 82744.00 MB
[09-20 06:46:35] realtime chunk timing: session_id=8501397616a249c79b4cd931b7a978f9 request_id=8501397616a249c79b4cd931b7a978f9_b5a2092c5fc844b79de1d1a4d6c46d73 chunk_idx=29 event_id=None condition_kinds=['camera_actions'] request_prepare=0.45ms scheduler_forward=2470.85ms output_pace=0.00ms header_pack=0.01ms header_write=0.03ms raw_payload_build=1.43ms raw_write=4.41ms ws_write=4.44ms chunk_total=2477.25ms batches=1 frames=12 frame_shape=(480, 832, 3) raw_bytes=14376960 ws_payload_bytes=14377291 content_type=application/x-raw-rgb
[09-20 06:46:35] generation reached max chunks, session_id=8501397616a249c79b4cd931b7a978f9, max_chunks=30
[09-20 06:46:35] terminating session, session_id=8501397616a249c79b4cd931b7a978f9
[09-20 06:46:35] Realtime session release: session_id=8501397616a249c79b4cd931b7a978f9 released=True
[2026-09-20 06:46:37] [32mINFO[0m:     Shutting down
[2026-09-20 06:46:37] [32mINFO[0m:     Waiting for application shutdown.
[09-20 06:46:37] FastAPI app is shutting down...
[2026-09-20 06:46:37] [32mINFO[0m:     Application shutdown complete.
[2026-09-20 06:46:37] [32mINFO[0m:     Finished server process [[36m127495[0m]
/usr/lib/python3.12/multiprocessing/resource_tracker.py:254: UserWarning: resource_tracker: There appear to be 1 leaked semaphore objects to clean up at shutdown
  warnings.warn('resource_tracker: There appear to be %d '
