Flax classes are deprecated and will be removed in Diffusers v1.0.0. We recommend migrating to PyTorch classes or pinning your version of Diffusers.
Flax classes are deprecated and will be removed in Diffusers v1.0.0. We recommend migrating to PyTorch classes or pinning your version of Diffusers.
[09-20 06:42:09] server_args: {"model_path": "robbyant/lingbot-world-v2-14b-causal-fast-diffusers", "model_subfolder": null, "model_variant": null, "model_id": null, "served_model_name": "robbyant/lingbot-world-v2-14b-causal-fast-diffusers", "backend": "auto", "attention_backend": null, "enable_attention_backend_autotune": false, "attention_backend_config": {}, "component_attention_backends": {}, "cache_dit_config": null, "nccl_port": null, "enable_nccl_nvls": false, "trust_remote_code": false, "revision": null, "num_gpus": 1, "performance_mode": "manual", "base_gpu_id": 0, "gpu_ids": null, "nnodes": 1, "node_rank": 0, "dist_init_addr": null, "tp_size": 1, "sp_degree": 1, "ulysses_degree": 1, "ring_degree": 1, "kv_gather_degree": 1, "sp_split_auto": false, "dp_size": 1, "enable_cfg_parallel": false, "cfg_parallel_degree": 1, "encoder_parallel": "auto", "hsdp_replicate_dim": 1, "hsdp_shard_dim": 1, "dist_timeout": 3600, "scheduler_rpc_timeout": null, "pipeline_class_name": null, "lora_path": null, "lora_nickname": "default", "lora_scale": 1.0, "lora_alpha": null, "lora_merge_mode": "auto", "lora_weight_name": null, "component_paths": {}, "component_weights_paths": {}, "component_direct_gpu_weight_loading": {}, "component_quantizations": {}, "component_precisions": {}, "component_quantization_ignored_layers": {}, "load_diffusion_decoder": false, "transformer_weights_path": null, "minimax_h3_adaln_cache_path": null, "minimax_h3_adaln_online": false, "minimax_h3_adaln_plan_width": 4, "minimax_h3_adaln_host_cache_gb": 8.0, "quantization": null, "quantization_ignored_layers": null, "lora_target_modules": null, "component_residency": null, "cpu_offload_components": null, "dit_cpu_offload": false, "direct_gpu_weight_loading": false, "dit_layerwise_offload": false, "layerwise_offload_components": null, "dit_offload_prefetch_size": 0.0, "dit_layerwise_resident_layers": 0.0, "dit_layerwise_residency_policy": "leading", "layerwise_prefetch_size": {}, "layerwise_resident_layers": {}, "layerwise_residency_policy": {}, "offload_during_compile": true, "text_encoder_cpu_offload": true, "image_encoder_cpu_offload": null, "vae_cpu_offload": false, "use_fsdp_inference": null, "pin_cpu_memory": true, "ltx2_two_stage_device_mode": null, "comfyui_mode": false, "enable_torch_compile": false, "regional_compile": false, "enable_breakable_cuda_graph": false, "bcg_text_buckets": null, "enable_layerwise_nvtx_marker": false, "warmup_mode": "server", "warmup_resolutions": ["832x480"], "warmup_num_frames": 9, "warmup_steps": 1, "warmup_sampling_params": null, "disable_autocast": false, "master_port": 24300, "host": "127.0.0.1", "port": 24200, "enable_metrics": false, "webui": false, "webui_port": 12312, "scheduler_port": 5620, "scheduler_ports": [5620], "batching_mode": "dynamic", "batching_max_size": 1, "batching_delay_ms": 0.0, "batching_config": null, "enable_batching_metrics": false, "strict_ports": false, "output_path": "outputs/", "input_save_path": "inputs/uploads", "prompt_file_path": null, "model_paths": {}, "model_loaded": {"transformer": true, "vae": true, "video_vae": true, "audio_vae": true, "video_dit": true, "audio_dit": true, "dual_tower_bridge": true}, "boundary_ratio": null, "disagg_role": "monolithic", "disagg_timeout": 3600, "disagg_downstream_wait_timeout": 1800, "disagg_dispatch_policy": "round_robin", "disagg_mode": false, "disagg_instance_id": 0, "disagg_max_slots_per_instance": 8, "disagg_transfer_redundancy": 1.25, "disagg_role_device": "auto", "disagg_transfer_backend": "auto", "disagg_transfer_pool_size": 268435456, "disagg_transfer_pin_memory": "auto", "disagg_p2p_hostname": "127.0.0.1", "disagg_ib_device": null, "disagg_server_addr": null, "encoder_urls": null, "denoiser_urls": null, "decoder_urls": null, "encoder_tp": null, "denoiser_tp": null, "denoiser_sp": null, "denoiser_ulysses": null, "denoiser_ring": null, "decoder_sp": null, "pool_work_endpoint": null, "pool_result_endpoint": null, "pool_control_endpoint": null, "pool_control_advertised_endpoint": null, "log_level": "info", "log_requests": false, "log_requests_level": 2, "log_requests_format": "text", "log_requests_target": null, "uvicorn_access_log_exclude_prefixes": [], "enable_cache_report": false, "enable_trace": false, "otlp_traces_endpoint": "localhost:4317", "otlp_service_name": null, "srt_encoder_url": null, "srt_encoder_connect_timeout": 3.05, "srt_encoder_timeout": 100, "pe_server_url": null}
[09-20 06:42:09] Starting server...
Flax classes are deprecated and will be removed in Diffusers v1.0.0. We recommend migrating to PyTorch classes or pinning your version of Diffusers.
Flax classes are deprecated and will be removed in Diffusers v1.0.0. We recommend migrating to PyTorch classes or pinning your version of Diffusers.
[09-20 06:42:22] Scheduler (dp replica 0) bind at endpoint: tcp://127.0.0.1:5620
[09-20 06:42:22] torch.compile cache: TORCHINDUCTOR_CACHE_DIR=/campaign/model-caches/lingbot-world-v2-cycle/sglang/torch_compile_cache/inductor TRITON_CACHE_DIR=/campaign/model-caches/lingbot-world-v2-cycle/sglang/torch_compile_cache/triton
[09-20 06:42:22] Initializing distributed environment with world_size=1, device=cuda:0, timeout=3600
[09-20 06:42:22] Setting distributed timeout to 3600 seconds
[09-20 06:42:23] No pipeline_class_name specified, using model_index.json
[09-20 06:42:24] Using pipeline from model_index.json: LingBotWorldCausalDMDPipeline
[09-20 06:42:24] Loading pipeline modules...
[09-20 06:42:24] Checking for cached model in Hugging Face Hub cache for robbyant/lingbot-world-v2-14b-causal-fast-diffusers...
[09-20 06:42:24] Found complete model in cache at /campaign/model-caches/lingbot-world-v2-cycle/huggingface/hub/models--robbyant--lingbot-world-v2-14b-causal-fast-diffusers/snapshots/59cccf49f2d2dd27418ae7a04b82b10868d455c2
[09-20 06:42:24] Model path: /campaign/model-caches/lingbot-world-v2-cycle/huggingface/hub/models--robbyant--lingbot-world-v2-14b-causal-fast-diffusers/snapshots/59cccf49f2d2dd27418ae7a04b82b10868d455c2
[09-20 06:42:24] Diffusers version: 0.35.0.dev0
[09-20 06:42:24] Loading pipeline modules from config: {'_class_name': 'LingBotWorldCausalDMDPipeline', '_diffusers_version': '0.35.0.dev0', 'boundary_ratio': 0.9, 'image_encoder': [None, None], 'image_processor': [None, None], 'scheduler': ['diffusers', 'UniPCMultistepScheduler'], 'text_encoder': ['transformers', 'UMT5EncoderModel'], 'tokenizer': ['transformers', 'T5TokenizerFast'], 'transformer': ['diffusers', 'CausalLingBotWorldTransformer3DModel'], 'transformer_2': [None, None], 'vae': ['diffusers', 'AutoencoderKLWan']}
[09-20 06:42:24] MoE pipeline detected. Adding transformer_2 to self.required_config_modules...
[09-20 06:42:24] Setting boundary ratio to 0.9
[09-20 06:42:24] Loading required components: ['text_encoder', 'tokenizer', 'vae', 'transformer', 'scheduler', 'image_encoder', 'image_processor', 'transformer_2']
[93m[09-20 06:42:24] Module image_encoder in model_index.json has null value, removing from required_config_modules[0;0m
[93m[09-20 06:42:24] Module image_processor in model_index.json has null value, removing from required_config_modules[0;0m
[93m[09-20 06:42:24] Module transformer_2 in model_index.json has null value, removing from required_config_modules[0;0m
[09-20 06:42:24] Memory-aware component load order: ['transformer', 'text_encoder', 'vae', 'tokenizer', 'scheduler']
Loading required modules:   0%|          | 0/5 [00:00<?, ?it/s][09-20 06:42:25] Loading transformer from /campaign/model-caches/lingbot-world-v2-cycle/huggingface/hub/models--robbyant--lingbot-world-v2-14b-causal-fast-diffusers/snapshots/59cccf49f2d2dd27418ae7a04b82b10868d455c2/transformer. avail mem: 138.65 GB
[09-20 06:42:25] Loading CausalLingBotWorldTransformer3DModel from 8 safetensors file(s) , param_dtype: torch.bfloat16

Loading safetensors checkpoint shards: 0%|          | 0/8[ALoading safetensors checkpoint shards: 100%|██████████| 8/8
[09-20 06:42:33] Attention backends for transformer: fa
[09-20 06:42:33] Loaded transformer: CausalLingBotWorldTransformer3DModel (sgl-diffusion version). model size: 40.4 GB, vram: 40.40 GB. avail GPU mem: 96.74 GB
Loading required modules:  20%|██        | 1/5 [00:08<00:33,  8.47s/it][09-20 06:42:33] Loading text_encoder from /campaign/model-caches/lingbot-world-v2-cycle/huggingface/hub/models--robbyant--lingbot-world-v2-14b-causal-fast-diffusers/snapshots/59cccf49f2d2dd27418ae7a04b82b10868d455c2/text_encoder. avail mem: 96.74 GB

Loading safetensors checkpoint shards: 0%|          | 0/3[A
Loading safetensors checkpoint shards: 33%|███▎      | 1/3[A
Loading safetensors checkpoint shards: 67%|██████▋   | 2/3[A
Loading safetensors checkpoint shards: 100%|██████████| 3/3[ALoading safetensors checkpoint shards: 100%|██████████| 3/3
[09-20 06:42:34] Loaded text_encoder: UMT5EncoderModel (sgl-diffusion version). model size: 10.58 GB, host pageable: 10.58 GB. avail GPU mem: 96.74 GB
Loading required modules:  40%|████      | 2/5 [00:09<00:12,  4.17s/it][09-20 06:42:34] Loading vae from /campaign/model-caches/lingbot-world-v2-cycle/huggingface/hub/models--robbyant--lingbot-world-v2-14b-causal-fast-diffusers/snapshots/59cccf49f2d2dd27418ae7a04b82b10868d455c2/vae. avail mem: 96.74 GB
[09-20 06:42:34] VAE: converted 61 Conv3d weights to channels_last_3d
[09-20 06:42:34] Wan VAE: installed quality-gated fast path (29 RMSNorm+SiLU fusions, 3 channels_last upsamples).
[09-20 06:42:34] Loaded vae: AutoencoderKLWan (sgl-diffusion version). model size: 0.47 GB, vram: 0.47 GB. avail GPU mem: 96.72 GB
Loading required modules:  60%|██████    | 3/5 [00:09<00:04,  2.37s/it][09-20 06:42:34] Loading tokenizer from /campaign/model-caches/lingbot-world-v2-cycle/huggingface/hub/models--robbyant--lingbot-world-v2-14b-causal-fast-diffusers/snapshots/59cccf49f2d2dd27418ae7a04b82b10868d455c2/tokenizer. avail mem: 96.72 GB
[09-20 06:42:36] Loaded tokenizer: T5Tokenizer (sgl-diffusion version). model size: NA GB, weights: none. avail GPU mem: 96.72 GB
Loading required modules:  80%|████████  | 4/5 [00:11<00:02,  2.08s/it][09-20 06:42:36] Loading scheduler from /campaign/model-caches/lingbot-world-v2-cycle/huggingface/hub/models--robbyant--lingbot-world-v2-14b-causal-fast-diffusers/snapshots/59cccf49f2d2dd27418ae7a04b82b10868d455c2/scheduler. avail mem: 96.72 GB
[09-20 06:42:36] Loaded scheduler: UniPCMultistepScheduler (sgl-diffusion version). model size: NA GB, weights: none. avail GPU mem: 96.72 GB
Loading required modules: 100%|██████████| 5/5 [00:11<00:00,  2.30s/it]
[09-20 06:42:36] Creating pipeline stages...
[09-20 06:42:36] Using fa attention backend
[09-20 06:42:36] Pipeline instantiated
[09-20 06:42:36] Worker 0: Initialized device, model, and distributed environment.
[09-20 06:42:36] Worker 0: Scheduler loop started.
[09-20 06:42:36] Starting FastAPI server.
[2026-09-20 06:42:36] [32mINFO[0m:     Started server process [[36m127060[0m]
[2026-09-20 06:42:36] [32mINFO[0m:     Waiting for application startup.
[09-20 06:42:36] ZMQ Broker is listening for offline jobs on tcp://127.0.0.1:24201
[2026-09-20 06:42:36] [32mINFO[0m:     Application startup complete.
[2026-09-20 06:42:36] [32mINFO[0m:     Uvicorn running on [1mhttp://127.0.0.1:24200[0m (Press CTRL+C to quit)
[2026-09-20 06:42:37] [32mINFO[0m:     127.0.0.1:59500 - "[1mGET /health HTTP/1.1[0m" [32m200 OK[0m
[2026-09-20 06:42:37] [32mINFO[0m:     127.0.0.1:59514 - "WebSocket /v1/realtime_video/generate" [accepted]
[2026-09-20 06:42:37] [32mINFO[0m:     connection open
[09-20 06:42:37] Adjusting number of frames from 21 to 21 based on model
[09-20 06:42:37] Sampling params:
                       width: 832
                      height: 480
                  num_frames: 21
                         fps: 16
                      prompt: <redacted, len=62>
                  neg_prompt: None
                        seed: 41
                 infer_steps: 4
      num_outputs_per_prompt: 1
              guidance_scale: 1.0
     embedded_guidance_scale: 6.0
                    n_tokens: None
                  flow_shift: 5.0
                  image_path: inputs/uploads/b0eb6e73d08b4459b414b26bd4aebf25_first_frame
                 save_output: False
            output_file_path: outputs/b0eb6e73d08b4459b414b26bd4aebf25_b6e9896100f7492e9f2ca91d00211742.mp4
        
[09-20 06:42:37] Running pipeline stages: ['RealtimeInputValidationStage', 'RealtimeTextEncodingStage', 'AuxiliaryConditionEncodingStage', 'RealtimeImageVAEEncodingStage', 'DMDTimestepPreparationStage', 'RealtimeChunkLatentPreparationStage', 'LingBotWorldCausalDMDDenoisingStage', 'CausalVaeDecodingStage']
[09-20 06:42:37] [RealtimeInputValidationStage] started...
[09-20 06:42:37] [RealtimeInputValidationStage] finished in 0.0469 seconds
[09-20 06:42:37] [RealtimeTextEncodingStage] started...
[09-20 06:42:39] [RealtimeTextEncodingStage] finished in 1.9176 seconds
[09-20 06:42:44] [AuxiliaryConditionEncodingStage] started...
[09-20 06:42:44] [AuxiliaryConditionEncodingStage] finished in 0.0561 seconds
[09-20 06:42:44] [RealtimeImageVAEEncodingStage] started...
[09-20 06:42:46] [RealtimeImageVAEEncodingStage] finished in 1.0092 seconds
[09-20 06:42:46] [DMDTimestepPreparationStage] started...
[09-20 06:42:46] [DMDTimestepPreparationStage] finished in 0.0004 seconds
[09-20 06:42:46] [RealtimeChunkLatentPreparationStage] started...
[09-20 06:42:46] [RealtimeChunkLatentPreparationStage] finished in 0.0023 seconds
[09-20 06:42:46] [LingBotWorldCausalDMDDenoisingStage] started...
[09-20 06:42:49] [LingBotWorldCausalDMDDenoisingStage] finished in 3.0524 seconds
[09-20 06:42:49] [CausalVaeDecodingStage] started...
[09-20 06:42:49] [CausalVaeDecodingStage] finished in 0.2860 seconds
[09-20 06:42:49] realtime raw RGB frame batch timing: request_id=b0eb6e73d08b4459b414b26bd4aebf25_b6e9896100f7492e9f2ca91d00211742 chunk_idx=0 sample_to_frames=3.92ms frames_to_bytes=6.08ms total=10.03ms batches=1 frames=9 frame_shape=(480, 832, 3) raw_bytes=10782720 content_type=application/x-raw-rgb
[09-20 06:42:49] Pixel data generated successfully in [92m12.07[0;0m seconds
[09-20 06:42:49] Peak memory usage: 82744.00 MB
[09-20 06:42:49] Adjusting number of frames from 21 to 21 based on model
[09-20 06:42:49] Sampling params:
                       width: 832
                      height: 480
                  num_frames: 21
                         fps: 16
                      prompt: <redacted, len=62>
                  neg_prompt: None
                        seed: 41
                 infer_steps: 4
      num_outputs_per_prompt: 1
              guidance_scale: 1.0
     embedded_guidance_scale: 6.0
                    n_tokens: None
                  flow_shift: 5.0
                  image_path: inputs/uploads/b0eb6e73d08b4459b414b26bd4aebf25_first_frame
                 save_output: False
            output_file_path: outputs/b0eb6e73d08b4459b414b26bd4aebf25_1299f220bb334c498d62f2643b416530.mp4
        
[09-20 06:42:49] Running pipeline stages: ['RealtimeInputValidationStage', 'RealtimeTextEncodingStage', 'AuxiliaryConditionEncodingStage', 'RealtimeImageVAEEncodingStage', 'DMDTimestepPreparationStage', 'RealtimeChunkLatentPreparationStage', 'LingBotWorldCausalDMDDenoisingStage', 'CausalVaeDecodingStage']
[09-20 06:42:49] [RealtimeInputValidationStage] started...
[09-20 06:42:49] [RealtimeInputValidationStage] finished in 0.0001 seconds
[09-20 06:42:49] [RealtimeTextEncodingStage] started...
[09-20 06:42:49] [RealtimeTextEncodingStage] finished in 0.0001 seconds
[09-20 06:42:49] [AuxiliaryConditionEncodingStage] started...
[09-20 06:42:49] [AuxiliaryConditionEncodingStage] finished in 0.0020 seconds
[09-20 06:42:49] [RealtimeImageVAEEncodingStage] started...
[09-20 06:42:49] [RealtimeImageVAEEncodingStage] finished in 0.0000 seconds
[09-20 06:42:49] [DMDTimestepPreparationStage] started...
[09-20 06:42:49] [DMDTimestepPreparationStage] finished in 0.0002 seconds
[09-20 06:42:49] [RealtimeChunkLatentPreparationStage] started...
[09-20 06:42:49] [RealtimeChunkLatentPreparationStage] finished in 0.0001 seconds
[09-20 06:42:49] [LingBotWorldCausalDMDDenoisingStage] started...
[09-20 06:42:49] realtime chunk timing: session_id=b0eb6e73d08b4459b414b26bd4aebf25 request_id=b0eb6e73d08b4459b414b26bd4aebf25_b6e9896100f7492e9f2ca91d00211742 chunk_idx=0 event_id=None condition_kinds=['camera_actions'] request_prepare=2.04ms scheduler_forward=12073.36ms output_pace=0.00ms header_pack=0.02ms header_write=0.06ms raw_payload_build=2.47ms raw_write=5.72ms ws_write=5.78ms chunk_total=12084.83ms batches=1 frames=9 frame_shape=(480, 832, 3) raw_bytes=10782720 ws_payload_bytes=10783051 content_type=application/x-raw-rgb
[09-20 06:42:50] [LingBotWorldCausalDMDDenoisingStage] finished in 1.6020 seconds
[09-20 06:42:50] [CausalVaeDecodingStage] started...
[09-20 06:42:51] [CausalVaeDecodingStage] finished in 0.3492 seconds
[09-20 06:42:51] realtime raw RGB frame batch timing: request_id=b0eb6e73d08b4459b414b26bd4aebf25_1299f220bb334c498d62f2643b416530 chunk_idx=1 sample_to_frames=1.29ms frames_to_bytes=2.07ms total=3.39ms batches=1 frames=12 frame_shape=(480, 832, 3) raw_bytes=14376960 content_type=application/x-raw-rgb
[09-20 06:42:51] Pixel data generated successfully in [92m1.99[0;0m seconds
[09-20 06:42:51] Peak memory usage: 82744.00 MB
[09-20 06:42:51] realtime chunk timing: session_id=b0eb6e73d08b4459b414b26bd4aebf25 request_id=b0eb6e73d08b4459b414b26bd4aebf25_1299f220bb334c498d62f2643b416530 chunk_idx=1 event_id=None condition_kinds=['camera_actions'] request_prepare=0.55ms scheduler_forward=1987.41ms output_pace=0.00ms header_pack=0.02ms header_write=0.04ms raw_payload_build=3.03ms raw_write=5.47ms ws_write=5.50ms chunk_total=1996.83ms batches=1 frames=12 frame_shape=(480, 832, 3) raw_bytes=14376960 ws_payload_bytes=14377291 content_type=application/x-raw-rgb
[09-20 06:42:51] generation reached max chunks, session_id=b0eb6e73d08b4459b414b26bd4aebf25, max_chunks=2
[09-20 06:42:51] terminating session, session_id=b0eb6e73d08b4459b414b26bd4aebf25
[09-20 06:42:51] Realtime session release: session_id=b0eb6e73d08b4459b414b26bd4aebf25 released=True
[2026-09-20 06:42:52] [32mINFO[0m:     127.0.0.1:41290 - "WebSocket /v1/realtime_video/generate" [accepted]
[2026-09-20 06:42:52] [32mINFO[0m:     connection open
[09-20 06:42:52] Adjusting number of frames from 21 to 21 based on model
[09-20 06:42:52] Sampling params:
                       width: 832
                      height: 480
                  num_frames: 21
                         fps: 16
                      prompt: <redacted, len=62>
                  neg_prompt: None
                        seed: 42
                 infer_steps: 4
      num_outputs_per_prompt: 1
              guidance_scale: 1.0
     embedded_guidance_scale: 6.0
                    n_tokens: None
                  flow_shift: 5.0
                  image_path: inputs/uploads/c4e8c1d3de014b5c81e88d09fd371e2e_first_frame
                 save_output: False
            output_file_path: outputs/c4e8c1d3de014b5c81e88d09fd371e2e_dba837829dee43bc82272a94cf6ebf77.mp4
        
[09-20 06:42:52] Running pipeline stages: ['RealtimeInputValidationStage', 'RealtimeTextEncodingStage', 'AuxiliaryConditionEncodingStage', 'RealtimeImageVAEEncodingStage', 'DMDTimestepPreparationStage', 'RealtimeChunkLatentPreparationStage', 'LingBotWorldCausalDMDDenoisingStage', 'CausalVaeDecodingStage']
[09-20 06:42:52] [RealtimeInputValidationStage] started...
[09-20 06:42:52] [RealtimeInputValidationStage] finished in 0.0389 seconds
[09-20 06:42:52] [RealtimeTextEncodingStage] started...
[09-20 06:42:52] [RealtimeTextEncodingStage] finished in 0.3019 seconds
[09-20 06:42:52] [AuxiliaryConditionEncodingStage] started...
[09-20 06:42:52] [AuxiliaryConditionEncodingStage] finished in 0.0016 seconds
[09-20 06:42:52] [RealtimeImageVAEEncodingStage] started...
[09-20 06:42:53] [RealtimeImageVAEEncodingStage] finished in 0.3767 seconds
[09-20 06:42:53] [DMDTimestepPreparationStage] started...
[09-20 06:42:53] [DMDTimestepPreparationStage] finished in 0.0002 seconds
[09-20 06:42:53] [RealtimeChunkLatentPreparationStage] started...
[09-20 06:42:53] [RealtimeChunkLatentPreparationStage] finished in 0.0001 seconds
[09-20 06:42:53] [LingBotWorldCausalDMDDenoisingStage] started...
[09-20 06:42:54] [LingBotWorldCausalDMDDenoisingStage] finished in 1.4879 seconds
[09-20 06:42:54] [CausalVaeDecodingStage] started...
[09-20 06:42:55] [CausalVaeDecodingStage] finished in 0.2729 seconds
[09-20 06:42:55] realtime raw RGB frame batch timing: request_id=c4e8c1d3de014b5c81e88d09fd371e2e_dba837829dee43bc82272a94cf6ebf77 chunk_idx=0 sample_to_frames=1.71ms frames_to_bytes=4.33ms total=6.07ms batches=1 frames=9 frame_shape=(480, 832, 3) raw_bytes=10782720 content_type=application/x-raw-rgb
[09-20 06:42:55] Pixel data generated successfully in [92m2.73[0;0m seconds
[09-20 06:42:55] Peak memory usage: 82744.00 MB
[09-20 06:42:55] Adjusting number of frames from 21 to 21 based on model
[09-20 06:42:55] Sampling params:
                       width: 832
                      height: 480
                  num_frames: 21
                         fps: 16
                      prompt: <redacted, len=62>
                  neg_prompt: None
                        seed: 42
                 infer_steps: 4
      num_outputs_per_prompt: 1
              guidance_scale: 1.0
     embedded_guidance_scale: 6.0
                    n_tokens: None
                  flow_shift: 5.0
                  image_path: inputs/uploads/c4e8c1d3de014b5c81e88d09fd371e2e_first_frame
                 save_output: False
            output_file_path: outputs/c4e8c1d3de014b5c81e88d09fd371e2e_940bce7ea101497e99a8fb31a3ec2f00.mp4
        
[09-20 06:42:55] Running pipeline stages: ['RealtimeInputValidationStage', 'RealtimeTextEncodingStage', 'AuxiliaryConditionEncodingStage', 'RealtimeImageVAEEncodingStage', 'DMDTimestepPreparationStage', 'RealtimeChunkLatentPreparationStage', 'LingBotWorldCausalDMDDenoisingStage', 'CausalVaeDecodingStage']
[09-20 06:42:55] [RealtimeInputValidationStage] started...
[09-20 06:42:55] [RealtimeInputValidationStage] finished in 0.0001 seconds
[09-20 06:42:55] [RealtimeTextEncodingStage] started...
[09-20 06:42:55] [RealtimeTextEncodingStage] finished in 0.0000 seconds
[09-20 06:42:55] [AuxiliaryConditionEncodingStage] started...
[09-20 06:42:55] [AuxiliaryConditionEncodingStage] finished in 0.0018 seconds
[09-20 06:42:55] [RealtimeImageVAEEncodingStage] started...
[09-20 06:42:55] [RealtimeImageVAEEncodingStage] finished in 0.0000 seconds
[09-20 06:42:55] [DMDTimestepPreparationStage] started...
[09-20 06:42:55] [DMDTimestepPreparationStage] finished in 0.0002 seconds
[09-20 06:42:55] [RealtimeChunkLatentPreparationStage] started...
[09-20 06:42:55] [RealtimeChunkLatentPreparationStage] finished in 0.0001 seconds
[09-20 06:42:55] [LingBotWorldCausalDMDDenoisingStage] started...
[09-20 06:42:55] realtime chunk timing: session_id=c4e8c1d3de014b5c81e88d09fd371e2e request_id=c4e8c1d3de014b5c81e88d09fd371e2e_dba837829dee43bc82272a94cf6ebf77 chunk_idx=0 event_id=None condition_kinds=['camera_actions'] request_prepare=0.52ms scheduler_forward=2725.33ms output_pace=0.00ms header_pack=0.01ms header_write=0.04ms raw_payload_build=1.05ms raw_write=5.03ms ws_write=5.06ms chunk_total=2732.85ms batches=1 frames=9 frame_shape=(480, 832, 3) raw_bytes=10782720 ws_payload_bytes=10783051 content_type=application/x-raw-rgb
[09-20 06:42:56] [LingBotWorldCausalDMDDenoisingStage] finished in 1.6139 seconds
[09-20 06:42:56] [CausalVaeDecodingStage] started...
[09-20 06:42:57] [CausalVaeDecodingStage] finished in 0.3493 seconds
[09-20 06:42:57] realtime raw RGB frame batch timing: request_id=c4e8c1d3de014b5c81e88d09fd371e2e_940bce7ea101497e99a8fb31a3ec2f00 chunk_idx=1 sample_to_frames=1.29ms frames_to_bytes=2.07ms total=3.39ms batches=1 frames=12 frame_shape=(480, 832, 3) raw_bytes=14376960 content_type=application/x-raw-rgb
[09-20 06:42:57] Pixel data generated successfully in [92m1.99[0;0m seconds
[09-20 06:42:57] Peak memory usage: 82744.00 MB
[09-20 06:42:57] Adjusting number of frames from 21 to 21 based on model
[09-20 06:42:57] Sampling params:
                       width: 832
                      height: 480
                  num_frames: 21
                         fps: 16
                      prompt: <redacted, len=62>
                  neg_prompt: None
                        seed: 42
                 infer_steps: 4
      num_outputs_per_prompt: 1
              guidance_scale: 1.0
     embedded_guidance_scale: 6.0
                    n_tokens: None
                  flow_shift: 5.0
                  image_path: inputs/uploads/c4e8c1d3de014b5c81e88d09fd371e2e_first_frame
                 save_output: False
            output_file_path: outputs/c4e8c1d3de014b5c81e88d09fd371e2e_5fc1f32455fd481dbd40764b8cbdfad4.mp4
        
[09-20 06:42:57] Running pipeline stages: ['RealtimeInputValidationStage', 'RealtimeTextEncodingStage', 'AuxiliaryConditionEncodingStage', 'RealtimeImageVAEEncodingStage', 'DMDTimestepPreparationStage', 'RealtimeChunkLatentPreparationStage', 'LingBotWorldCausalDMDDenoisingStage', 'CausalVaeDecodingStage']
[09-20 06:42:57] [RealtimeInputValidationStage] started...
[09-20 06:42:57] [RealtimeInputValidationStage] finished in 0.0001 seconds
[09-20 06:42:57] [RealtimeTextEncodingStage] started...
[09-20 06:42:57] [RealtimeTextEncodingStage] finished in 0.0000 seconds
[09-20 06:42:57] [AuxiliaryConditionEncodingStage] started...
[09-20 06:42:57] [AuxiliaryConditionEncodingStage] finished in 0.0019 seconds
[09-20 06:42:57] [RealtimeImageVAEEncodingStage] started...
[09-20 06:42:57] [RealtimeImageVAEEncodingStage] finished in 0.0000 seconds
[09-20 06:42:57] [DMDTimestepPreparationStage] started...
[09-20 06:42:57] [DMDTimestepPreparationStage] finished in 0.0002 seconds
[09-20 06:42:57] [RealtimeChunkLatentPreparationStage] started...
[09-20 06:42:57] [RealtimeChunkLatentPreparationStage] finished in 0.0001 seconds
[09-20 06:42:57] [LingBotWorldCausalDMDDenoisingStage] started...
[09-20 06:42:57] realtime chunk timing: session_id=c4e8c1d3de014b5c81e88d09fd371e2e request_id=c4e8c1d3de014b5c81e88d09fd371e2e_940bce7ea101497e99a8fb31a3ec2f00 chunk_idx=1 event_id=None condition_kinds=['camera_actions'] request_prepare=0.47ms scheduler_forward=1992.63ms output_pace=0.00ms header_pack=0.01ms header_write=0.04ms raw_payload_build=1.62ms raw_write=5.76ms ws_write=5.80ms chunk_total=2001.41ms batches=1 frames=12 frame_shape=(480, 832, 3) raw_bytes=14376960 ws_payload_bytes=14377291 content_type=application/x-raw-rgb
[09-20 06:42:58] [LingBotWorldCausalDMDDenoisingStage] finished in 1.7479 seconds
[09-20 06:42:58] [CausalVaeDecodingStage] started...
[09-20 06:42:59] [CausalVaeDecodingStage] finished in 0.3481 seconds
[09-20 06:42:59] realtime raw RGB frame batch timing: request_id=c4e8c1d3de014b5c81e88d09fd371e2e_5fc1f32455fd481dbd40764b8cbdfad4 chunk_idx=2 sample_to_frames=1.30ms frames_to_bytes=2.27ms total=3.60ms batches=1 frames=12 frame_shape=(480, 832, 3) raw_bytes=14376960 content_type=application/x-raw-rgb
[09-20 06:42:59] Pixel data generated successfully in [92m2.12[0;0m seconds
[09-20 06:42:59] Peak memory usage: 82744.00 MB
[09-20 06:42:59] Adjusting number of frames from 21 to 21 based on model
[09-20 06:42:59] Sampling params:
                       width: 832
                      height: 480
                  num_frames: 21
                         fps: 16
                      prompt: <redacted, len=62>
                  neg_prompt: None
                        seed: 42
                 infer_steps: 4
      num_outputs_per_prompt: 1
              guidance_scale: 1.0
     embedded_guidance_scale: 6.0
                    n_tokens: None
                  flow_shift: 5.0
                  image_path: inputs/uploads/c4e8c1d3de014b5c81e88d09fd371e2e_first_frame
                 save_output: False
            output_file_path: outputs/c4e8c1d3de014b5c81e88d09fd371e2e_45619c96d1304c98966a84671ce06537.mp4
        
[09-20 06:42:59] Running pipeline stages: ['RealtimeInputValidationStage', 'RealtimeTextEncodingStage', 'AuxiliaryConditionEncodingStage', 'RealtimeImageVAEEncodingStage', 'DMDTimestepPreparationStage', 'RealtimeChunkLatentPreparationStage', 'LingBotWorldCausalDMDDenoisingStage', 'CausalVaeDecodingStage']
[09-20 06:42:59] [RealtimeInputValidationStage] started...
[09-20 06:42:59] [RealtimeInputValidationStage] finished in 0.0001 seconds
[09-20 06:42:59] [RealtimeTextEncodingStage] started...
[09-20 06:42:59] [RealtimeTextEncodingStage] finished in 0.0000 seconds
[09-20 06:42:59] [AuxiliaryConditionEncodingStage] started...
[09-20 06:42:59] [AuxiliaryConditionEncodingStage] finished in 0.0021 seconds
[09-20 06:42:59] [RealtimeImageVAEEncodingStage] started...
[09-20 06:42:59] [RealtimeImageVAEEncodingStage] finished in 0.0000 seconds
[09-20 06:42:59] [DMDTimestepPreparationStage] started...
[09-20 06:42:59] [DMDTimestepPreparationStage] finished in 0.0002 seconds
[09-20 06:42:59] [RealtimeChunkLatentPreparationStage] started...
[09-20 06:42:59] [RealtimeChunkLatentPreparationStage] finished in 0.0001 seconds
[09-20 06:42:59] [LingBotWorldCausalDMDDenoisingStage] started...
[09-20 06:42:59] realtime chunk timing: session_id=c4e8c1d3de014b5c81e88d09fd371e2e request_id=c4e8c1d3de014b5c81e88d09fd371e2e_5fc1f32455fd481dbd40764b8cbdfad4 chunk_idx=2 event_id=None condition_kinds=['camera_actions'] request_prepare=0.48ms scheduler_forward=2124.79ms output_pace=0.00ms header_pack=0.01ms header_write=0.04ms raw_payload_build=1.54ms raw_write=5.97ms ws_write=6.01ms chunk_total=2133.74ms batches=1 frames=12 frame_shape=(480, 832, 3) raw_bytes=14376960 ws_payload_bytes=14377291 content_type=application/x-raw-rgb
[09-20 06:43:01] [LingBotWorldCausalDMDDenoisingStage] finished in 1.8944 seconds
[09-20 06:43:01] [CausalVaeDecodingStage] started...
[09-20 06:43:01] [CausalVaeDecodingStage] finished in 0.3476 seconds
[09-20 06:43:01] realtime raw RGB frame batch timing: request_id=c4e8c1d3de014b5c81e88d09fd371e2e_45619c96d1304c98966a84671ce06537 chunk_idx=3 sample_to_frames=1.29ms frames_to_bytes=2.08ms total=3.40ms batches=1 frames=12 frame_shape=(480, 832, 3) raw_bytes=14376960 content_type=application/x-raw-rgb
[09-20 06:43:01] Pixel data generated successfully in [92m2.27[0;0m seconds
[09-20 06:43:01] Peak memory usage: 82744.00 MB
[09-20 06:43:01] Adjusting number of frames from 21 to 21 based on model
[09-20 06:43:01] Sampling params:
                       width: 832
                      height: 480
                  num_frames: 21
                         fps: 16
                      prompt: <redacted, len=62>
                  neg_prompt: None
                        seed: 42
                 infer_steps: 4
      num_outputs_per_prompt: 1
              guidance_scale: 1.0
     embedded_guidance_scale: 6.0
                    n_tokens: None
                  flow_shift: 5.0
                  image_path: inputs/uploads/c4e8c1d3de014b5c81e88d09fd371e2e_first_frame
                 save_output: False
            output_file_path: outputs/c4e8c1d3de014b5c81e88d09fd371e2e_75f6451d4cc642e4a2969d9c84aa759d.mp4
        
[09-20 06:43:01] Running pipeline stages: ['RealtimeInputValidationStage', 'RealtimeTextEncodingStage', 'AuxiliaryConditionEncodingStage', 'RealtimeImageVAEEncodingStage', 'DMDTimestepPreparationStage', 'RealtimeChunkLatentPreparationStage', 'LingBotWorldCausalDMDDenoisingStage', 'CausalVaeDecodingStage']
[09-20 06:43:01] [RealtimeInputValidationStage] started...
[09-20 06:43:01] [RealtimeInputValidationStage] finished in 0.0001 seconds
[09-20 06:43:01] [RealtimeTextEncodingStage] started...
[09-20 06:43:01] [RealtimeTextEncodingStage] finished in 0.0000 seconds
[09-20 06:43:01] [AuxiliaryConditionEncodingStage] started...
[09-20 06:43:01] [AuxiliaryConditionEncodingStage] finished in 0.0020 seconds
[09-20 06:43:01] [RealtimeImageVAEEncodingStage] started...
[09-20 06:43:01] [RealtimeImageVAEEncodingStage] finished in 0.0000 seconds
[09-20 06:43:01] [DMDTimestepPreparationStage] started...
[09-20 06:43:01] [DMDTimestepPreparationStage] finished in 0.0002 seconds
[09-20 06:43:01] [RealtimeChunkLatentPreparationStage] started...
[09-20 06:43:01] [RealtimeChunkLatentPreparationStage] finished in 0.0001 seconds
[09-20 06:43:01] [LingBotWorldCausalDMDDenoisingStage] started...
[09-20 06:43:01] realtime chunk timing: session_id=c4e8c1d3de014b5c81e88d09fd371e2e request_id=c4e8c1d3de014b5c81e88d09fd371e2e_45619c96d1304c98966a84671ce06537 chunk_idx=3 event_id=None condition_kinds=['camera_actions'] request_prepare=0.48ms scheduler_forward=2267.18ms output_pace=0.00ms header_pack=0.01ms header_write=0.03ms raw_payload_build=1.45ms raw_write=4.49ms ws_write=4.52ms chunk_total=2274.51ms batches=1 frames=12 frame_shape=(480, 832, 3) raw_bytes=14376960 ws_payload_bytes=14377291 content_type=application/x-raw-rgb
[09-20 06:43:03] [LingBotWorldCausalDMDDenoisingStage] finished in 2.0367 seconds
[09-20 06:43:03] [CausalVaeDecodingStage] started...
[09-20 06:43:03] [CausalVaeDecodingStage] finished in 0.3470 seconds
[09-20 06:43:03] realtime raw RGB frame batch timing: request_id=c4e8c1d3de014b5c81e88d09fd371e2e_75f6451d4cc642e4a2969d9c84aa759d chunk_idx=4 sample_to_frames=1.76ms frames_to_bytes=2.62ms total=4.40ms batches=1 frames=12 frame_shape=(480, 832, 3) raw_bytes=14376960 content_type=application/x-raw-rgb
[09-20 06:43:03] Pixel data generated successfully in [92m2.41[0;0m seconds
[09-20 06:43:03] Peak memory usage: 82744.00 MB
[09-20 06:43:03] Adjusting number of frames from 21 to 21 based on model
[09-20 06:43:03] Sampling params:
                       width: 832
                      height: 480
                  num_frames: 21
                         fps: 16
                      prompt: <redacted, len=62>
                  neg_prompt: None
                        seed: 42
                 infer_steps: 4
      num_outputs_per_prompt: 1
              guidance_scale: 1.0
     embedded_guidance_scale: 6.0
                    n_tokens: None
                  flow_shift: 5.0
                  image_path: inputs/uploads/c4e8c1d3de014b5c81e88d09fd371e2e_first_frame
                 save_output: False
            output_file_path: outputs/c4e8c1d3de014b5c81e88d09fd371e2e_757f4e5e9ecb4e928146f576343c529f.mp4
        
[09-20 06:43:03] Running pipeline stages: ['RealtimeInputValidationStage', 'RealtimeTextEncodingStage', 'AuxiliaryConditionEncodingStage', 'RealtimeImageVAEEncodingStage', 'DMDTimestepPreparationStage', 'RealtimeChunkLatentPreparationStage', 'LingBotWorldCausalDMDDenoisingStage', 'CausalVaeDecodingStage']
[09-20 06:43:03] [RealtimeInputValidationStage] started...
[09-20 06:43:03] [RealtimeInputValidationStage] finished in 0.0001 seconds
[09-20 06:43:03] [RealtimeTextEncodingStage] started...
[09-20 06:43:03] [RealtimeTextEncodingStage] finished in 0.0000 seconds
[09-20 06:43:03] [AuxiliaryConditionEncodingStage] started...
[09-20 06:43:03] [AuxiliaryConditionEncodingStage] finished in 0.0021 seconds
[09-20 06:43:03] [RealtimeImageVAEEncodingStage] started...
[09-20 06:43:03] [RealtimeImageVAEEncodingStage] finished in 0.0000 seconds
[09-20 06:43:03] [DMDTimestepPreparationStage] started...
[09-20 06:43:03] [DMDTimestepPreparationStage] finished in 0.0002 seconds
[09-20 06:43:03] [RealtimeChunkLatentPreparationStage] started...
[09-20 06:43:03] [RealtimeChunkLatentPreparationStage] finished in 0.0001 seconds
[09-20 06:43:03] [LingBotWorldCausalDMDDenoisingStage] started...
[09-20 06:43:03] realtime chunk timing: session_id=c4e8c1d3de014b5c81e88d09fd371e2e request_id=c4e8c1d3de014b5c81e88d09fd371e2e_75f6451d4cc642e4a2969d9c84aa759d chunk_idx=4 event_id=None condition_kinds=['camera_actions'] request_prepare=0.46ms scheduler_forward=2411.48ms output_pace=0.00ms header_pack=0.01ms header_write=0.04ms raw_payload_build=1.46ms raw_write=4.51ms ws_write=4.55ms chunk_total=2418.83ms batches=1 frames=12 frame_shape=(480, 832, 3) raw_bytes=14376960 ws_payload_bytes=14377291 content_type=application/x-raw-rgb
[09-20 06:43:06] [LingBotWorldCausalDMDDenoisingStage] finished in 2.1820 seconds
[09-20 06:43:06] [CausalVaeDecodingStage] started...
[09-20 06:43:06] [CausalVaeDecodingStage] finished in 0.3473 seconds
[09-20 06:43:06] realtime raw RGB frame batch timing: request_id=c4e8c1d3de014b5c81e88d09fd371e2e_757f4e5e9ecb4e928146f576343c529f chunk_idx=5 sample_to_frames=1.32ms frames_to_bytes=2.12ms total=3.48ms batches=1 frames=12 frame_shape=(480, 832, 3) raw_bytes=14376960 content_type=application/x-raw-rgb
[09-20 06:43:06] Pixel data generated successfully in [92m2.55[0;0m seconds
[09-20 06:43:06] Peak memory usage: 82744.00 MB
[09-20 06:43:06] Adjusting number of frames from 21 to 21 based on model
[09-20 06:43:06] Sampling params:
                       width: 832
                      height: 480
                  num_frames: 21
                         fps: 16
                      prompt: <redacted, len=62>
                  neg_prompt: None
                        seed: 42
                 infer_steps: 4
      num_outputs_per_prompt: 1
              guidance_scale: 1.0
     embedded_guidance_scale: 6.0
                    n_tokens: None
                  flow_shift: 5.0
                  image_path: inputs/uploads/c4e8c1d3de014b5c81e88d09fd371e2e_first_frame
                 save_output: False
            output_file_path: outputs/c4e8c1d3de014b5c81e88d09fd371e2e_2218cc2f0de8474b86f7c6e6dbe58038.mp4
        
[09-20 06:43:06] Running pipeline stages: ['RealtimeInputValidationStage', 'RealtimeTextEncodingStage', 'AuxiliaryConditionEncodingStage', 'RealtimeImageVAEEncodingStage', 'DMDTimestepPreparationStage', 'RealtimeChunkLatentPreparationStage', 'LingBotWorldCausalDMDDenoisingStage', 'CausalVaeDecodingStage']
[09-20 06:43:06] [RealtimeInputValidationStage] started...
[09-20 06:43:06] [RealtimeInputValidationStage] finished in 0.0001 seconds
[09-20 06:43:06] [RealtimeTextEncodingStage] started...
[09-20 06:43:06] [RealtimeTextEncodingStage] finished in 0.0000 seconds
[09-20 06:43:06] [AuxiliaryConditionEncodingStage] started...
[09-20 06:43:06] [AuxiliaryConditionEncodingStage] finished in 0.0023 seconds
[09-20 06:43:06] [RealtimeImageVAEEncodingStage] started...
[09-20 06:43:06] [RealtimeImageVAEEncodingStage] finished in 0.0000 seconds
[09-20 06:43:06] [DMDTimestepPreparationStage] started...
[09-20 06:43:06] [DMDTimestepPreparationStage] finished in 0.0002 seconds
[09-20 06:43:06] [RealtimeChunkLatentPreparationStage] started...
[09-20 06:43:06] [RealtimeChunkLatentPreparationStage] finished in 0.0001 seconds
[09-20 06:43:06] [LingBotWorldCausalDMDDenoisingStage] started...
[09-20 06:43:06] realtime chunk timing: session_id=c4e8c1d3de014b5c81e88d09fd371e2e request_id=c4e8c1d3de014b5c81e88d09fd371e2e_757f4e5e9ecb4e928146f576343c529f chunk_idx=5 event_id=None condition_kinds=['camera_actions'] request_prepare=0.46ms scheduler_forward=2554.49ms output_pace=0.00ms header_pack=0.01ms header_write=0.04ms raw_payload_build=1.45ms raw_write=4.51ms ws_write=4.54ms chunk_total=2561.83ms batches=1 frames=12 frame_shape=(480, 832, 3) raw_bytes=14376960 ws_payload_bytes=14377291 content_type=application/x-raw-rgb
[09-20 06:43:08] [LingBotWorldCausalDMDDenoisingStage] finished in 2.1848 seconds
[09-20 06:43:08] [CausalVaeDecodingStage] started...
[09-20 06:43:09] [CausalVaeDecodingStage] finished in 0.3477 seconds
[09-20 06:43:09] realtime raw RGB frame batch timing: request_id=c4e8c1d3de014b5c81e88d09fd371e2e_2218cc2f0de8474b86f7c6e6dbe58038 chunk_idx=6 sample_to_frames=1.31ms frames_to_bytes=2.06ms total=3.41ms batches=1 frames=12 frame_shape=(480, 832, 3) raw_bytes=14376960 content_type=application/x-raw-rgb
[09-20 06:43:09] Pixel data generated successfully in [92m2.56[0;0m seconds
[09-20 06:43:09] Peak memory usage: 82744.00 MB
[09-20 06:43:09] Adjusting number of frames from 21 to 21 based on model
[09-20 06:43:09] Sampling params:
                       width: 832
                      height: 480
                  num_frames: 21
                         fps: 16
                      prompt: <redacted, len=62>
                  neg_prompt: None
                        seed: 42
                 infer_steps: 4
      num_outputs_per_prompt: 1
              guidance_scale: 1.0
     embedded_guidance_scale: 6.0
                    n_tokens: None
                  flow_shift: 5.0
                  image_path: inputs/uploads/c4e8c1d3de014b5c81e88d09fd371e2e_first_frame
                 save_output: False
            output_file_path: outputs/c4e8c1d3de014b5c81e88d09fd371e2e_fe37989111a84da0a06ec88502c6accc.mp4
        
[09-20 06:43:09] Running pipeline stages: ['RealtimeInputValidationStage', 'RealtimeTextEncodingStage', 'AuxiliaryConditionEncodingStage', 'RealtimeImageVAEEncodingStage', 'DMDTimestepPreparationStage', 'RealtimeChunkLatentPreparationStage', 'LingBotWorldCausalDMDDenoisingStage', 'CausalVaeDecodingStage']
[09-20 06:43:09] [RealtimeInputValidationStage] started...
[09-20 06:43:09] [RealtimeInputValidationStage] finished in 0.0001 seconds
[09-20 06:43:09] [RealtimeTextEncodingStage] started...
[09-20 06:43:09] [RealtimeTextEncodingStage] finished in 0.0000 seconds
[09-20 06:43:09] [AuxiliaryConditionEncodingStage] started...
[09-20 06:43:09] [AuxiliaryConditionEncodingStage] finished in 0.0022 seconds
[09-20 06:43:09] [RealtimeImageVAEEncodingStage] started...
[09-20 06:43:09] [RealtimeImageVAEEncodingStage] finished in 0.0000 seconds
[09-20 06:43:09] [DMDTimestepPreparationStage] started...
[09-20 06:43:09] [DMDTimestepPreparationStage] finished in 0.0002 seconds
[09-20 06:43:09] [RealtimeChunkLatentPreparationStage] started...
[09-20 06:43:09] [RealtimeChunkLatentPreparationStage] finished in 0.0001 seconds
[09-20 06:43:09] [LingBotWorldCausalDMDDenoisingStage] started...
[09-20 06:43:09] realtime chunk timing: session_id=c4e8c1d3de014b5c81e88d09fd371e2e request_id=c4e8c1d3de014b5c81e88d09fd371e2e_2218cc2f0de8474b86f7c6e6dbe58038 chunk_idx=6 event_id=None condition_kinds=['camera_actions'] request_prepare=0.46ms scheduler_forward=2561.26ms output_pace=0.00ms header_pack=0.01ms header_write=0.03ms raw_payload_build=1.49ms raw_write=4.47ms ws_write=4.51ms chunk_total=2568.61ms batches=1 frames=12 frame_shape=(480, 832, 3) raw_bytes=14376960 ws_payload_bytes=14377291 content_type=application/x-raw-rgb
[09-20 06:43:11] [LingBotWorldCausalDMDDenoisingStage] finished in 2.1744 seconds
[09-20 06:43:11] [CausalVaeDecodingStage] started...
[09-20 06:43:11] [CausalVaeDecodingStage] finished in 0.3462 seconds
[09-20 06:43:11] realtime raw RGB frame batch timing: request_id=c4e8c1d3de014b5c81e88d09fd371e2e_fe37989111a84da0a06ec88502c6accc chunk_idx=7 sample_to_frames=1.32ms frames_to_bytes=2.13ms total=3.48ms batches=1 frames=12 frame_shape=(480, 832, 3) raw_bytes=14376960 content_type=application/x-raw-rgb
[09-20 06:43:11] Pixel data generated successfully in [92m2.55[0;0m seconds
[09-20 06:43:11] Peak memory usage: 82744.00 MB
[09-20 06:43:11] Adjusting number of frames from 21 to 21 based on model
[09-20 06:43:11] Sampling params:
                       width: 832
                      height: 480
                  num_frames: 21
                         fps: 16
                      prompt: <redacted, len=62>
                  neg_prompt: None
                        seed: 42
                 infer_steps: 4
      num_outputs_per_prompt: 1
              guidance_scale: 1.0
     embedded_guidance_scale: 6.0
                    n_tokens: None
                  flow_shift: 5.0
                  image_path: inputs/uploads/c4e8c1d3de014b5c81e88d09fd371e2e_first_frame
                 save_output: False
            output_file_path: outputs/c4e8c1d3de014b5c81e88d09fd371e2e_84e3ff671ff0455bb889566f3bf1f9fc.mp4
        
[09-20 06:43:11] Running pipeline stages: ['RealtimeInputValidationStage', 'RealtimeTextEncodingStage', 'AuxiliaryConditionEncodingStage', 'RealtimeImageVAEEncodingStage', 'DMDTimestepPreparationStage', 'RealtimeChunkLatentPreparationStage', 'LingBotWorldCausalDMDDenoisingStage', 'CausalVaeDecodingStage']
[09-20 06:43:11] [RealtimeInputValidationStage] started...
[09-20 06:43:11] [RealtimeInputValidationStage] finished in 0.0001 seconds
[09-20 06:43:11] [RealtimeTextEncodingStage] started...
[09-20 06:43:11] [RealtimeTextEncodingStage] finished in 0.0000 seconds
[09-20 06:43:11] [AuxiliaryConditionEncodingStage] started...
[09-20 06:43:11] [AuxiliaryConditionEncodingStage] finished in 0.0028 seconds
[09-20 06:43:11] [RealtimeImageVAEEncodingStage] started...
[09-20 06:43:11] [RealtimeImageVAEEncodingStage] finished in 0.0000 seconds
[09-20 06:43:11] [DMDTimestepPreparationStage] started...
[09-20 06:43:11] [DMDTimestepPreparationStage] finished in 0.0002 seconds
[09-20 06:43:11] [RealtimeChunkLatentPreparationStage] started...
[09-20 06:43:11] realtime chunk timing: session_id=c4e8c1d3de014b5c81e88d09fd371e2e request_id=c4e8c1d3de014b5c81e88d09fd371e2e_fe37989111a84da0a06ec88502c6accc chunk_idx=7 event_id=None condition_kinds=['camera_actions'] request_prepare=0.47ms scheduler_forward=2548.12ms output_pace=0.00ms header_pack=0.01ms header_write=0.04ms raw_payload_build=1.44ms raw_write=4.53ms ws_write=4.57ms chunk_total=2555.52ms batches=1 frames=12 frame_shape=(480, 832, 3) raw_bytes=14376960 ws_payload_bytes=14377291 content_type=application/x-raw-rgb
[09-20 06:43:11] [RealtimeChunkLatentPreparationStage] finished in 0.0001 seconds
[09-20 06:43:11] [LingBotWorldCausalDMDDenoisingStage] started...
[09-20 06:43:13] [LingBotWorldCausalDMDDenoisingStage] finished in 2.1747 seconds
[09-20 06:43:13] [CausalVaeDecodingStage] started...
[09-20 06:43:14] [CausalVaeDecodingStage] finished in 0.3484 seconds
[09-20 06:43:14] realtime raw RGB frame batch timing: request_id=c4e8c1d3de014b5c81e88d09fd371e2e_84e3ff671ff0455bb889566f3bf1f9fc chunk_idx=8 sample_to_frames=1.43ms frames_to_bytes=3.22ms total=4.69ms batches=1 frames=12 frame_shape=(480, 832, 3) raw_bytes=14376960 content_type=application/x-raw-rgb
[09-20 06:43:14] Pixel data generated successfully in [92m2.55[0;0m seconds
[09-20 06:43:14] Peak memory usage: 82744.00 MB
[09-20 06:43:14] Adjusting number of frames from 21 to 21 based on model
[09-20 06:43:14] Sampling params:
                       width: 832
                      height: 480
                  num_frames: 21
                         fps: 16
                      prompt: <redacted, len=62>
                  neg_prompt: None
                        seed: 42
                 infer_steps: 4
      num_outputs_per_prompt: 1
              guidance_scale: 1.0
     embedded_guidance_scale: 6.0
                    n_tokens: None
                  flow_shift: 5.0
                  image_path: inputs/uploads/c4e8c1d3de014b5c81e88d09fd371e2e_first_frame
                 save_output: False
            output_file_path: outputs/c4e8c1d3de014b5c81e88d09fd371e2e_27c0f0fca7234165b2e3cacc168c810e.mp4
        
[09-20 06:43:14] Running pipeline stages: ['RealtimeInputValidationStage', 'RealtimeTextEncodingStage', 'AuxiliaryConditionEncodingStage', 'RealtimeImageVAEEncodingStage', 'DMDTimestepPreparationStage', 'RealtimeChunkLatentPreparationStage', 'LingBotWorldCausalDMDDenoisingStage', 'CausalVaeDecodingStage']
[09-20 06:43:14] [RealtimeInputValidationStage] started...
[09-20 06:43:14] [RealtimeInputValidationStage] finished in 0.0001 seconds
[09-20 06:43:14] [RealtimeTextEncodingStage] started...
[09-20 06:43:14] [RealtimeTextEncodingStage] finished in 0.0000 seconds
[09-20 06:43:14] [AuxiliaryConditionEncodingStage] started...
[09-20 06:43:14] [AuxiliaryConditionEncodingStage] finished in 0.0023 seconds
[09-20 06:43:14] [RealtimeImageVAEEncodingStage] started...
[09-20 06:43:14] [RealtimeImageVAEEncodingStage] finished in 0.0000 seconds
[09-20 06:43:14] [DMDTimestepPreparationStage] started...
[09-20 06:43:14] [DMDTimestepPreparationStage] finished in 0.0002 seconds
[09-20 06:43:14] [RealtimeChunkLatentPreparationStage] started...
[09-20 06:43:14] [RealtimeChunkLatentPreparationStage] finished in 0.0001 seconds
[09-20 06:43:14] realtime chunk timing: session_id=c4e8c1d3de014b5c81e88d09fd371e2e request_id=c4e8c1d3de014b5c81e88d09fd371e2e_84e3ff671ff0455bb889566f3bf1f9fc chunk_idx=8 event_id=None condition_kinds=['camera_actions'] request_prepare=0.46ms scheduler_forward=2550.77ms output_pace=0.00ms header_pack=0.01ms header_write=0.03ms raw_payload_build=1.44ms raw_write=4.40ms ws_write=4.44ms chunk_total=2558.02ms batches=1 frames=12 frame_shape=(480, 832, 3) raw_bytes=14376960 ws_payload_bytes=14377291 content_type=application/x-raw-rgb
[09-20 06:43:14] [LingBotWorldCausalDMDDenoisingStage] started...
[09-20 06:43:16] [LingBotWorldCausalDMDDenoisingStage] finished in 2.1802 seconds
[09-20 06:43:16] [CausalVaeDecodingStage] started...
[09-20 06:43:16] [CausalVaeDecodingStage] finished in 0.3463 seconds
[09-20 06:43:16] realtime raw RGB frame batch timing: request_id=c4e8c1d3de014b5c81e88d09fd371e2e_27c0f0fca7234165b2e3cacc168c810e chunk_idx=9 sample_to_frames=1.68ms frames_to_bytes=2.12ms total=3.82ms batches=1 frames=12 frame_shape=(480, 832, 3) raw_bytes=14376960 content_type=application/x-raw-rgb
[09-20 06:43:16] Pixel data generated successfully in [92m2.56[0;0m seconds
[09-20 06:43:16] Peak memory usage: 82744.00 MB
[09-20 06:43:16] Adjusting number of frames from 21 to 21 based on model
[09-20 06:43:16] Sampling params:
                       width: 832
                      height: 480
                  num_frames: 21
                         fps: 16
                      prompt: <redacted, len=62>
                  neg_prompt: None
                        seed: 42
                 infer_steps: 4
      num_outputs_per_prompt: 1
              guidance_scale: 1.0
     embedded_guidance_scale: 6.0
                    n_tokens: None
                  flow_shift: 5.0
                  image_path: inputs/uploads/c4e8c1d3de014b5c81e88d09fd371e2e_first_frame
                 save_output: False
            output_file_path: outputs/c4e8c1d3de014b5c81e88d09fd371e2e_865727d1fd894ee19a2813bb893672a2.mp4
        
[09-20 06:43:16] Running pipeline stages: ['RealtimeInputValidationStage', 'RealtimeTextEncodingStage', 'AuxiliaryConditionEncodingStage', 'RealtimeImageVAEEncodingStage', 'DMDTimestepPreparationStage', 'RealtimeChunkLatentPreparationStage', 'LingBotWorldCausalDMDDenoisingStage', 'CausalVaeDecodingStage']
[09-20 06:43:16] [RealtimeInputValidationStage] started...
[09-20 06:43:16] [RealtimeInputValidationStage] finished in 0.0001 seconds
[09-20 06:43:16] [RealtimeTextEncodingStage] started...
[09-20 06:43:16] [RealtimeTextEncodingStage] finished in 0.0000 seconds
[09-20 06:43:16] [AuxiliaryConditionEncodingStage] started...
[09-20 06:43:16] [AuxiliaryConditionEncodingStage] finished in 0.0025 seconds
[09-20 06:43:16] [RealtimeImageVAEEncodingStage] started...
[09-20 06:43:16] [RealtimeImageVAEEncodingStage] finished in 0.0000 seconds
[09-20 06:43:16] [DMDTimestepPreparationStage] started...
[09-20 06:43:16] [DMDTimestepPreparationStage] finished in 0.0002 seconds
[09-20 06:43:16] realtime chunk timing: session_id=c4e8c1d3de014b5c81e88d09fd371e2e request_id=c4e8c1d3de014b5c81e88d09fd371e2e_27c0f0fca7234165b2e3cacc168c810e chunk_idx=9 event_id=None condition_kinds=['camera_actions'] request_prepare=0.47ms scheduler_forward=2556.00ms output_pace=0.00ms header_pack=0.01ms header_write=0.04ms raw_payload_build=1.46ms raw_write=4.45ms ws_write=4.49ms chunk_total=2563.31ms batches=1 frames=12 frame_shape=(480, 832, 3) raw_bytes=14376960 ws_payload_bytes=14377291 content_type=application/x-raw-rgb
[09-20 06:43:16] [RealtimeChunkLatentPreparationStage] started...
[09-20 06:43:16] [RealtimeChunkLatentPreparationStage] finished in 0.0001 seconds
[09-20 06:43:16] [LingBotWorldCausalDMDDenoisingStage] started...
[09-20 06:43:18] [LingBotWorldCausalDMDDenoisingStage] finished in 2.1810 seconds
[09-20 06:43:18] [CausalVaeDecodingStage] started...
[09-20 06:43:19] [CausalVaeDecodingStage] finished in 0.3482 seconds
[09-20 06:43:19] realtime raw RGB frame batch timing: request_id=c4e8c1d3de014b5c81e88d09fd371e2e_865727d1fd894ee19a2813bb893672a2 chunk_idx=10 sample_to_frames=1.31ms frames_to_bytes=2.30ms total=3.63ms batches=1 frames=12 frame_shape=(480, 832, 3) raw_bytes=14376960 content_type=application/x-raw-rgb
[09-20 06:43:19] Pixel data generated successfully in [92m2.56[0;0m seconds
[09-20 06:43:19] Peak memory usage: 82744.00 MB
[09-20 06:43:19] Adjusting number of frames from 21 to 21 based on model
[09-20 06:43:19] Sampling params:
                       width: 832
                      height: 480
                  num_frames: 21
                         fps: 16
                      prompt: <redacted, len=62>
                  neg_prompt: None
                        seed: 42
                 infer_steps: 4
      num_outputs_per_prompt: 1
              guidance_scale: 1.0
     embedded_guidance_scale: 6.0
                    n_tokens: None
                  flow_shift: 5.0
                  image_path: inputs/uploads/c4e8c1d3de014b5c81e88d09fd371e2e_first_frame
                 save_output: False
            output_file_path: outputs/c4e8c1d3de014b5c81e88d09fd371e2e_93228da2bfdc446c859f6a034785675f.mp4
        
[09-20 06:43:19] Running pipeline stages: ['RealtimeInputValidationStage', 'RealtimeTextEncodingStage', 'AuxiliaryConditionEncodingStage', 'RealtimeImageVAEEncodingStage', 'DMDTimestepPreparationStage', 'RealtimeChunkLatentPreparationStage', 'LingBotWorldCausalDMDDenoisingStage', 'CausalVaeDecodingStage']
[09-20 06:43:19] [RealtimeInputValidationStage] started...
[09-20 06:43:19] [RealtimeInputValidationStage] finished in 0.0001 seconds
[09-20 06:43:19] [RealtimeTextEncodingStage] started...
[09-20 06:43:19] [RealtimeTextEncodingStage] finished in 0.0000 seconds
[09-20 06:43:19] [AuxiliaryConditionEncodingStage] started...
[09-20 06:43:19] [AuxiliaryConditionEncodingStage] finished in 0.0024 seconds
[09-20 06:43:19] [RealtimeImageVAEEncodingStage] started...
[09-20 06:43:19] [RealtimeImageVAEEncodingStage] finished in 0.0000 seconds
[09-20 06:43:19] [DMDTimestepPreparationStage] started...
[09-20 06:43:19] [DMDTimestepPreparationStage] finished in 0.0002 seconds
[09-20 06:43:19] [RealtimeChunkLatentPreparationStage] started...
[09-20 06:43:19] [RealtimeChunkLatentPreparationStage] finished in 0.0001 seconds
[09-20 06:43:19] [LingBotWorldCausalDMDDenoisingStage] started...
[09-20 06:43:19] realtime chunk timing: session_id=c4e8c1d3de014b5c81e88d09fd371e2e request_id=c4e8c1d3de014b5c81e88d09fd371e2e_865727d1fd894ee19a2813bb893672a2 chunk_idx=10 event_id=None condition_kinds=['camera_actions'] request_prepare=0.46ms scheduler_forward=2556.87ms output_pace=0.00ms header_pack=0.01ms header_write=0.04ms raw_payload_build=1.43ms raw_write=4.48ms ws_write=4.52ms chunk_total=2564.16ms batches=1 frames=12 frame_shape=(480, 832, 3) raw_bytes=14376960 ws_payload_bytes=14377291 content_type=application/x-raw-rgb
[09-20 06:43:21] [LingBotWorldCausalDMDDenoisingStage] finished in 2.1847 seconds
[09-20 06:43:21] [CausalVaeDecodingStage] started...
[09-20 06:43:21] [CausalVaeDecodingStage] finished in 0.3472 seconds
[09-20 06:43:21] realtime raw RGB frame batch timing: request_id=c4e8c1d3de014b5c81e88d09fd371e2e_93228da2bfdc446c859f6a034785675f chunk_idx=11 sample_to_frames=1.78ms frames_to_bytes=3.30ms total=5.10ms batches=1 frames=12 frame_shape=(480, 832, 3) raw_bytes=14376960 content_type=application/x-raw-rgb
[09-20 06:43:21] Pixel data generated successfully in [92m2.56[0;0m seconds
[09-20 06:43:21] Peak memory usage: 82744.00 MB
[09-20 06:43:21] Adjusting number of frames from 21 to 21 based on model
[09-20 06:43:21] Sampling params:
                       width: 832
                      height: 480
                  num_frames: 21
                         fps: 16
                      prompt: <redacted, len=62>
                  neg_prompt: None
                        seed: 42
                 infer_steps: 4
      num_outputs_per_prompt: 1
              guidance_scale: 1.0
     embedded_guidance_scale: 6.0
                    n_tokens: None
                  flow_shift: 5.0
                  image_path: inputs/uploads/c4e8c1d3de014b5c81e88d09fd371e2e_first_frame
                 save_output: False
            output_file_path: outputs/c4e8c1d3de014b5c81e88d09fd371e2e_0d369f7dc6a44d50bfe50dabb23f5dc0.mp4
        
[09-20 06:43:21] Running pipeline stages: ['RealtimeInputValidationStage', 'RealtimeTextEncodingStage', 'AuxiliaryConditionEncodingStage', 'RealtimeImageVAEEncodingStage', 'DMDTimestepPreparationStage', 'RealtimeChunkLatentPreparationStage', 'LingBotWorldCausalDMDDenoisingStage', 'CausalVaeDecodingStage']
[09-20 06:43:21] [RealtimeInputValidationStage] started...
[09-20 06:43:21] [RealtimeInputValidationStage] finished in 0.0001 seconds
[09-20 06:43:21] [RealtimeTextEncodingStage] started...
[09-20 06:43:21] [RealtimeTextEncodingStage] finished in 0.0000 seconds
[09-20 06:43:21] [AuxiliaryConditionEncodingStage] started...
[09-20 06:43:21] [AuxiliaryConditionEncodingStage] finished in 0.0025 seconds
[09-20 06:43:21] [RealtimeImageVAEEncodingStage] started...
[09-20 06:43:21] [RealtimeImageVAEEncodingStage] finished in 0.0000 seconds
[09-20 06:43:21] [DMDTimestepPreparationStage] started...
[09-20 06:43:21] [DMDTimestepPreparationStage] finished in 0.0002 seconds
[09-20 06:43:21] [RealtimeChunkLatentPreparationStage] started...
[09-20 06:43:21] [RealtimeChunkLatentPreparationStage] finished in 0.0001 seconds
[09-20 06:43:21] realtime chunk timing: session_id=c4e8c1d3de014b5c81e88d09fd371e2e request_id=c4e8c1d3de014b5c81e88d09fd371e2e_93228da2bfdc446c859f6a034785675f chunk_idx=11 event_id=None condition_kinds=['camera_actions'] request_prepare=0.47ms scheduler_forward=2565.02ms output_pace=0.00ms header_pack=0.01ms header_write=0.03ms raw_payload_build=1.47ms raw_write=4.41ms ws_write=4.45ms chunk_total=2572.29ms batches=1 frames=12 frame_shape=(480, 832, 3) raw_bytes=14376960 ws_payload_bytes=14377291 content_type=application/x-raw-rgb
[09-20 06:43:21] [LingBotWorldCausalDMDDenoisingStage] started...
[09-20 06:43:24] [LingBotWorldCausalDMDDenoisingStage] finished in 2.1778 seconds
[09-20 06:43:24] [CausalVaeDecodingStage] started...
[09-20 06:43:24] [CausalVaeDecodingStage] finished in 0.3472 seconds
[09-20 06:43:24] realtime raw RGB frame batch timing: request_id=c4e8c1d3de014b5c81e88d09fd371e2e_0d369f7dc6a44d50bfe50dabb23f5dc0 chunk_idx=12 sample_to_frames=1.32ms frames_to_bytes=2.09ms total=3.44ms batches=1 frames=12 frame_shape=(480, 832, 3) raw_bytes=14376960 content_type=application/x-raw-rgb
[09-20 06:43:24] Pixel data generated successfully in [92m2.55[0;0m seconds
[09-20 06:43:24] Peak memory usage: 82744.00 MB
[09-20 06:43:24] Adjusting number of frames from 21 to 21 based on model
[09-20 06:43:24] Sampling params:
                       width: 832
                      height: 480
                  num_frames: 21
                         fps: 16
                      prompt: <redacted, len=62>
                  neg_prompt: None
                        seed: 42
                 infer_steps: 4
      num_outputs_per_prompt: 1
              guidance_scale: 1.0
     embedded_guidance_scale: 6.0
                    n_tokens: None
                  flow_shift: 5.0
                  image_path: inputs/uploads/c4e8c1d3de014b5c81e88d09fd371e2e_first_frame
                 save_output: False
            output_file_path: outputs/c4e8c1d3de014b5c81e88d09fd371e2e_25171d06b83b4cf2b5f27bc6a6902da1.mp4
        
[09-20 06:43:24] Running pipeline stages: ['RealtimeInputValidationStage', 'RealtimeTextEncodingStage', 'AuxiliaryConditionEncodingStage', 'RealtimeImageVAEEncodingStage', 'DMDTimestepPreparationStage', 'RealtimeChunkLatentPreparationStage', 'LingBotWorldCausalDMDDenoisingStage', 'CausalVaeDecodingStage']
[09-20 06:43:24] [RealtimeInputValidationStage] started...
[09-20 06:43:24] [RealtimeInputValidationStage] finished in 0.0001 seconds
[09-20 06:43:24] [RealtimeTextEncodingStage] started...
[09-20 06:43:24] [RealtimeTextEncodingStage] finished in 0.0000 seconds
[09-20 06:43:24] [AuxiliaryConditionEncodingStage] started...
[09-20 06:43:24] [AuxiliaryConditionEncodingStage] finished in 0.0028 seconds
[09-20 06:43:24] [RealtimeImageVAEEncodingStage] started...
[09-20 06:43:24] [RealtimeImageVAEEncodingStage] finished in 0.0000 seconds
[09-20 06:43:24] [DMDTimestepPreparationStage] started...
[09-20 06:43:24] [DMDTimestepPreparationStage] finished in 0.0002 seconds
[09-20 06:43:24] realtime chunk timing: session_id=c4e8c1d3de014b5c81e88d09fd371e2e request_id=c4e8c1d3de014b5c81e88d09fd371e2e_0d369f7dc6a44d50bfe50dabb23f5dc0 chunk_idx=12 event_id=None condition_kinds=['camera_actions'] request_prepare=0.47ms scheduler_forward=2550.79ms output_pace=0.00ms header_pack=0.01ms header_write=0.04ms raw_payload_build=1.46ms raw_write=4.54ms ws_write=4.58ms chunk_total=2558.18ms batches=1 frames=12 frame_shape=(480, 832, 3) raw_bytes=14376960 ws_payload_bytes=14377291 content_type=application/x-raw-rgb
[09-20 06:43:24] [RealtimeChunkLatentPreparationStage] started...
[09-20 06:43:24] [RealtimeChunkLatentPreparationStage] finished in 0.0001 seconds
[09-20 06:43:24] [LingBotWorldCausalDMDDenoisingStage] started...
[09-20 06:43:26] [LingBotWorldCausalDMDDenoisingStage] finished in 2.1845 seconds
[09-20 06:43:26] [CausalVaeDecodingStage] started...
[09-20 06:43:26] [CausalVaeDecodingStage] finished in 0.3471 seconds
[09-20 06:43:26] realtime raw RGB frame batch timing: request_id=c4e8c1d3de014b5c81e88d09fd371e2e_25171d06b83b4cf2b5f27bc6a6902da1 chunk_idx=13 sample_to_frames=1.35ms frames_to_bytes=2.13ms total=3.51ms batches=1 frames=12 frame_shape=(480, 832, 3) raw_bytes=14376960 content_type=application/x-raw-rgb
[09-20 06:43:26] Pixel data generated successfully in [92m2.56[0;0m seconds
[09-20 06:43:26] Peak memory usage: 82744.00 MB
[09-20 06:43:26] Adjusting number of frames from 21 to 21 based on model
[09-20 06:43:26] Sampling params:
                       width: 832
                      height: 480
                  num_frames: 21
                         fps: 16
                      prompt: <redacted, len=62>
                  neg_prompt: None
                        seed: 42
                 infer_steps: 4
      num_outputs_per_prompt: 1
              guidance_scale: 1.0
     embedded_guidance_scale: 6.0
                    n_tokens: None
                  flow_shift: 5.0
                  image_path: inputs/uploads/c4e8c1d3de014b5c81e88d09fd371e2e_first_frame
                 save_output: False
            output_file_path: outputs/c4e8c1d3de014b5c81e88d09fd371e2e_7279df5b342a486e9fd7630f3067bbe8.mp4
        
[09-20 06:43:26] Running pipeline stages: ['RealtimeInputValidationStage', 'RealtimeTextEncodingStage', 'AuxiliaryConditionEncodingStage', 'RealtimeImageVAEEncodingStage', 'DMDTimestepPreparationStage', 'RealtimeChunkLatentPreparationStage', 'LingBotWorldCausalDMDDenoisingStage', 'CausalVaeDecodingStage']
[09-20 06:43:26] [RealtimeInputValidationStage] started...
[09-20 06:43:26] [RealtimeInputValidationStage] finished in 0.0001 seconds
[09-20 06:43:26] [RealtimeTextEncodingStage] started...
[09-20 06:43:26] [RealtimeTextEncodingStage] finished in 0.0000 seconds
[09-20 06:43:26] [AuxiliaryConditionEncodingStage] started...
[09-20 06:43:26] [AuxiliaryConditionEncodingStage] finished in 0.0026 seconds
[09-20 06:43:26] [RealtimeImageVAEEncodingStage] started...
[09-20 06:43:26] [RealtimeImageVAEEncodingStage] finished in 0.0000 seconds
[09-20 06:43:26] [DMDTimestepPreparationStage] started...
[09-20 06:43:26] [DMDTimestepPreparationStage] finished in 0.0002 seconds
[09-20 06:43:26] [RealtimeChunkLatentPreparationStage] started...
[09-20 06:43:26] [RealtimeChunkLatentPreparationStage] finished in 0.0001 seconds
[09-20 06:43:26] realtime chunk timing: session_id=c4e8c1d3de014b5c81e88d09fd371e2e request_id=c4e8c1d3de014b5c81e88d09fd371e2e_25171d06b83b4cf2b5f27bc6a6902da1 chunk_idx=13 event_id=None condition_kinds=['camera_actions'] request_prepare=0.46ms scheduler_forward=2559.33ms output_pace=0.00ms header_pack=0.01ms header_write=0.03ms raw_payload_build=1.45ms raw_write=4.42ms ws_write=4.45ms chunk_total=2566.56ms batches=1 frames=12 frame_shape=(480, 832, 3) raw_bytes=14376960 ws_payload_bytes=14377291 content_type=application/x-raw-rgb
[09-20 06:43:26] [LingBotWorldCausalDMDDenoisingStage] started...
[09-20 06:43:29] [LingBotWorldCausalDMDDenoisingStage] finished in 2.1839 seconds
[09-20 06:43:29] [CausalVaeDecodingStage] started...
[09-20 06:43:29] [CausalVaeDecodingStage] finished in 0.3476 seconds
[09-20 06:43:29] realtime raw RGB frame batch timing: request_id=c4e8c1d3de014b5c81e88d09fd371e2e_7279df5b342a486e9fd7630f3067bbe8 chunk_idx=14 sample_to_frames=1.33ms frames_to_bytes=2.10ms total=3.46ms batches=1 frames=12 frame_shape=(480, 832, 3) raw_bytes=14376960 content_type=application/x-raw-rgb
[09-20 06:43:29] Pixel data generated successfully in [92m2.56[0;0m seconds
[09-20 06:43:29] Peak memory usage: 82744.00 MB
[09-20 06:43:29] Adjusting number of frames from 21 to 21 based on model
[09-20 06:43:29] Sampling params:
                       width: 832
                      height: 480
                  num_frames: 21
                         fps: 16
                      prompt: <redacted, len=62>
                  neg_prompt: None
                        seed: 42
                 infer_steps: 4
      num_outputs_per_prompt: 1
              guidance_scale: 1.0
     embedded_guidance_scale: 6.0
                    n_tokens: None
                  flow_shift: 5.0
                  image_path: inputs/uploads/c4e8c1d3de014b5c81e88d09fd371e2e_first_frame
                 save_output: False
            output_file_path: outputs/c4e8c1d3de014b5c81e88d09fd371e2e_58ee17f0c3f94dde8bb42bb5c1353ec8.mp4
        
[09-20 06:43:29] Running pipeline stages: ['RealtimeInputValidationStage', 'RealtimeTextEncodingStage', 'AuxiliaryConditionEncodingStage', 'RealtimeImageVAEEncodingStage', 'DMDTimestepPreparationStage', 'RealtimeChunkLatentPreparationStage', 'LingBotWorldCausalDMDDenoisingStage', 'CausalVaeDecodingStage']
[09-20 06:43:29] [RealtimeInputValidationStage] started...
[09-20 06:43:29] [RealtimeInputValidationStage] finished in 0.0001 seconds
[09-20 06:43:29] [RealtimeTextEncodingStage] started...
[09-20 06:43:29] [RealtimeTextEncodingStage] finished in 0.0000 seconds
[09-20 06:43:29] [AuxiliaryConditionEncodingStage] started...
[09-20 06:43:29] [AuxiliaryConditionEncodingStage] finished in 0.0028 seconds
[09-20 06:43:29] realtime chunk timing: session_id=c4e8c1d3de014b5c81e88d09fd371e2e request_id=c4e8c1d3de014b5c81e88d09fd371e2e_7279df5b342a486e9fd7630f3067bbe8 chunk_idx=14 event_id=None condition_kinds=['camera_actions'] request_prepare=0.45ms scheduler_forward=2560.85ms output_pace=0.00ms header_pack=0.01ms header_write=0.03ms raw_payload_build=1.64ms raw_write=4.37ms ws_write=4.40ms chunk_total=2568.23ms batches=1 frames=12 frame_shape=(480, 832, 3) raw_bytes=14376960 ws_payload_bytes=14377291 content_type=application/x-raw-rgb
[09-20 06:43:29] [RealtimeImageVAEEncodingStage] started...
[09-20 06:43:29] [RealtimeImageVAEEncodingStage] finished in 0.0000 seconds
[09-20 06:43:29] [DMDTimestepPreparationStage] started...
[09-20 06:43:29] [DMDTimestepPreparationStage] finished in 0.0002 seconds
[09-20 06:43:29] [RealtimeChunkLatentPreparationStage] started...
[09-20 06:43:29] [RealtimeChunkLatentPreparationStage] finished in 0.0001 seconds
[09-20 06:43:29] [LingBotWorldCausalDMDDenoisingStage] started...
[09-20 06:43:31] [LingBotWorldCausalDMDDenoisingStage] finished in 2.1819 seconds
[09-20 06:43:31] [CausalVaeDecodingStage] started...
[09-20 06:43:32] [CausalVaeDecodingStage] finished in 0.3470 seconds
[09-20 06:43:32] realtime raw RGB frame batch timing: request_id=c4e8c1d3de014b5c81e88d09fd371e2e_58ee17f0c3f94dde8bb42bb5c1353ec8 chunk_idx=15 sample_to_frames=2.89ms frames_to_bytes=2.93ms total=5.88ms batches=1 frames=12 frame_shape=(480, 832, 3) raw_bytes=14376960 content_type=application/x-raw-rgb
[09-20 06:43:32] Pixel data generated successfully in [92m2.56[0;0m seconds
[09-20 06:43:32] Peak memory usage: 82744.00 MB
[09-20 06:43:32] Adjusting number of frames from 21 to 21 based on model
[09-20 06:43:32] Sampling params:
                       width: 832
                      height: 480
                  num_frames: 21
                         fps: 16
                      prompt: <redacted, len=62>
                  neg_prompt: None
                        seed: 42
                 infer_steps: 4
      num_outputs_per_prompt: 1
              guidance_scale: 1.0
     embedded_guidance_scale: 6.0
                    n_tokens: None
                  flow_shift: 5.0
                  image_path: inputs/uploads/c4e8c1d3de014b5c81e88d09fd371e2e_first_frame
                 save_output: False
            output_file_path: outputs/c4e8c1d3de014b5c81e88d09fd371e2e_d374ccfc218549b4bd2c8eb0ec9950d7.mp4
        
[09-20 06:43:32] Running pipeline stages: ['RealtimeInputValidationStage', 'RealtimeTextEncodingStage', 'AuxiliaryConditionEncodingStage', 'RealtimeImageVAEEncodingStage', 'DMDTimestepPreparationStage', 'RealtimeChunkLatentPreparationStage', 'LingBotWorldCausalDMDDenoisingStage', 'CausalVaeDecodingStage']
[09-20 06:43:32] [RealtimeInputValidationStage] started...
[09-20 06:43:32] [RealtimeInputValidationStage] finished in 0.0001 seconds
[09-20 06:43:32] [RealtimeTextEncodingStage] started...
[09-20 06:43:32] [RealtimeTextEncodingStage] finished in 0.0000 seconds
[09-20 06:43:32] [AuxiliaryConditionEncodingStage] started...
[09-20 06:43:32] [AuxiliaryConditionEncodingStage] finished in 0.0028 seconds
[09-20 06:43:32] [RealtimeImageVAEEncodingStage] started...
[09-20 06:43:32] [RealtimeImageVAEEncodingStage] finished in 0.0000 seconds
[09-20 06:43:32] [DMDTimestepPreparationStage] started...
[09-20 06:43:32] realtime chunk timing: session_id=c4e8c1d3de014b5c81e88d09fd371e2e request_id=c4e8c1d3de014b5c81e88d09fd371e2e_58ee17f0c3f94dde8bb42bb5c1353ec8 chunk_idx=15 event_id=None condition_kinds=['camera_actions'] request_prepare=0.48ms scheduler_forward=2561.37ms output_pace=0.00ms header_pack=0.01ms header_write=0.03ms raw_payload_build=1.45ms raw_write=4.45ms ws_write=4.48ms chunk_total=2568.66ms batches=1 frames=12 frame_shape=(480, 832, 3) raw_bytes=14376960 ws_payload_bytes=14377291 content_type=application/x-raw-rgb
[09-20 06:43:32] [DMDTimestepPreparationStage] finished in 0.0002 seconds
[09-20 06:43:32] [RealtimeChunkLatentPreparationStage] started...
[09-20 06:43:32] [RealtimeChunkLatentPreparationStage] finished in 0.0001 seconds
[09-20 06:43:32] [LingBotWorldCausalDMDDenoisingStage] started...
[09-20 06:43:34] [LingBotWorldCausalDMDDenoisingStage] finished in 2.1875 seconds
[09-20 06:43:34] [CausalVaeDecodingStage] started...
[09-20 06:43:34] [CausalVaeDecodingStage] finished in 0.3475 seconds
[09-20 06:43:34] realtime raw RGB frame batch timing: request_id=c4e8c1d3de014b5c81e88d09fd371e2e_d374ccfc218549b4bd2c8eb0ec9950d7 chunk_idx=16 sample_to_frames=1.52ms frames_to_bytes=2.58ms total=4.12ms batches=1 frames=12 frame_shape=(480, 832, 3) raw_bytes=14376960 content_type=application/x-raw-rgb
[09-20 06:43:34] Pixel data generated successfully in [92m2.56[0;0m seconds
[09-20 06:43:34] Peak memory usage: 82744.00 MB
[09-20 06:43:34] Adjusting number of frames from 21 to 21 based on model
[09-20 06:43:34] Sampling params:
                       width: 832
                      height: 480
                  num_frames: 21
                         fps: 16
                      prompt: <redacted, len=62>
                  neg_prompt: None
                        seed: 42
                 infer_steps: 4
      num_outputs_per_prompt: 1
              guidance_scale: 1.0
     embedded_guidance_scale: 6.0
                    n_tokens: None
                  flow_shift: 5.0
                  image_path: inputs/uploads/c4e8c1d3de014b5c81e88d09fd371e2e_first_frame
                 save_output: False
            output_file_path: outputs/c4e8c1d3de014b5c81e88d09fd371e2e_c38c7bdda9e541419672ce6bf7703b2a.mp4
        
[09-20 06:43:34] Running pipeline stages: ['RealtimeInputValidationStage', 'RealtimeTextEncodingStage', 'AuxiliaryConditionEncodingStage', 'RealtimeImageVAEEncodingStage', 'DMDTimestepPreparationStage', 'RealtimeChunkLatentPreparationStage', 'LingBotWorldCausalDMDDenoisingStage', 'CausalVaeDecodingStage']
[09-20 06:43:34] [RealtimeInputValidationStage] started...
[09-20 06:43:34] [RealtimeInputValidationStage] finished in 0.0001 seconds
[09-20 06:43:34] [RealtimeTextEncodingStage] started...
[09-20 06:43:34] [RealtimeTextEncodingStage] finished in 0.0000 seconds
[09-20 06:43:34] [AuxiliaryConditionEncodingStage] started...
[09-20 06:43:34] [AuxiliaryConditionEncodingStage] finished in 0.0028 seconds
[09-20 06:43:34] [RealtimeImageVAEEncodingStage] started...
[09-20 06:43:34] [RealtimeImageVAEEncodingStage] finished in 0.0000 seconds
[09-20 06:43:34] [DMDTimestepPreparationStage] started...
[09-20 06:43:34] [DMDTimestepPreparationStage] finished in 0.0002 seconds
[09-20 06:43:34] [RealtimeChunkLatentPreparationStage] started...
[09-20 06:43:34] [RealtimeChunkLatentPreparationStage] finished in 0.0001 seconds
[09-20 06:43:34] realtime chunk timing: session_id=c4e8c1d3de014b5c81e88d09fd371e2e request_id=c4e8c1d3de014b5c81e88d09fd371e2e_d374ccfc218549b4bd2c8eb0ec9950d7 chunk_idx=16 event_id=None condition_kinds=['camera_actions'] request_prepare=0.47ms scheduler_forward=2563.79ms output_pace=0.00ms header_pack=0.01ms header_write=0.03ms raw_payload_build=1.45ms raw_write=4.43ms ws_write=4.46ms chunk_total=2571.05ms batches=1 frames=12 frame_shape=(480, 832, 3) raw_bytes=14376960 ws_payload_bytes=14377291 content_type=application/x-raw-rgb
[09-20 06:43:34] [LingBotWorldCausalDMDDenoisingStage] started...
[09-20 06:43:36] [LingBotWorldCausalDMDDenoisingStage] finished in 2.1928 seconds
[09-20 06:43:36] [CausalVaeDecodingStage] started...
[09-20 06:43:37] [CausalVaeDecodingStage] finished in 0.3475 seconds
[09-20 06:43:37] realtime raw RGB frame batch timing: request_id=c4e8c1d3de014b5c81e88d09fd371e2e_c38c7bdda9e541419672ce6bf7703b2a chunk_idx=17 sample_to_frames=1.30ms frames_to_bytes=2.16ms total=3.49ms batches=1 frames=12 frame_shape=(480, 832, 3) raw_bytes=14376960 content_type=application/x-raw-rgb
[09-20 06:43:37] Pixel data generated successfully in [92m2.57[0;0m seconds
[09-20 06:43:37] Peak memory usage: 82744.00 MB
[09-20 06:43:37] Adjusting number of frames from 21 to 21 based on model
[09-20 06:43:37] Sampling params:
                       width: 832
                      height: 480
                  num_frames: 21
                         fps: 16
                      prompt: <redacted, len=62>
                  neg_prompt: None
                        seed: 42
                 infer_steps: 4
      num_outputs_per_prompt: 1
              guidance_scale: 1.0
     embedded_guidance_scale: 6.0
                    n_tokens: None
                  flow_shift: 5.0
                  image_path: inputs/uploads/c4e8c1d3de014b5c81e88d09fd371e2e_first_frame
                 save_output: False
            output_file_path: outputs/c4e8c1d3de014b5c81e88d09fd371e2e_e5cd8d52106348c98b011bbc1d034a23.mp4
        
[09-20 06:43:37] Running pipeline stages: ['RealtimeInputValidationStage', 'RealtimeTextEncodingStage', 'AuxiliaryConditionEncodingStage', 'RealtimeImageVAEEncodingStage', 'DMDTimestepPreparationStage', 'RealtimeChunkLatentPreparationStage', 'LingBotWorldCausalDMDDenoisingStage', 'CausalVaeDecodingStage']
[09-20 06:43:37] [RealtimeInputValidationStage] started...
[09-20 06:43:37] [RealtimeInputValidationStage] finished in 0.0001 seconds
[09-20 06:43:37] [RealtimeTextEncodingStage] started...
[09-20 06:43:37] [RealtimeTextEncodingStage] finished in 0.0000 seconds
[09-20 06:43:37] [AuxiliaryConditionEncodingStage] started...
[09-20 06:43:37] [AuxiliaryConditionEncodingStage] finished in 0.0028 seconds
[09-20 06:43:37] [RealtimeImageVAEEncodingStage] started...
[09-20 06:43:37] [RealtimeImageVAEEncodingStage] finished in 0.0000 seconds
[09-20 06:43:37] [DMDTimestepPreparationStage] started...
[09-20 06:43:37] [DMDTimestepPreparationStage] finished in 0.0002 seconds
[09-20 06:43:37] [RealtimeChunkLatentPreparationStage] started...
[09-20 06:43:37] [RealtimeChunkLatentPreparationStage] finished in 0.0001 seconds
[09-20 06:43:37] realtime chunk timing: session_id=c4e8c1d3de014b5c81e88d09fd371e2e request_id=c4e8c1d3de014b5c81e88d09fd371e2e_c38c7bdda9e541419672ce6bf7703b2a chunk_idx=17 event_id=None condition_kinds=['camera_actions'] request_prepare=0.47ms scheduler_forward=2567.72ms output_pace=0.00ms header_pack=0.01ms header_write=0.04ms raw_payload_build=1.43ms raw_write=4.54ms ws_write=4.58ms chunk_total=2575.07ms batches=1 frames=12 frame_shape=(480, 832, 3) raw_bytes=14376960 ws_payload_bytes=14377291 content_type=application/x-raw-rgb
[09-20 06:43:37] [LingBotWorldCausalDMDDenoisingStage] started...
[09-20 06:43:39] [LingBotWorldCausalDMDDenoisingStage] finished in 2.1914 seconds
[09-20 06:43:39] [CausalVaeDecodingStage] started...
[09-20 06:43:39] [CausalVaeDecodingStage] finished in 0.3476 seconds
[09-20 06:43:39] realtime raw RGB frame batch timing: request_id=c4e8c1d3de014b5c81e88d09fd371e2e_e5cd8d52106348c98b011bbc1d034a23 chunk_idx=18 sample_to_frames=1.34ms frames_to_bytes=2.73ms total=4.10ms batches=1 frames=12 frame_shape=(480, 832, 3) raw_bytes=14376960 content_type=application/x-raw-rgb
[09-20 06:43:39] Pixel data generated successfully in [92m2.57[0;0m seconds
[09-20 06:43:39] Peak memory usage: 82744.00 MB
[09-20 06:43:39] Adjusting number of frames from 21 to 21 based on model
[09-20 06:43:39] Sampling params:
                       width: 832
                      height: 480
                  num_frames: 21
                         fps: 16
                      prompt: <redacted, len=62>
                  neg_prompt: None
                        seed: 42
                 infer_steps: 4
      num_outputs_per_prompt: 1
              guidance_scale: 1.0
     embedded_guidance_scale: 6.0
                    n_tokens: None
                  flow_shift: 5.0
                  image_path: inputs/uploads/c4e8c1d3de014b5c81e88d09fd371e2e_first_frame
                 save_output: False
            output_file_path: outputs/c4e8c1d3de014b5c81e88d09fd371e2e_fe0a2de70ad64957ab3f15db071790ca.mp4
        
[09-20 06:43:39] Running pipeline stages: ['RealtimeInputValidationStage', 'RealtimeTextEncodingStage', 'AuxiliaryConditionEncodingStage', 'RealtimeImageVAEEncodingStage', 'DMDTimestepPreparationStage', 'RealtimeChunkLatentPreparationStage', 'LingBotWorldCausalDMDDenoisingStage', 'CausalVaeDecodingStage']
[09-20 06:43:39] [RealtimeInputValidationStage] started...
[09-20 06:43:39] [RealtimeInputValidationStage] finished in 0.0001 seconds
[09-20 06:43:39] [RealtimeTextEncodingStage] started...
[09-20 06:43:39] [RealtimeTextEncodingStage] finished in 0.0000 seconds
[09-20 06:43:39] [AuxiliaryConditionEncodingStage] started...
[09-20 06:43:39] [AuxiliaryConditionEncodingStage] finished in 0.0029 seconds
[09-20 06:43:39] [RealtimeImageVAEEncodingStage] started...
[09-20 06:43:39] [RealtimeImageVAEEncodingStage] finished in 0.0000 seconds
[09-20 06:43:39] [DMDTimestepPreparationStage] started...
[09-20 06:43:39] [DMDTimestepPreparationStage] finished in 0.0002 seconds
[09-20 06:43:39] [RealtimeChunkLatentPreparationStage] started...
[09-20 06:43:39] [RealtimeChunkLatentPreparationStage] finished in 0.0001 seconds
[09-20 06:43:39] realtime chunk timing: session_id=c4e8c1d3de014b5c81e88d09fd371e2e request_id=c4e8c1d3de014b5c81e88d09fd371e2e_e5cd8d52106348c98b011bbc1d034a23 chunk_idx=18 event_id=None condition_kinds=['camera_actions'] request_prepare=0.46ms scheduler_forward=2565.37ms output_pace=0.00ms header_pack=0.01ms header_write=0.04ms raw_payload_build=1.44ms raw_write=4.64ms ws_write=4.68ms chunk_total=2572.82ms batches=1 frames=12 frame_shape=(480, 832, 3) raw_bytes=14376960 ws_payload_bytes=14377291 content_type=application/x-raw-rgb
[09-20 06:43:39] [LingBotWorldCausalDMDDenoisingStage] started...
[09-20 06:43:41] [LingBotWorldCausalDMDDenoisingStage] finished in 2.1926 seconds
[09-20 06:43:41] [CausalVaeDecodingStage] started...
[09-20 06:43:42] [CausalVaeDecodingStage] finished in 0.3478 seconds
[09-20 06:43:42] realtime raw RGB frame batch timing: request_id=c4e8c1d3de014b5c81e88d09fd371e2e_fe0a2de70ad64957ab3f15db071790ca chunk_idx=19 sample_to_frames=1.30ms frames_to_bytes=2.17ms total=3.49ms batches=1 frames=12 frame_shape=(480, 832, 3) raw_bytes=14376960 content_type=application/x-raw-rgb
[09-20 06:43:42] Pixel data generated successfully in [92m2.56[0;0m seconds
[09-20 06:43:42] Peak memory usage: 82744.00 MB
[09-20 06:43:42] Adjusting number of frames from 21 to 21 based on model
[09-20 06:43:42] Sampling params:
                       width: 832
                      height: 480
                  num_frames: 21
                         fps: 16
                      prompt: <redacted, len=62>
                  neg_prompt: None
                        seed: 42
                 infer_steps: 4
      num_outputs_per_prompt: 1
              guidance_scale: 1.0
     embedded_guidance_scale: 6.0
                    n_tokens: None
                  flow_shift: 5.0
                  image_path: inputs/uploads/c4e8c1d3de014b5c81e88d09fd371e2e_first_frame
                 save_output: False
            output_file_path: outputs/c4e8c1d3de014b5c81e88d09fd371e2e_fa48d48c328f4274a11170026a2b5aa4.mp4
        
[09-20 06:43:42] Running pipeline stages: ['RealtimeInputValidationStage', 'RealtimeTextEncodingStage', 'AuxiliaryConditionEncodingStage', 'RealtimeImageVAEEncodingStage', 'DMDTimestepPreparationStage', 'RealtimeChunkLatentPreparationStage', 'LingBotWorldCausalDMDDenoisingStage', 'CausalVaeDecodingStage']
[09-20 06:43:42] [RealtimeInputValidationStage] started...
[09-20 06:43:42] [RealtimeInputValidationStage] finished in 0.0001 seconds
[09-20 06:43:42] [RealtimeTextEncodingStage] started...
[09-20 06:43:42] [RealtimeTextEncodingStage] finished in 0.0000 seconds
[09-20 06:43:42] [AuxiliaryConditionEncodingStage] started...
[09-20 06:43:42] [AuxiliaryConditionEncodingStage] finished in 0.0029 seconds
[09-20 06:43:42] [RealtimeImageVAEEncodingStage] started...
[09-20 06:43:42] [RealtimeImageVAEEncodingStage] finished in 0.0000 seconds
[09-20 06:43:42] [DMDTimestepPreparationStage] started...
[09-20 06:43:42] [DMDTimestepPreparationStage] finished in 0.0002 seconds
[09-20 06:43:42] [RealtimeChunkLatentPreparationStage] started...
[09-20 06:43:42] [RealtimeChunkLatentPreparationStage] finished in 0.0001 seconds
[09-20 06:43:42] realtime chunk timing: session_id=c4e8c1d3de014b5c81e88d09fd371e2e request_id=c4e8c1d3de014b5c81e88d09fd371e2e_fe0a2de70ad64957ab3f15db071790ca chunk_idx=19 event_id=None condition_kinds=['camera_actions'] request_prepare=0.47ms scheduler_forward=2564.55ms output_pace=0.00ms header_pack=0.01ms header_write=0.04ms raw_payload_build=1.45ms raw_write=4.59ms ws_write=4.63ms chunk_total=2572.00ms batches=1 frames=12 frame_shape=(480, 832, 3) raw_bytes=14376960 ws_payload_bytes=14377291 content_type=application/x-raw-rgb
[09-20 06:43:42] [LingBotWorldCausalDMDDenoisingStage] started...
[09-20 06:43:44] [LingBotWorldCausalDMDDenoisingStage] finished in 2.1921 seconds
[09-20 06:43:44] [CausalVaeDecodingStage] started...
[09-20 06:43:44] [CausalVaeDecodingStage] finished in 0.3476 seconds
[09-20 06:43:44] realtime raw RGB frame batch timing: request_id=c4e8c1d3de014b5c81e88d09fd371e2e_fa48d48c328f4274a11170026a2b5aa4 chunk_idx=20 sample_to_frames=1.32ms frames_to_bytes=2.47ms total=3.81ms batches=1 frames=12 frame_shape=(480, 832, 3) raw_bytes=14376960 content_type=application/x-raw-rgb
[09-20 06:43:44] Pixel data generated successfully in [92m2.57[0;0m seconds
[09-20 06:43:44] Peak memory usage: 82744.00 MB
[09-20 06:43:44] Adjusting number of frames from 21 to 21 based on model
[09-20 06:43:44] Sampling params:
                       width: 832
                      height: 480
                  num_frames: 21
                         fps: 16
                      prompt: <redacted, len=62>
                  neg_prompt: None
                        seed: 42
                 infer_steps: 4
      num_outputs_per_prompt: 1
              guidance_scale: 1.0
     embedded_guidance_scale: 6.0
                    n_tokens: None
                  flow_shift: 5.0
                  image_path: inputs/uploads/c4e8c1d3de014b5c81e88d09fd371e2e_first_frame
                 save_output: False
            output_file_path: outputs/c4e8c1d3de014b5c81e88d09fd371e2e_eb80e6539dc64a2fa34d76205185531f.mp4
        
[09-20 06:43:44] Running pipeline stages: ['RealtimeInputValidationStage', 'RealtimeTextEncodingStage', 'AuxiliaryConditionEncodingStage', 'RealtimeImageVAEEncodingStage', 'DMDTimestepPreparationStage', 'RealtimeChunkLatentPreparationStage', 'LingBotWorldCausalDMDDenoisingStage', 'CausalVaeDecodingStage']
[09-20 06:43:44] [RealtimeInputValidationStage] started...
[09-20 06:43:44] [RealtimeInputValidationStage] finished in 0.0001 seconds
[09-20 06:43:44] [RealtimeTextEncodingStage] started...
[09-20 06:43:44] [RealtimeTextEncodingStage] finished in 0.0000 seconds
[09-20 06:43:44] [AuxiliaryConditionEncodingStage] started...
[09-20 06:43:44] [AuxiliaryConditionEncodingStage] finished in 0.0031 seconds
[09-20 06:43:44] [RealtimeImageVAEEncodingStage] started...
[09-20 06:43:44] [RealtimeImageVAEEncodingStage] finished in 0.0000 seconds
[09-20 06:43:44] [DMDTimestepPreparationStage] started...
[09-20 06:43:44] [DMDTimestepPreparationStage] finished in 0.0002 seconds
[09-20 06:43:44] realtime chunk timing: session_id=c4e8c1d3de014b5c81e88d09fd371e2e request_id=c4e8c1d3de014b5c81e88d09fd371e2e_fa48d48c328f4274a11170026a2b5aa4 chunk_idx=20 event_id=None condition_kinds=['camera_actions'] request_prepare=0.46ms scheduler_forward=2568.13ms output_pace=0.00ms header_pack=0.01ms header_write=0.04ms raw_payload_build=1.46ms raw_write=4.53ms ws_write=4.56ms chunk_total=2575.49ms batches=1 frames=12 frame_shape=(480, 832, 3) raw_bytes=14376960 ws_payload_bytes=14377291 content_type=application/x-raw-rgb
[09-20 06:43:44] [RealtimeChunkLatentPreparationStage] started...
[09-20 06:43:44] [RealtimeChunkLatentPreparationStage] finished in 0.0001 seconds
[09-20 06:43:44] [LingBotWorldCausalDMDDenoisingStage] started...
[09-20 06:43:47] [LingBotWorldCausalDMDDenoisingStage] finished in 2.1904 seconds
[09-20 06:43:47] [CausalVaeDecodingStage] started...
[09-20 06:43:47] [CausalVaeDecodingStage] finished in 0.3472 seconds
[09-20 06:43:47] realtime raw RGB frame batch timing: request_id=c4e8c1d3de014b5c81e88d09fd371e2e_eb80e6539dc64a2fa34d76205185531f chunk_idx=21 sample_to_frames=1.30ms frames_to_bytes=2.85ms total=4.17ms batches=1 frames=12 frame_shape=(480, 832, 3) raw_bytes=14376960 content_type=application/x-raw-rgb
[09-20 06:43:47] Pixel data generated successfully in [92m2.57[0;0m seconds
[09-20 06:43:47] Peak memory usage: 82744.00 MB
[09-20 06:43:47] Adjusting number of frames from 21 to 21 based on model
[09-20 06:43:47] Sampling params:
                       width: 832
                      height: 480
                  num_frames: 21
                         fps: 16
                      prompt: <redacted, len=62>
                  neg_prompt: None
                        seed: 42
                 infer_steps: 4
      num_outputs_per_prompt: 1
              guidance_scale: 1.0
     embedded_guidance_scale: 6.0
                    n_tokens: None
                  flow_shift: 5.0
                  image_path: inputs/uploads/c4e8c1d3de014b5c81e88d09fd371e2e_first_frame
                 save_output: False
            output_file_path: outputs/c4e8c1d3de014b5c81e88d09fd371e2e_9a6dc8b6a7de401e9a78df32753117c3.mp4
        
[09-20 06:43:47] Running pipeline stages: ['RealtimeInputValidationStage', 'RealtimeTextEncodingStage', 'AuxiliaryConditionEncodingStage', 'RealtimeImageVAEEncodingStage', 'DMDTimestepPreparationStage', 'RealtimeChunkLatentPreparationStage', 'LingBotWorldCausalDMDDenoisingStage', 'CausalVaeDecodingStage']
[09-20 06:43:47] [RealtimeInputValidationStage] started...
[09-20 06:43:47] [RealtimeInputValidationStage] finished in 0.0001 seconds
[09-20 06:43:47] [RealtimeTextEncodingStage] started...
[09-20 06:43:47] [RealtimeTextEncodingStage] finished in 0.0000 seconds
[09-20 06:43:47] [AuxiliaryConditionEncodingStage] started...
[09-20 06:43:47] [AuxiliaryConditionEncodingStage] finished in 0.0031 seconds
[09-20 06:43:47] [RealtimeImageVAEEncodingStage] started...
[09-20 06:43:47] [RealtimeImageVAEEncodingStage] finished in 0.0000 seconds
[09-20 06:43:47] realtime chunk timing: session_id=c4e8c1d3de014b5c81e88d09fd371e2e request_id=c4e8c1d3de014b5c81e88d09fd371e2e_eb80e6539dc64a2fa34d76205185531f chunk_idx=21 event_id=None condition_kinds=['camera_actions'] request_prepare=0.47ms scheduler_forward=2568.43ms output_pace=0.00ms header_pack=0.01ms header_write=0.04ms raw_payload_build=1.44ms raw_write=4.54ms ws_write=4.58ms chunk_total=2575.82ms batches=1 frames=12 frame_shape=(480, 832, 3) raw_bytes=14376960 ws_payload_bytes=14377291 content_type=application/x-raw-rgb
[09-20 06:43:47] [DMDTimestepPreparationStage] started...
[09-20 06:43:47] [DMDTimestepPreparationStage] finished in 0.0002 seconds
[09-20 06:43:47] [RealtimeChunkLatentPreparationStage] started...
[09-20 06:43:47] [RealtimeChunkLatentPreparationStage] finished in 0.0001 seconds
[09-20 06:43:47] [LingBotWorldCausalDMDDenoisingStage] started...
[09-20 06:43:49] [LingBotWorldCausalDMDDenoisingStage] finished in 2.1869 seconds
[09-20 06:43:49] [CausalVaeDecodingStage] started...
[09-20 06:43:50] [CausalVaeDecodingStage] finished in 0.3484 seconds
[09-20 06:43:50] realtime raw RGB frame batch timing: request_id=c4e8c1d3de014b5c81e88d09fd371e2e_9a6dc8b6a7de401e9a78df32753117c3 chunk_idx=22 sample_to_frames=1.32ms frames_to_bytes=2.17ms total=3.52ms batches=1 frames=12 frame_shape=(480, 832, 3) raw_bytes=14376960 content_type=application/x-raw-rgb
[09-20 06:43:50] Pixel data generated successfully in [92m2.57[0;0m seconds
[09-20 06:43:50] Peak memory usage: 82744.00 MB
[09-20 06:43:50] Adjusting number of frames from 21 to 21 based on model
[09-20 06:43:50] Sampling params:
                       width: 832
                      height: 480
                  num_frames: 21
                         fps: 16
                      prompt: <redacted, len=62>
                  neg_prompt: None
                        seed: 42
                 infer_steps: 4
      num_outputs_per_prompt: 1
              guidance_scale: 1.0
     embedded_guidance_scale: 6.0
                    n_tokens: None
                  flow_shift: 5.0
                  image_path: inputs/uploads/c4e8c1d3de014b5c81e88d09fd371e2e_first_frame
                 save_output: False
            output_file_path: outputs/c4e8c1d3de014b5c81e88d09fd371e2e_00adba71b89a41fdb351b37183f65a2f.mp4
        
[09-20 06:43:50] Running pipeline stages: ['RealtimeInputValidationStage', 'RealtimeTextEncodingStage', 'AuxiliaryConditionEncodingStage', 'RealtimeImageVAEEncodingStage', 'DMDTimestepPreparationStage', 'RealtimeChunkLatentPreparationStage', 'LingBotWorldCausalDMDDenoisingStage', 'CausalVaeDecodingStage']
[09-20 06:43:50] [RealtimeInputValidationStage] started...
[09-20 06:43:50] [RealtimeInputValidationStage] finished in 0.0001 seconds
[09-20 06:43:50] [RealtimeTextEncodingStage] started...
[09-20 06:43:50] [RealtimeTextEncodingStage] finished in 0.0000 seconds
[09-20 06:43:50] [AuxiliaryConditionEncodingStage] started...
[09-20 06:43:50] [AuxiliaryConditionEncodingStage] finished in 0.0031 seconds
[09-20 06:43:50] [RealtimeImageVAEEncodingStage] started...
[09-20 06:43:50] [RealtimeImageVAEEncodingStage] finished in 0.0000 seconds
[09-20 06:43:50] [DMDTimestepPreparationStage] started...
[09-20 06:43:50] realtime chunk timing: session_id=c4e8c1d3de014b5c81e88d09fd371e2e request_id=c4e8c1d3de014b5c81e88d09fd371e2e_9a6dc8b6a7de401e9a78df32753117c3 chunk_idx=22 event_id=None condition_kinds=['camera_actions'] request_prepare=0.46ms scheduler_forward=2566.82ms output_pace=0.00ms header_pack=0.01ms header_write=0.04ms raw_payload_build=1.45ms raw_write=4.52ms ws_write=4.56ms chunk_total=2574.20ms batches=1 frames=12 frame_shape=(480, 832, 3) raw_bytes=14376960 ws_payload_bytes=14377291 content_type=application/x-raw-rgb
[09-20 06:43:50] [DMDTimestepPreparationStage] finished in 0.0002 seconds
[09-20 06:43:50] [RealtimeChunkLatentPreparationStage] started...
[09-20 06:43:50] [RealtimeChunkLatentPreparationStage] finished in 0.0001 seconds
[09-20 06:43:50] [LingBotWorldCausalDMDDenoisingStage] started...
[09-20 06:43:52] [LingBotWorldCausalDMDDenoisingStage] finished in 2.1921 seconds
[09-20 06:43:52] [CausalVaeDecodingStage] started...
[09-20 06:43:52] [CausalVaeDecodingStage] finished in 0.3471 seconds
[09-20 06:43:52] realtime raw RGB frame batch timing: request_id=c4e8c1d3de014b5c81e88d09fd371e2e_00adba71b89a41fdb351b37183f65a2f chunk_idx=23 sample_to_frames=1.29ms frames_to_bytes=2.66ms total=3.97ms batches=1 frames=12 frame_shape=(480, 832, 3) raw_bytes=14376960 content_type=application/x-raw-rgb
[09-20 06:43:52] Pixel data generated successfully in [92m2.56[0;0m seconds
[09-20 06:43:52] Peak memory usage: 82744.00 MB
[09-20 06:43:52] Adjusting number of frames from 21 to 21 based on model
[09-20 06:43:52] Sampling params:
                       width: 832
                      height: 480
                  num_frames: 21
                         fps: 16
                      prompt: <redacted, len=62>
                  neg_prompt: None
                        seed: 42
                 infer_steps: 4
      num_outputs_per_prompt: 1
              guidance_scale: 1.0
     embedded_guidance_scale: 6.0
                    n_tokens: None
                  flow_shift: 5.0
                  image_path: inputs/uploads/c4e8c1d3de014b5c81e88d09fd371e2e_first_frame
                 save_output: False
            output_file_path: outputs/c4e8c1d3de014b5c81e88d09fd371e2e_b68c2a1ce21f489c884f951b1149288c.mp4
        
[09-20 06:43:52] Running pipeline stages: ['RealtimeInputValidationStage', 'RealtimeTextEncodingStage', 'AuxiliaryConditionEncodingStage', 'RealtimeImageVAEEncodingStage', 'DMDTimestepPreparationStage', 'RealtimeChunkLatentPreparationStage', 'LingBotWorldCausalDMDDenoisingStage', 'CausalVaeDecodingStage']
[09-20 06:43:52] [RealtimeInputValidationStage] started...
[09-20 06:43:52] [RealtimeInputValidationStage] finished in 0.0001 seconds
[09-20 06:43:52] [RealtimeTextEncodingStage] started...
[09-20 06:43:52] [RealtimeTextEncodingStage] finished in 0.0000 seconds
[09-20 06:43:52] [AuxiliaryConditionEncodingStage] started...
[09-20 06:43:52] [AuxiliaryConditionEncodingStage] finished in 0.0032 seconds
[09-20 06:43:52] [RealtimeImageVAEEncodingStage] started...
[09-20 06:43:52] [RealtimeImageVAEEncodingStage] finished in 0.0000 seconds
[09-20 06:43:52] [DMDTimestepPreparationStage] started...
[09-20 06:43:52] realtime chunk timing: session_id=c4e8c1d3de014b5c81e88d09fd371e2e request_id=c4e8c1d3de014b5c81e88d09fd371e2e_00adba71b89a41fdb351b37183f65a2f chunk_idx=23 event_id=None condition_kinds=['camera_actions'] request_prepare=0.47ms scheduler_forward=2564.49ms output_pace=0.00ms header_pack=0.01ms header_write=0.03ms raw_payload_build=1.45ms raw_write=4.36ms ws_write=4.39ms chunk_total=2571.76ms batches=1 frames=12 frame_shape=(480, 832, 3) raw_bytes=14376960 ws_payload_bytes=14377291 content_type=application/x-raw-rgb
[09-20 06:43:52] [DMDTimestepPreparationStage] finished in 0.0002 seconds
[09-20 06:43:52] [RealtimeChunkLatentPreparationStage] started...
[09-20 06:43:52] [RealtimeChunkLatentPreparationStage] finished in 0.0001 seconds
[09-20 06:43:52] [LingBotWorldCausalDMDDenoisingStage] started...
[09-20 06:43:54] [LingBotWorldCausalDMDDenoisingStage] finished in 2.1903 seconds
[09-20 06:43:54] [CausalVaeDecodingStage] started...
[09-20 06:43:55] [CausalVaeDecodingStage] finished in 0.3487 seconds
[09-20 06:43:55] realtime raw RGB frame batch timing: request_id=c4e8c1d3de014b5c81e88d09fd371e2e_b68c2a1ce21f489c884f951b1149288c chunk_idx=24 sample_to_frames=1.31ms frames_to_bytes=2.10ms total=3.44ms batches=1 frames=12 frame_shape=(480, 832, 3) raw_bytes=14376960 content_type=application/x-raw-rgb
[09-20 06:43:55] Pixel data generated successfully in [92m2.57[0;0m seconds
[09-20 06:43:55] Peak memory usage: 82744.00 MB
[09-20 06:43:55] Adjusting number of frames from 21 to 21 based on model
[09-20 06:43:55] Sampling params:
                       width: 832
                      height: 480
                  num_frames: 21
                         fps: 16
                      prompt: <redacted, len=62>
                  neg_prompt: None
                        seed: 42
                 infer_steps: 4
      num_outputs_per_prompt: 1
              guidance_scale: 1.0
     embedded_guidance_scale: 6.0
                    n_tokens: None
                  flow_shift: 5.0
                  image_path: inputs/uploads/c4e8c1d3de014b5c81e88d09fd371e2e_first_frame
                 save_output: False
            output_file_path: outputs/c4e8c1d3de014b5c81e88d09fd371e2e_b00e3e59ad68455faeb69c9f05ac0f4d.mp4
        
[09-20 06:43:55] Running pipeline stages: ['RealtimeInputValidationStage', 'RealtimeTextEncodingStage', 'AuxiliaryConditionEncodingStage', 'RealtimeImageVAEEncodingStage', 'DMDTimestepPreparationStage', 'RealtimeChunkLatentPreparationStage', 'LingBotWorldCausalDMDDenoisingStage', 'CausalVaeDecodingStage']
[09-20 06:43:55] [RealtimeInputValidationStage] started...
[09-20 06:43:55] [RealtimeInputValidationStage] finished in 0.0001 seconds
[09-20 06:43:55] [RealtimeTextEncodingStage] started...
[09-20 06:43:55] [RealtimeTextEncodingStage] finished in 0.0000 seconds
[09-20 06:43:55] [AuxiliaryConditionEncodingStage] started...
[09-20 06:43:55] [AuxiliaryConditionEncodingStage] finished in 0.0032 seconds
[09-20 06:43:55] [RealtimeImageVAEEncodingStage] started...
[09-20 06:43:55] [RealtimeImageVAEEncodingStage] finished in 0.0000 seconds
[09-20 06:43:55] [DMDTimestepPreparationStage] started...
[09-20 06:43:55] realtime chunk timing: session_id=c4e8c1d3de014b5c81e88d09fd371e2e request_id=c4e8c1d3de014b5c81e88d09fd371e2e_b68c2a1ce21f489c884f951b1149288c chunk_idx=24 event_id=None condition_kinds=['camera_actions'] request_prepare=0.51ms scheduler_forward=2567.81ms output_pace=0.00ms header_pack=0.01ms header_write=0.04ms raw_payload_build=1.46ms raw_write=4.46ms ws_write=4.50ms chunk_total=2575.17ms batches=1 frames=12 frame_shape=(480, 832, 3) raw_bytes=14376960 ws_payload_bytes=14377291 content_type=application/x-raw-rgb
[09-20 06:43:55] [DMDTimestepPreparationStage] finished in 0.0002 seconds
[09-20 06:43:55] [RealtimeChunkLatentPreparationStage] started...
[09-20 06:43:55] [RealtimeChunkLatentPreparationStage] finished in 0.0001 seconds
[09-20 06:43:55] [LingBotWorldCausalDMDDenoisingStage] started...
[09-20 06:43:57] [LingBotWorldCausalDMDDenoisingStage] finished in 2.1854 seconds
[09-20 06:43:57] [CausalVaeDecodingStage] started...
[09-20 06:43:57] [CausalVaeDecodingStage] finished in 0.3473 seconds
[09-20 06:43:57] realtime raw RGB frame batch timing: request_id=c4e8c1d3de014b5c81e88d09fd371e2e_b00e3e59ad68455faeb69c9f05ac0f4d chunk_idx=25 sample_to_frames=1.30ms frames_to_bytes=2.10ms total=3.43ms batches=1 frames=12 frame_shape=(480, 832, 3) raw_bytes=14376960 content_type=application/x-raw-rgb
[09-20 06:43:57] Pixel data generated successfully in [92m2.56[0;0m seconds
[09-20 06:43:57] Peak memory usage: 82744.00 MB
[09-20 06:43:57] Adjusting number of frames from 21 to 21 based on model
[09-20 06:43:57] Sampling params:
                       width: 832
                      height: 480
                  num_frames: 21
                         fps: 16
                      prompt: <redacted, len=62>
                  neg_prompt: None
                        seed: 42
                 infer_steps: 4
      num_outputs_per_prompt: 1
              guidance_scale: 1.0
     embedded_guidance_scale: 6.0
                    n_tokens: None
                  flow_shift: 5.0
                  image_path: inputs/uploads/c4e8c1d3de014b5c81e88d09fd371e2e_first_frame
                 save_output: False
            output_file_path: outputs/c4e8c1d3de014b5c81e88d09fd371e2e_a45da4d72f584dafa0f052088bcd99ba.mp4
        
[09-20 06:43:57] Running pipeline stages: ['RealtimeInputValidationStage', 'RealtimeTextEncodingStage', 'AuxiliaryConditionEncodingStage', 'RealtimeImageVAEEncodingStage', 'DMDTimestepPreparationStage', 'RealtimeChunkLatentPreparationStage', 'LingBotWorldCausalDMDDenoisingStage', 'CausalVaeDecodingStage']
[09-20 06:43:57] [RealtimeInputValidationStage] started...
[09-20 06:43:57] [RealtimeInputValidationStage] finished in 0.0001 seconds
[09-20 06:43:57] [RealtimeTextEncodingStage] started...
[09-20 06:43:57] [RealtimeTextEncodingStage] finished in 0.0000 seconds
[09-20 06:43:57] [AuxiliaryConditionEncodingStage] started...
[09-20 06:43:57] [AuxiliaryConditionEncodingStage] finished in 0.0033 seconds
[09-20 06:43:57] [RealtimeImageVAEEncodingStage] started...
[09-20 06:43:57] [RealtimeImageVAEEncodingStage] finished in 0.0000 seconds
[09-20 06:43:57] [DMDTimestepPreparationStage] started...
[09-20 06:43:57] realtime chunk timing: session_id=c4e8c1d3de014b5c81e88d09fd371e2e request_id=c4e8c1d3de014b5c81e88d09fd371e2e_b00e3e59ad68455faeb69c9f05ac0f4d chunk_idx=25 event_id=None condition_kinds=['camera_actions'] request_prepare=0.46ms scheduler_forward=2557.17ms output_pace=0.00ms header_pack=0.01ms header_write=0.04ms raw_payload_build=1.44ms raw_write=4.44ms ws_write=4.48ms chunk_total=2564.45ms batches=1 frames=12 frame_shape=(480, 832, 3) raw_bytes=14376960 ws_payload_bytes=14377291 content_type=application/x-raw-rgb
[09-20 06:43:57] [DMDTimestepPreparationStage] finished in 0.0002 seconds
[09-20 06:43:57] [RealtimeChunkLatentPreparationStage] started...
[09-20 06:43:57] [RealtimeChunkLatentPreparationStage] finished in 0.0001 seconds
[09-20 06:43:57] [LingBotWorldCausalDMDDenoisingStage] started...
[09-20 06:43:59] [LingBotWorldCausalDMDDenoisingStage] finished in 2.1935 seconds
[09-20 06:43:59] [CausalVaeDecodingStage] started...
[09-20 06:44:00] [CausalVaeDecodingStage] finished in 0.3480 seconds
[09-20 06:44:00] realtime raw RGB frame batch timing: request_id=c4e8c1d3de014b5c81e88d09fd371e2e_a45da4d72f584dafa0f052088bcd99ba chunk_idx=26 sample_to_frames=2.27ms frames_to_bytes=2.91ms total=5.21ms batches=1 frames=12 frame_shape=(480, 832, 3) raw_bytes=14376960 content_type=application/x-raw-rgb
[09-20 06:44:00] Pixel data generated successfully in [92m2.57[0;0m seconds
[09-20 06:44:00] Peak memory usage: 82744.00 MB
[09-20 06:44:00] Adjusting number of frames from 21 to 21 based on model
[09-20 06:44:00] Sampling params:
                       width: 832
                      height: 480
                  num_frames: 21
                         fps: 16
                      prompt: <redacted, len=62>
                  neg_prompt: None
                        seed: 42
                 infer_steps: 4
      num_outputs_per_prompt: 1
              guidance_scale: 1.0
     embedded_guidance_scale: 6.0
                    n_tokens: None
                  flow_shift: 5.0
                  image_path: inputs/uploads/c4e8c1d3de014b5c81e88d09fd371e2e_first_frame
                 save_output: False
            output_file_path: outputs/c4e8c1d3de014b5c81e88d09fd371e2e_542d18b7c7ec4a199f50638478084a91.mp4
        
[09-20 06:44:00] Running pipeline stages: ['RealtimeInputValidationStage', 'RealtimeTextEncodingStage', 'AuxiliaryConditionEncodingStage', 'RealtimeImageVAEEncodingStage', 'DMDTimestepPreparationStage', 'RealtimeChunkLatentPreparationStage', 'LingBotWorldCausalDMDDenoisingStage', 'CausalVaeDecodingStage']
[09-20 06:44:00] [RealtimeInputValidationStage] started...
[09-20 06:44:00] [RealtimeInputValidationStage] finished in 0.0001 seconds
[09-20 06:44:00] [RealtimeTextEncodingStage] started...
[09-20 06:44:00] [RealtimeTextEncodingStage] finished in 0.0000 seconds
[09-20 06:44:00] [AuxiliaryConditionEncodingStage] started...
[09-20 06:44:00] realtime chunk timing: session_id=c4e8c1d3de014b5c81e88d09fd371e2e request_id=c4e8c1d3de014b5c81e88d09fd371e2e_a45da4d72f584dafa0f052088bcd99ba chunk_idx=26 event_id=None condition_kinds=['camera_actions'] request_prepare=0.48ms scheduler_forward=2573.92ms output_pace=0.00ms header_pack=0.01ms header_write=0.04ms raw_payload_build=1.46ms raw_write=4.48ms ws_write=4.52ms chunk_total=2581.28ms batches=1 frames=12 frame_shape=(480, 832, 3) raw_bytes=14376960 ws_payload_bytes=14377291 content_type=application/x-raw-rgb
[09-20 06:44:00] [AuxiliaryConditionEncodingStage] finished in 0.0034 seconds
[09-20 06:44:00] [RealtimeImageVAEEncodingStage] started...
[09-20 06:44:00] [RealtimeImageVAEEncodingStage] finished in 0.0000 seconds
[09-20 06:44:00] [DMDTimestepPreparationStage] started...
[09-20 06:44:00] [DMDTimestepPreparationStage] finished in 0.0002 seconds
[09-20 06:44:00] [RealtimeChunkLatentPreparationStage] started...
[09-20 06:44:00] [RealtimeChunkLatentPreparationStage] finished in 0.0001 seconds
[09-20 06:44:00] [LingBotWorldCausalDMDDenoisingStage] started...
[09-20 06:44:02] [LingBotWorldCausalDMDDenoisingStage] finished in 2.1892 seconds
[09-20 06:44:02] [CausalVaeDecodingStage] started...
[09-20 06:44:02] [CausalVaeDecodingStage] finished in 0.3486 seconds
[09-20 06:44:02] realtime raw RGB frame batch timing: request_id=c4e8c1d3de014b5c81e88d09fd371e2e_542d18b7c7ec4a199f50638478084a91 chunk_idx=27 sample_to_frames=1.28ms frames_to_bytes=2.49ms total=3.80ms batches=1 frames=12 frame_shape=(480, 832, 3) raw_bytes=14376960 content_type=application/x-raw-rgb
[09-20 06:44:02] Pixel data generated successfully in [92m2.56[0;0m seconds
[09-20 06:44:02] Peak memory usage: 82744.00 MB
[09-20 06:44:02] Adjusting number of frames from 21 to 21 based on model
[09-20 06:44:02] Sampling params:
                       width: 832
                      height: 480
                  num_frames: 21
                         fps: 16
                      prompt: <redacted, len=62>
                  neg_prompt: None
                        seed: 42
                 infer_steps: 4
      num_outputs_per_prompt: 1
              guidance_scale: 1.0
     embedded_guidance_scale: 6.0
                    n_tokens: None
                  flow_shift: 5.0
                  image_path: inputs/uploads/c4e8c1d3de014b5c81e88d09fd371e2e_first_frame
                 save_output: False
            output_file_path: outputs/c4e8c1d3de014b5c81e88d09fd371e2e_46d3047d1890430d81735f9a538a2a53.mp4
        
[09-20 06:44:02] Running pipeline stages: ['RealtimeInputValidationStage', 'RealtimeTextEncodingStage', 'AuxiliaryConditionEncodingStage', 'RealtimeImageVAEEncodingStage', 'DMDTimestepPreparationStage', 'RealtimeChunkLatentPreparationStage', 'LingBotWorldCausalDMDDenoisingStage', 'CausalVaeDecodingStage']
[09-20 06:44:02] [RealtimeInputValidationStage] started...
[09-20 06:44:02] [RealtimeInputValidationStage] finished in 0.0001 seconds
[09-20 06:44:02] [RealtimeTextEncodingStage] started...
[09-20 06:44:02] [RealtimeTextEncodingStage] finished in 0.0000 seconds
[09-20 06:44:02] [AuxiliaryConditionEncodingStage] started...
[09-20 06:44:02] [AuxiliaryConditionEncodingStage] finished in 0.0035 seconds
[09-20 06:44:02] realtime chunk timing: session_id=c4e8c1d3de014b5c81e88d09fd371e2e request_id=c4e8c1d3de014b5c81e88d09fd371e2e_542d18b7c7ec4a199f50638478084a91 chunk_idx=27 event_id=None condition_kinds=['camera_actions'] request_prepare=0.47ms scheduler_forward=2562.93ms output_pace=0.00ms header_pack=0.01ms header_write=0.04ms raw_payload_build=1.43ms raw_write=4.41ms ws_write=4.45ms chunk_total=2570.18ms batches=1 frames=12 frame_shape=(480, 832, 3) raw_bytes=14376960 ws_payload_bytes=14377291 content_type=application/x-raw-rgb
[09-20 06:44:02] [RealtimeImageVAEEncodingStage] started...
[09-20 06:44:02] [RealtimeImageVAEEncodingStage] finished in 0.0000 seconds
[09-20 06:44:02] [DMDTimestepPreparationStage] started...
[09-20 06:44:02] [DMDTimestepPreparationStage] finished in 0.0002 seconds
[09-20 06:44:02] [RealtimeChunkLatentPreparationStage] started...
[09-20 06:44:02] [RealtimeChunkLatentPreparationStage] finished in 0.0001 seconds
[09-20 06:44:02] [LingBotWorldCausalDMDDenoisingStage] started...
[09-20 06:44:05] [LingBotWorldCausalDMDDenoisingStage] finished in 2.1894 seconds
[09-20 06:44:05] [CausalVaeDecodingStage] started...
[09-20 06:44:05] [CausalVaeDecodingStage] finished in 0.3489 seconds
[09-20 06:44:05] realtime raw RGB frame batch timing: request_id=c4e8c1d3de014b5c81e88d09fd371e2e_46d3047d1890430d81735f9a538a2a53 chunk_idx=28 sample_to_frames=1.25ms frames_to_bytes=2.00ms total=3.28ms batches=1 frames=12 frame_shape=(480, 832, 3) raw_bytes=14376960 content_type=application/x-raw-rgb
[09-20 06:44:05] Pixel data generated successfully in [92m2.57[0;0m seconds
[09-20 06:44:05] Peak memory usage: 82744.00 MB
[09-20 06:44:05] Adjusting number of frames from 21 to 21 based on model
[09-20 06:44:05] Sampling params:
                       width: 832
                      height: 480
                  num_frames: 21
                         fps: 16
                      prompt: <redacted, len=62>
                  neg_prompt: None
                        seed: 42
                 infer_steps: 4
      num_outputs_per_prompt: 1
              guidance_scale: 1.0
     embedded_guidance_scale: 6.0
                    n_tokens: None
                  flow_shift: 5.0
                  image_path: inputs/uploads/c4e8c1d3de014b5c81e88d09fd371e2e_first_frame
                 save_output: False
            output_file_path: outputs/c4e8c1d3de014b5c81e88d09fd371e2e_aa99b8201bac404c880309301a364e5f.mp4
        
[09-20 06:44:05] Running pipeline stages: ['RealtimeInputValidationStage', 'RealtimeTextEncodingStage', 'AuxiliaryConditionEncodingStage', 'RealtimeImageVAEEncodingStage', 'DMDTimestepPreparationStage', 'RealtimeChunkLatentPreparationStage', 'LingBotWorldCausalDMDDenoisingStage', 'CausalVaeDecodingStage']
[09-20 06:44:05] [RealtimeInputValidationStage] started...
[09-20 06:44:05] [RealtimeInputValidationStage] finished in 0.0001 seconds
[09-20 06:44:05] [RealtimeTextEncodingStage] started...
[09-20 06:44:05] [RealtimeTextEncodingStage] finished in 0.0000 seconds
[09-20 06:44:05] [AuxiliaryConditionEncodingStage] started...
[09-20 06:44:05] [AuxiliaryConditionEncodingStage] finished in 0.0035 seconds
[09-20 06:44:05] [RealtimeImageVAEEncodingStage] started...
[09-20 06:44:05] [RealtimeImageVAEEncodingStage] finished in 0.0000 seconds
[09-20 06:44:05] [DMDTimestepPreparationStage] started...
[09-20 06:44:05] realtime chunk timing: session_id=c4e8c1d3de014b5c81e88d09fd371e2e request_id=c4e8c1d3de014b5c81e88d09fd371e2e_46d3047d1890430d81735f9a538a2a53 chunk_idx=28 event_id=None condition_kinds=['camera_actions'] request_prepare=0.47ms scheduler_forward=2565.86ms output_pace=0.00ms header_pack=0.01ms header_write=0.03ms raw_payload_build=1.46ms raw_write=4.64ms ws_write=4.68ms chunk_total=2573.34ms batches=1 frames=12 frame_shape=(480, 832, 3) raw_bytes=14376960 ws_payload_bytes=14377291 content_type=application/x-raw-rgb
[09-20 06:44:05] [DMDTimestepPreparationStage] finished in 0.0002 seconds
[09-20 06:44:05] [RealtimeChunkLatentPreparationStage] started...
[09-20 06:44:05] [RealtimeChunkLatentPreparationStage] finished in 0.0001 seconds
[09-20 06:44:05] [LingBotWorldCausalDMDDenoisingStage] started...
[09-20 06:44:07] [LingBotWorldCausalDMDDenoisingStage] finished in 2.1843 seconds
[09-20 06:44:07] [CausalVaeDecodingStage] started...
[09-20 06:44:07] [CausalVaeDecodingStage] finished in 0.3469 seconds
[09-20 06:44:07] realtime raw RGB frame batch timing: request_id=c4e8c1d3de014b5c81e88d09fd371e2e_aa99b8201bac404c880309301a364e5f chunk_idx=29 sample_to_frames=2.19ms frames_to_bytes=3.02ms total=5.24ms batches=1 frames=12 frame_shape=(480, 832, 3) raw_bytes=14376960 content_type=application/x-raw-rgb
[09-20 06:44:07] Pixel data generated successfully in [92m2.56[0;0m seconds
[09-20 06:44:07] Peak memory usage: 82744.00 MB
[09-20 06:44:07] realtime chunk timing: session_id=c4e8c1d3de014b5c81e88d09fd371e2e request_id=c4e8c1d3de014b5c81e88d09fd371e2e_aa99b8201bac404c880309301a364e5f chunk_idx=29 event_id=None condition_kinds=['camera_actions'] request_prepare=0.46ms scheduler_forward=2558.69ms output_pace=0.00ms header_pack=0.02ms header_write=0.03ms raw_payload_build=1.43ms raw_write=4.45ms ws_write=4.48ms chunk_total=2565.15ms batches=1 frames=12 frame_shape=(480, 832, 3) raw_bytes=14376960 ws_payload_bytes=14377291 content_type=application/x-raw-rgb
[09-20 06:44:07] generation reached max chunks, session_id=c4e8c1d3de014b5c81e88d09fd371e2e, max_chunks=30
[09-20 06:44:07] terminating session, session_id=c4e8c1d3de014b5c81e88d09fd371e2e
[09-20 06:44:07] Realtime session release: session_id=c4e8c1d3de014b5c81e88d09fd371e2e released=True
[2026-09-20 06:44:10] [32mINFO[0m:     Shutting down
[2026-09-20 06:44:10] [32mINFO[0m:     Waiting for application shutdown.
[09-20 06:44:10] FastAPI app is shutting down...
[2026-09-20 06:44:10] [32mINFO[0m:     Application shutdown complete.
[2026-09-20 06:44:10] [32mINFO[0m:     Finished server process [[36m127060[0m]
/usr/lib/python3.12/multiprocessing/resource_tracker.py:254: UserWarning: resource_tracker: There appear to be 1 leaked semaphore objects to clean up at shutdown
  warnings.warn('resource_tracker: There appear to be %d '
