family,repeat,tested_commit,id,baseline_us,candidate_us,speedup,passed
groupnorm_channels_last,repeat-1,65921d58c645ba9d3d79c372e25a1c9fc75c6c6a,groupnorm_channels_last__0,113.952,63.68,1.7894472361809044,True
groupnorm_channels_last,repeat-1,65921d58c645ba9d3d79c372e25a1c9fc75c6c6a,groupnorm_channels_last__1,144.416,87.632,1.6479824721562897,True
groupnorm_channels_last,repeat-1,65921d58c645ba9d3d79c372e25a1c9fc75c6c6a,groupnorm_channels_last__2,312.448,304.432,1.0263310033110842,True
groupnorm_channels_last,repeat-1,65921d58c645ba9d3d79c372e25a1c9fc75c6c6a,groupnorm_channels_last__3,255.55249999999995,255.552,1.0000019565489606,True
groupnorm_channels_last,repeat-1,65921d58c645ba9d3d79c372e25a1c9fc75c6c6a,groupnorm_channels_last__4,893.3919999999999,892.8960000000001,1.0005554958248217,True
groupnorm_channels_last,repeat-1,65921d58c645ba9d3d79c372e25a1c9fc75c6c6a,groupnorm_channels_last__5,300.57599999999996,299.68,1.0029898558462358,True
groupnorm_channels_last,repeat-1,65921d58c645ba9d3d79c372e25a1c9fc75c6c6a,groupnorm_channels_last__6,112.255,62.016,1.810097394220846,True
groupnorm_channels_last,repeat-1,65921d58c645ba9d3d79c372e25a1c9fc75c6c6a,groupnorm_channels_last__7,215.248,63.152,3.4084114517354953,True
groupnorm_channels_last,repeat-1,65921d58c645ba9d3d79c372e25a1c9fc75c6c6a,groupnorm_channels_last__8,269.1205,112.304,2.3963572090041314,True
groupnorm_channels_last,repeat-1,65921d58c645ba9d3d79c372e25a1c9fc75c6c6a,groupnorm_channels_last__9,488.6395,401.2165,1.2178948273563028,True
groupnorm_channels_last,repeat-1,65921d58c645ba9d3d79c372e25a1c9fc75c6c6a,groupnorm_channels_last__10,203.936,203.68,1.0012568735271015,True
groupnorm_channels_last,repeat-1,65921d58c645ba9d3d79c372e25a1c9fc75c6c6a,groupnorm_channels_last__11,799.6805,801.408,0.9978444188228718,True
groupnorm_channels_last,repeat-1,65921d58c645ba9d3d79c372e25a1c9fc75c6c6a,groupnorm_channels_last__12,397.152,397.39250000000004,0.9993948048843397,True
groupnorm_channels_last,repeat-1,65921d58c645ba9d3d79c372e25a1c9fc75c6c6a,groupnorm_channels_last__13,216.1285,65.61600000000001,3.2938383930748594,True
groupnorm_channels_last,repeat-1,65921d58c645ba9d3d79c372e25a1c9fc75c6c6a,groupnorm_channels_last__14,79.5515,80.672,0.9861104224514082,True
groupnorm_channels_last,repeat-1,65921d58c645ba9d3d79c372e25a1c9fc75c6c6a,groupnorm_channels_last__15,54.60850000000001,54.5595,1.00089810207205,True
groupnorm_channels_last,repeat-1,65921d58c645ba9d3d79c372e25a1c9fc75c6c6a,groupnorm_channels_last__16,52.384,51.824,1.0108058042605743,True
groupnorm_channels_last,repeat-1,65921d58c645ba9d3d79c372e25a1c9fc75c6c6a,groupnorm_channels_last__17,55.3755,55.056,1.0058031822144726,True
groupnorm_channels_last,repeat-2,65921d58c645ba9d3d79c372e25a1c9fc75c6c6a,groupnorm_channels_last__0,114.032,63.647999999999996,1.7916038210155858,True
groupnorm_channels_last,repeat-2,65921d58c645ba9d3d79c372e25a1c9fc75c6c6a,groupnorm_channels_last__1,144.352,87.6,1.647853881278539,True
groupnorm_channels_last,repeat-2,65921d58c645ba9d3d79c372e25a1c9fc75c6c6a,groupnorm_channels_last__2,312.32000000000005,304.40049999999997,1.0260167115362822,True
groupnorm_channels_last,repeat-2,65921d58c645ba9d3d79c372e25a1c9fc75c6c6a,groupnorm_channels_last__3,255.52049999999997,255.68,0.9993761733416769,True
groupnorm_channels_last,repeat-2,65921d58c645ba9d3d79c372e25a1c9fc75c6c6a,groupnorm_channels_last__4,893.184,892.944,1.0002687738536795,True
groupnorm_channels_last,repeat-2,65921d58c645ba9d3d79c372e25a1c9fc75c6c6a,groupnorm_channels_last__5,299.88800000000003,299.59999999999997,1.0009612817089455,True
groupnorm_channels_last,repeat-2,65921d58c645ba9d3d79c372e25a1c9fc75c6c6a,groupnorm_channels_last__6,112.224,61.985,1.8105025409373237,True
groupnorm_channels_last,repeat-2,65921d58c645ba9d3d79c372e25a1c9fc75c6c6a,groupnorm_channels_last__7,215.248,64.2395,3.3507110111380065,True
groupnorm_channels_last,repeat-2,65921d58c645ba9d3d79c372e25a1c9fc75c6c6a,groupnorm_channels_last__8,269.169,113.18400000000001,2.3781541560644612,True
groupnorm_channels_last,repeat-2,65921d58c645ba9d3d79c372e25a1c9fc75c6c6a,groupnorm_channels_last__9,488.64050000000003,401.616,1.2166858392095934,True
groupnorm_channels_last,repeat-2,65921d58c645ba9d3d79c372e25a1c9fc75c6c6a,groupnorm_channels_last__10,203.92,203.617,1.0014880879297898,True
groupnorm_channels_last,repeat-2,65921d58c645ba9d3d79c372e25a1c9fc75c6c6a,groupnorm_channels_last__11,800.049,801.137,0.9986419301567647,True
groupnorm_channels_last,repeat-2,65921d58c645ba9d3d79c372e25a1c9fc75c6c6a,groupnorm_channels_last__12,397.04,397.56899999999996,0.9986694133596937,True
groupnorm_channels_last,repeat-2,65921d58c645ba9d3d79c372e25a1c9fc75c6c6a,groupnorm_channels_last__13,216.128,66.65599999999999,3.242438790206433,True
groupnorm_channels_last,repeat-2,65921d58c645ba9d3d79c372e25a1c9fc75c6c6a,groupnorm_channels_last__14,79.52,80.672,0.9857199523998413,True
groupnorm_channels_last,repeat-2,65921d58c645ba9d3d79c372e25a1c9fc75c6c6a,groupnorm_channels_last__15,55.408,55.216,1.0034772529701534,True
groupnorm_channels_last,repeat-2,65921d58c645ba9d3d79c372e25a1c9fc75c6c6a,groupnorm_channels_last__16,53.088,53.440000000000005,0.9934131736526947,True
groupnorm_channels_last,repeat-2,65921d58c645ba9d3d79c372e25a1c9fc75c6c6a,groupnorm_channels_last__17,55.936,55.984,0.9991426121749071,True
groupnorm_channels_last,repeat-3,65921d58c645ba9d3d79c372e25a1c9fc75c6c6a,groupnorm_channels_last__0,114.0965,63.6965,1.7912522666080553,True
groupnorm_channels_last,repeat-3,65921d58c645ba9d3d79c372e25a1c9fc75c6c6a,groupnorm_channels_last__1,144.208,87.64800000000001,1.6453085067542899,True
groupnorm_channels_last,repeat-3,65921d58c645ba9d3d79c372e25a1c9fc75c6c6a,groupnorm_channels_last__2,312.56,304.593,1.0261562150147903,True
groupnorm_channels_last,repeat-3,65921d58c645ba9d3d79c372e25a1c9fc75c6c6a,groupnorm_channels_last__3,255.4245,255.521,0.9996223402381801,True
groupnorm_channels_last,repeat-3,65921d58c645ba9d3d79c372e25a1c9fc75c6c6a,groupnorm_channels_last__4,893.345,893.0245,1.000358892729147,True
groupnorm_channels_last,repeat-3,65921d58c645ba9d3d79c372e25a1c9fc75c6c6a,groupnorm_channels_last__5,300.033,299.56850000000003,1.001550563560588,True
groupnorm_channels_last,repeat-3,65921d58c645ba9d3d79c372e25a1c9fc75c6c6a,groupnorm_channels_last__6,112.304,62.016,1.8108875128998967,True
groupnorm_channels_last,repeat-3,65921d58c645ba9d3d79c372e25a1c9fc75c6c6a,groupnorm_channels_last__7,215.2005,64.497,3.3365970510256293,True
groupnorm_channels_last,repeat-3,65921d58c645ba9d3d79c372e25a1c9fc75c6c6a,groupnorm_channels_last__8,268.96049999999997,113.76,2.3642800632911394,True
groupnorm_channels_last,repeat-3,65921d58c645ba9d3d79c372e25a1c9fc75c6c6a,groupnorm_channels_last__9,488.86400000000003,401.18399999999997,1.218553082874691,True
groupnorm_channels_last,repeat-3,65921d58c645ba9d3d79c372e25a1c9fc75c6c6a,groupnorm_channels_last__10,203.87199999999999,203.6325,1.0011761383865543,True
groupnorm_channels_last,repeat-3,65921d58c645ba9d3d79c372e25a1c9fc75c6c6a,groupnorm_channels_last__11,800.049,800.129,0.9999000161224003,True
groupnorm_channels_last,repeat-3,65921d58c645ba9d3d79c372e25a1c9fc75c6c6a,groupnorm_channels_last__12,397.0725,397.32849999999996,0.9993556968604065,True
groupnorm_channels_last,repeat-3,65921d58c645ba9d3d79c372e25a1c9fc75c6c6a,groupnorm_channels_last__13,216.0,66.464,3.2498796340876264,True
groupnorm_channels_last,repeat-3,65921d58c645ba9d3d79c372e25a1c9fc75c6c6a,groupnorm_channels_last__14,79.664,80.75200000000001,0.9865266494947493,True
groupnorm_channels_last,repeat-3,65921d58c645ba9d3d79c372e25a1c9fc75c6c6a,groupnorm_channels_last__15,55.184,55.120000000000005,1.0011611030478953,True
groupnorm_channels_last,repeat-3,65921d58c645ba9d3d79c372e25a1c9fc75c6c6a,groupnorm_channels_last__16,52.736,52.736000000000004,0.9999999999999999,True
groupnorm_channels_last,repeat-3,65921d58c645ba9d3d79c372e25a1c9fc75c6c6a,groupnorm_channels_last__17,55.488,55.4725,1.0002794177295058,True
h3_indexed_modulation,repeat-1,65921d58c645ba9d3d79c372e25a1c9fc75c6c6a,h3_indexed_modulation__0,1.568,1.5195,1.0319183942086212,True
h3_indexed_modulation,repeat-1,65921d58c645ba9d3d79c372e25a1c9fc75c6c6a,h3_indexed_modulation__1,4.2245,2.528,1.6710838607594938,True
h3_indexed_modulation,repeat-1,65921d58c645ba9d3d79c372e25a1c9fc75c6c6a,h3_indexed_modulation__2,57.312000000000005,46.752,1.2258726899383983,True
h3_indexed_modulation,repeat-1,65921d58c645ba9d3d79c372e25a1c9fc75c6c6a,h3_indexed_modulation__3,230.8635,189.58399999999997,1.2177372563085493,True
h3_indexed_modulation,repeat-1,65921d58c645ba9d3d79c372e25a1c9fc75c6c6a,h3_indexed_modulation__4,1.6315000000000002,1.6,1.0196875,True
h3_indexed_modulation,repeat-1,65921d58c645ba9d3d79c372e25a1c9fc75c6c6a,h3_indexed_modulation__5,4.928,3.104,1.5876288659793816,True
h3_indexed_modulation,repeat-1,65921d58c645ba9d3d79c372e25a1c9fc75c6c6a,h3_indexed_modulation__6,72.43249999999999,64.0155,1.131483781271723,True
h3_indexed_modulation,repeat-1,65921d58c645ba9d3d79c372e25a1c9fc75c6c6a,h3_indexed_modulation__7,282.7355,251.77500000000003,1.1229689206632907,True
h3_indexed_modulation,repeat-1,65921d58c645ba9d3d79c372e25a1c9fc75c6c6a,h3_indexed_modulation__8,1.6,1.6,1.0,True
h3_indexed_modulation,repeat-1,65921d58c645ba9d3d79c372e25a1c9fc75c6c6a,h3_indexed_modulation__9,5.0235,3.184,1.5777324120603016,True
h3_indexed_modulation,repeat-1,65921d58c645ba9d3d79c372e25a1c9fc75c6c6a,h3_indexed_modulation__10,72.92750000000001,64.416,1.1321333209140587,True
h3_indexed_modulation,repeat-1,65921d58c645ba9d3d79c372e25a1c9fc75c6c6a,h3_indexed_modulation__11,281.439,251.583,1.1186725653164165,True
h3_indexed_modulation,repeat-2,65921d58c645ba9d3d79c372e25a1c9fc75c6c6a,h3_indexed_modulation__0,1.5675,1.504,1.0422207446808511,True
h3_indexed_modulation,repeat-2,65921d58c645ba9d3d79c372e25a1c9fc75c6c6a,h3_indexed_modulation__1,4.224,2.528,1.6708860759493673,True
h3_indexed_modulation,repeat-2,65921d58c645ba9d3d79c372e25a1c9fc75c6c6a,h3_indexed_modulation__2,57.359500000000004,46.783,1.2260757112626381,True
h3_indexed_modulation,repeat-2,65921d58c645ba9d3d79c372e25a1c9fc75c6c6a,h3_indexed_modulation__3,231.295,189.888,1.2180601196494776,True
h3_indexed_modulation,repeat-2,65921d58c645ba9d3d79c372e25a1c9fc75c6c6a,h3_indexed_modulation__4,1.632,1.6,1.02,True
h3_indexed_modulation,repeat-2,65921d58c645ba9d3d79c372e25a1c9fc75c6c6a,h3_indexed_modulation__5,4.896,3.104,1.5773195876288661,True
h3_indexed_modulation,repeat-2,65921d58c645ba9d3d79c372e25a1c9fc75c6c6a,h3_indexed_modulation__6,72.384,63.92,1.1324155193992491,True
h3_indexed_modulation,repeat-2,65921d58c645ba9d3d79c372e25a1c9fc75c6c6a,h3_indexed_modulation__7,282.7355,251.85449999999997,1.1226144460392808,True
h3_indexed_modulation,repeat-2,65921d58c645ba9d3d79c372e25a1c9fc75c6c6a,h3_indexed_modulation__8,1.6,1.6,1.0,True
h3_indexed_modulation,repeat-2,65921d58c645ba9d3d79c372e25a1c9fc75c6c6a,h3_indexed_modulation__9,5.008,3.1679999999999997,1.580808080808081,True
h3_indexed_modulation,repeat-2,65921d58c645ba9d3d79c372e25a1c9fc75c6c6a,h3_indexed_modulation__10,72.92750000000001,64.608,1.1287688831104508,True
h3_indexed_modulation,repeat-2,65921d58c645ba9d3d79c372e25a1c9fc75c6c6a,h3_indexed_modulation__11,281.391,251.5035,1.1188353243593032,True
h3_indexed_modulation,repeat-3,65921d58c645ba9d3d79c372e25a1c9fc75c6c6a,h3_indexed_modulation__0,1.5675,1.536,1.0205078125,True
h3_indexed_modulation,repeat-3,65921d58c645ba9d3d79c372e25a1c9fc75c6c6a,h3_indexed_modulation__1,4.224,2.528,1.6708860759493673,True
h3_indexed_modulation,repeat-3,65921d58c645ba9d3d79c372e25a1c9fc75c6c6a,h3_indexed_modulation__2,57.3275,46.752,1.2262042265571527,True
h3_indexed_modulation,repeat-3,65921d58c645ba9d3d79c372e25a1c9fc75c6c6a,h3_indexed_modulation__3,231.29549999999998,189.552,1.220221891618131,True
h3_indexed_modulation,repeat-3,65921d58c645ba9d3d79c372e25a1c9fc75c6c6a,h3_indexed_modulation__4,1.631,1.6,1.019375,True
h3_indexed_modulation,repeat-3,65921d58c645ba9d3d79c372e25a1c9fc75c6c6a,h3_indexed_modulation__5,4.896,3.104,1.5773195876288661,True
h3_indexed_modulation,repeat-3,65921d58c645ba9d3d79c372e25a1c9fc75c6c6a,h3_indexed_modulation__6,72.39999999999999,64.0,1.1312499999999999,True
h3_indexed_modulation,repeat-3,65921d58c645ba9d3d79c372e25a1c9fc75c6c6a,h3_indexed_modulation__7,282.7355,251.728,1.1231785895887625,True
h3_indexed_modulation,repeat-3,65921d58c645ba9d3d79c372e25a1c9fc75c6c6a,h3_indexed_modulation__8,1.6,1.6,1.0,True
h3_indexed_modulation,repeat-3,65921d58c645ba9d3d79c372e25a1c9fc75c6c6a,h3_indexed_modulation__9,4.992,3.1679999999999997,1.575757575757576,True
h3_indexed_modulation,repeat-3,65921d58c645ba9d3d79c372e25a1c9fc75c6c6a,h3_indexed_modulation__10,72.88,64.47999999999999,1.1302729528535982,True
h3_indexed_modulation,repeat-3,65921d58c645ba9d3d79c372e25a1c9fc75c6c6a,h3_indexed_modulation__11,281.456,251.5675,1.118809067148976,True
hunyuan_qkv_rope_pack,repeat-1,65921d58c645ba9d3d79c372e25a1c9fc75c6c6a,hunyuan_qkv_rope_pack__0,5.664,4.672,1.2123287671232876,True
hunyuan_qkv_rope_pack,repeat-1,65921d58c645ba9d3d79c372e25a1c9fc75c6c6a,hunyuan_qkv_rope_pack__1,60.368,41.103500000000004,1.4686827155838311,True
hunyuan_qkv_rope_pack,repeat-1,65921d58c645ba9d3d79c372e25a1c9fc75c6c6a,hunyuan_qkv_rope_pack__2,60.191500000000005,41.1515,1.4626805827248095,True
hunyuan_qkv_rope_pack,repeat-1,65921d58c645ba9d3d79c372e25a1c9fc75c6c6a,hunyuan_qkv_rope_pack__3,30.496,21.984,1.3871906841339154,True
hunyuan_qkv_rope_pack,repeat-1,65921d58c645ba9d3d79c372e25a1c9fc75c6c6a,hunyuan_qkv_rope_pack__4,162.49550000000002,105.00750000000001,1.547465657214961,True
hunyuan_qkv_rope_pack,repeat-1,65921d58c645ba9d3d79c372e25a1c9fc75c6c6a,hunyuan_qkv_rope_pack__5,1.696,1.6,1.06,True
hunyuan_qkv_rope_pack,repeat-2,65921d58c645ba9d3d79c372e25a1c9fc75c6c6a,hunyuan_qkv_rope_pack__0,5.664,4.736,1.195945945945946,True
hunyuan_qkv_rope_pack,repeat-2,65921d58c645ba9d3d79c372e25a1c9fc75c6c6a,hunyuan_qkv_rope_pack__1,60.2395,41.135999999999996,1.464398580318942,True
hunyuan_qkv_rope_pack,repeat-2,65921d58c645ba9d3d79c372e25a1c9fc75c6c6a,hunyuan_qkv_rope_pack__2,60.1755,41.2155,1.4600211085635257,True
hunyuan_qkv_rope_pack,repeat-2,65921d58c645ba9d3d79c372e25a1c9fc75c6c6a,hunyuan_qkv_rope_pack__3,30.608499999999996,22.064,1.387259789702683,True
hunyuan_qkv_rope_pack,repeat-2,65921d58c645ba9d3d79c372e25a1c9fc75c6c6a,hunyuan_qkv_rope_pack__4,161.744,104.96,1.5410060975609756,True
hunyuan_qkv_rope_pack,repeat-2,65921d58c645ba9d3d79c372e25a1c9fc75c6c6a,hunyuan_qkv_rope_pack__5,1.616,1.632,0.9901960784313726,True
hunyuan_qkv_rope_pack,repeat-3,65921d58c645ba9d3d79c372e25a1c9fc75c6c6a,hunyuan_qkv_rope_pack__0,5.664,4.6875,1.20832,True
hunyuan_qkv_rope_pack,repeat-3,65921d58c645ba9d3d79c372e25a1c9fc75c6c6a,hunyuan_qkv_rope_pack__1,60.303999999999995,41.104,1.467107824056053,True
hunyuan_qkv_rope_pack,repeat-3,65921d58c645ba9d3d79c372e25a1c9fc75c6c6a,hunyuan_qkv_rope_pack__2,60.16,41.1365,1.462448190779478,True
hunyuan_qkv_rope_pack,repeat-3,65921d58c645ba9d3d79c372e25a1c9fc75c6c6a,hunyuan_qkv_rope_pack__3,30.4965,21.984,1.3872134279475983,True
hunyuan_qkv_rope_pack,repeat-3,65921d58c645ba9d3d79c372e25a1c9fc75c6c6a,hunyuan_qkv_rope_pack__4,161.71200000000002,104.96,1.5407012195121954,True
hunyuan_qkv_rope_pack,repeat-3,65921d58c645ba9d3d79c372e25a1c9fc75c6c6a,hunyuan_qkv_rope_pack__5,1.632,1.5690000000000002,1.040152963671128,True
ltx2_ada_values,repeat-1,65921d58c645ba9d3d79c372e25a1c9fc75c6c6a,ltx2_ada_values__0,4.0,1.3760000000000001,2.9069767441860463,True
ltx2_ada_values,repeat-1,65921d58c645ba9d3d79c372e25a1c9fc75c6c6a,ltx2_ada_values__1,4.3839999999999995,1.536,2.8541666666666665,True
ltx2_ada_values,repeat-1,65921d58c645ba9d3d79c372e25a1c9fc75c6c6a,ltx2_ada_values__2,2.384,1.504,1.5851063829787233,True
ltx2_ada_values,repeat-1,65921d58c645ba9d3d79c372e25a1c9fc75c6c6a,ltx2_ada_values__3,2.944,1.536,1.9166666666666665,True
ltx2_ada_values,repeat-1,65921d58c645ba9d3d79c372e25a1c9fc75c6c6a,ltx2_ada_values__4,4.5120000000000005,2.816,1.6022727272727275,True
ltx2_ada_values,repeat-1,65921d58c645ba9d3d79c372e25a1c9fc75c6c6a,ltx2_ada_values__5,3.5675,3.12,1.1434294871794872,True
ltx2_ada_values,repeat-1,65921d58c645ba9d3d79c372e25a1c9fc75c6c6a,ltx2_ada_values__6,64.496,3.072,20.994791666666664,True
ltx2_ada_values,repeat-1,65921d58c645ba9d3d79c372e25a1c9fc75c6c6a,ltx2_ada_values__7,5.409,4.159999999999999,1.3002403846153847,True
ltx2_ada_values,repeat-2,65921d58c645ba9d3d79c372e25a1c9fc75c6c6a,ltx2_ada_values__0,4.0,1.3760000000000001,2.9069767441860463,True
ltx2_ada_values,repeat-2,65921d58c645ba9d3d79c372e25a1c9fc75c6c6a,ltx2_ada_values__1,4.352,1.536,2.833333333333333,True
ltx2_ada_values,repeat-2,65921d58c645ba9d3d79c372e25a1c9fc75c6c6a,ltx2_ada_values__2,2.368,1.504,1.574468085106383,True
ltx2_ada_values,repeat-2,65921d58c645ba9d3d79c372e25a1c9fc75c6c6a,ltx2_ada_values__3,2.944,1.536,1.9166666666666665,True
ltx2_ada_values,repeat-2,65921d58c645ba9d3d79c372e25a1c9fc75c6c6a,ltx2_ada_values__4,4.4805,2.816,1.5910866477272727,True
ltx2_ada_values,repeat-2,65921d58c645ba9d3d79c372e25a1c9fc75c6c6a,ltx2_ada_values__5,3.584,3.104,1.1546391752577319,True
ltx2_ada_values,repeat-2,65921d58c645ba9d3d79c372e25a1c9fc75c6c6a,ltx2_ada_values__6,64.46350000000001,3.072,20.984212239583336,True
ltx2_ada_values,repeat-2,65921d58c645ba9d3d79c372e25a1c9fc75c6c6a,ltx2_ada_values__7,5.4079999999999995,4.160499999999999,1.2998437687777913,True
ltx2_ada_values,repeat-3,65921d58c645ba9d3d79c372e25a1c9fc75c6c6a,ltx2_ada_values__0,4.032,1.3760000000000001,2.9302325581395348,True
ltx2_ada_values,repeat-3,65921d58c645ba9d3d79c372e25a1c9fc75c6c6a,ltx2_ada_values__1,4.3839999999999995,1.504,2.9148936170212765,True
ltx2_ada_values,repeat-3,65921d58c645ba9d3d79c372e25a1c9fc75c6c6a,ltx2_ada_values__2,2.368,1.504,1.574468085106383,True
ltx2_ada_values,repeat-3,65921d58c645ba9d3d79c372e25a1c9fc75c6c6a,ltx2_ada_values__3,2.928,1.536,1.90625,True
ltx2_ada_values,repeat-3,65921d58c645ba9d3d79c372e25a1c9fc75c6c6a,ltx2_ada_values__4,4.5120000000000005,2.816,1.6022727272727275,True
ltx2_ada_values,repeat-3,65921d58c645ba9d3d79c372e25a1c9fc75c6c6a,ltx2_ada_values__5,3.5835,3.1035,1.1546640889318511,True
ltx2_ada_values,repeat-3,65921d58c645ba9d3d79c372e25a1c9fc75c6c6a,ltx2_ada_values__6,65.2,3.072,21.223958333333336,True
ltx2_ada_values,repeat-3,65921d58c645ba9d3d79c372e25a1c9fc75c6c6a,ltx2_ada_values__7,5.4079999999999995,4.159999999999999,1.3,True
rotate_half_rope,repeat-1,65921d58c645ba9d3d79c372e25a1c9fc75c6c6a,rotate_half_rope__0,21.744,19.744,1.1012965964343597,True
rotate_half_rope,repeat-1,65921d58c645ba9d3d79c372e25a1c9fc75c6c6a,rotate_half_rope__1,7.552,5.6,1.3485714285714285,True
rotate_half_rope,repeat-1,65921d58c645ba9d3d79c372e25a1c9fc75c6c6a,rotate_half_rope__2,1.792,1.312,1.3658536585365852,True
rotate_half_rope,repeat-1,65921d58c645ba9d3d79c372e25a1c9fc75c6c6a,rotate_half_rope__3,23.904,21.152,1.1301059001512859,True
rotate_half_rope,repeat-1,65921d58c645ba9d3d79c372e25a1c9fc75c6c6a,rotate_half_rope__4,8.416,6.607500000000001,1.2737041241013998,True
rotate_half_rope,repeat-1,65921d58c645ba9d3d79c372e25a1c9fc75c6c6a,rotate_half_rope__5,3.0709999999999997,2.4795,1.2385561605162332,True
rotate_half_rope,repeat-1,65921d58c645ba9d3d79c372e25a1c9fc75c6c6a,rotate_half_rope__6,3.456,2.368,1.4594594594594594,True
rotate_half_rope,repeat-1,65921d58c645ba9d3d79c372e25a1c9fc75c6c6a,rotate_half_rope__7,1.5685,1.216,1.2898848684210527,True
rotate_half_rope,repeat-2,65921d58c645ba9d3d79c372e25a1c9fc75c6c6a,rotate_half_rope__0,21.712000000000003,19.728,1.1005677210056772,True
rotate_half_rope,repeat-2,65921d58c645ba9d3d79c372e25a1c9fc75c6c6a,rotate_half_rope__1,7.552,5.5995,1.3486918474863825,True
rotate_half_rope,repeat-2,65921d58c645ba9d3d79c372e25a1c9fc75c6c6a,rotate_half_rope__2,1.7930000000000001,1.312,1.3666158536585367,True
rotate_half_rope,repeat-2,65921d58c645ba9d3d79c372e25a1c9fc75c6c6a,rotate_half_rope__3,23.904,21.184,1.1283987915407856,True
rotate_half_rope,repeat-2,65921d58c645ba9d3d79c372e25a1c9fc75c6c6a,rotate_half_rope__4,8.416,6.592,1.2766990291262137,True
rotate_half_rope,repeat-2,65921d58c645ba9d3d79c372e25a1c9fc75c6c6a,rotate_half_rope__5,3.0715,2.464,1.2465503246753247,True
rotate_half_rope,repeat-2,65921d58c645ba9d3d79c372e25a1c9fc75c6c6a,rotate_half_rope__6,3.4885,2.144,1.627098880597015,True
rotate_half_rope,repeat-2,65921d58c645ba9d3d79c372e25a1c9fc75c6c6a,rotate_half_rope__7,1.6,1.184,1.3513513513513515,True
rotate_half_rope,repeat-3,65921d58c645ba9d3d79c372e25a1c9fc75c6c6a,rotate_half_rope__0,21.76,19.744,1.1021069692058347,True
rotate_half_rope,repeat-3,65921d58c645ba9d3d79c372e25a1c9fc75c6c6a,rotate_half_rope__1,7.552,5.5040000000000004,1.372093023255814,True
rotate_half_rope,repeat-3,65921d58c645ba9d3d79c372e25a1c9fc75c6c6a,rotate_half_rope__2,1.792,1.312,1.3658536585365852,True
rotate_half_rope,repeat-3,65921d58c645ba9d3d79c372e25a1c9fc75c6c6a,rotate_half_rope__3,23.8885,21.1675,1.128546120231487,True
rotate_half_rope,repeat-3,65921d58c645ba9d3d79c372e25a1c9fc75c6c6a,rotate_half_rope__4,8.4,6.592,1.2742718446601944,True
rotate_half_rope,repeat-3,65921d58c645ba9d3d79c372e25a1c9fc75c6c6a,rotate_half_rope__5,3.072,2.464,1.2467532467532467,True
rotate_half_rope,repeat-3,65921d58c645ba9d3d79c372e25a1c9fc75c6c6a,rotate_half_rope__6,3.4880000000000004,2.336,1.493150684931507,True
rotate_half_rope,repeat-3,65921d58c645ba9d3d79c372e25a1c9fc75c6c6a,rotate_half_rope__7,1.6,1.184,1.3513513513513515,True
wan_nearest_upsample,repeat-1,65921d58c645ba9d3d79c372e25a1c9fc75c6c6a,wan_nearest_upsample__0,2.848,2.592,1.0987654320987654,True
wan_nearest_upsample,repeat-1,65921d58c645ba9d3d79c372e25a1c9fc75c6c6a,wan_nearest_upsample__1,1.984,2.2075000000000005,0.8987542468856171,True
wan_nearest_upsample,repeat-1,65921d58c645ba9d3d79c372e25a1c9fc75c6c6a,wan_nearest_upsample__2,2.048,1.952,1.0491803278688525,True
wan_nearest_upsample,repeat-1,65921d58c645ba9d3d79c372e25a1c9fc75c6c6a,wan_nearest_upsample__captured_1_384_60_104,9.392000000000001,7.952000000000001,1.1810865191146882,True
wan_nearest_upsample,repeat-1,65921d58c645ba9d3d79c372e25a1c9fc75c6c6a,wan_nearest_upsample__captured_2_384_60_104,16.736,13.696,1.22196261682243,True
wan_nearest_upsample,repeat-1,65921d58c645ba9d3d79c372e25a1c9fc75c6c6a,wan_nearest_upsample__captured_1_384_120_208,31.36,25.248,1.2420785804816223,True
wan_nearest_upsample,repeat-1,65921d58c645ba9d3d79c372e25a1c9fc75c6c6a,wan_nearest_upsample__captured_4_384_120_208,120.9585,95.775,1.2629444009397024,True
wan_nearest_upsample,repeat-1,65921d58c645ba9d3d79c372e25a1c9fc75c6c6a,wan_nearest_upsample__captured_1_192_240_416,60.943,49.039,1.2427455698525662,True
wan_nearest_upsample,repeat-1,65921d58c645ba9d3d79c372e25a1c9fc75c6c6a,wan_nearest_upsample__captured_4_192_240_416,240.156,190.57299999999998,1.2601785142701223,True
wan_nearest_upsample,repeat-2,65921d58c645ba9d3d79c372e25a1c9fc75c6c6a,wan_nearest_upsample__0,2.848,2.592,1.0987654320987654,True
wan_nearest_upsample,repeat-2,65921d58c645ba9d3d79c372e25a1c9fc75c6c6a,wan_nearest_upsample__1,1.9845000000000002,2.144,0.9256063432835822,True
wan_nearest_upsample,repeat-2,65921d58c645ba9d3d79c372e25a1c9fc75c6c6a,wan_nearest_upsample__2,2.032,1.953,1.0404505888376856,True
wan_nearest_upsample,repeat-2,65921d58c645ba9d3d79c372e25a1c9fc75c6c6a,wan_nearest_upsample__captured_1_384_60_104,9.408,7.967999999999999,1.180722891566265,True
wan_nearest_upsample,repeat-2,65921d58c645ba9d3d79c372e25a1c9fc75c6c6a,wan_nearest_upsample__captured_2_384_60_104,16.8,13.696,1.2266355140186915,True
wan_nearest_upsample,repeat-2,65921d58c645ba9d3d79c372e25a1c9fc75c6c6a,wan_nearest_upsample__captured_1_384_120_208,31.488000000000003,25.247,1.2471976868538839,True
wan_nearest_upsample,repeat-2,65921d58c645ba9d3d79c372e25a1c9fc75c6c6a,wan_nearest_upsample__captured_4_384_120_208,121.374,95.791,1.2670710191980457,True
wan_nearest_upsample,repeat-2,65921d58c645ba9d3d79c372e25a1c9fc75c6c6a,wan_nearest_upsample__captured_1_192_240_416,61.071,49.055,1.2449495464274793,True
wan_nearest_upsample,repeat-2,65921d58c645ba9d3d79c372e25a1c9fc75c6c6a,wan_nearest_upsample__captured_4_192_240_416,239.645,190.6695,1.2568606935036806,True
wan_nearest_upsample,repeat-3,65921d58c645ba9d3d79c372e25a1c9fc75c6c6a,wan_nearest_upsample__0,2.848,2.592,1.0987654320987654,True
wan_nearest_upsample,repeat-3,65921d58c645ba9d3d79c372e25a1c9fc75c6c6a,wan_nearest_upsample__1,1.984,2.048,0.9687500000000001,True
wan_nearest_upsample,repeat-3,65921d58c645ba9d3d79c372e25a1c9fc75c6c6a,wan_nearest_upsample__2,2.0475,1.952,1.0489241803278688,True
wan_nearest_upsample,repeat-3,65921d58c645ba9d3d79c372e25a1c9fc75c6c6a,wan_nearest_upsample__captured_1_384_60_104,9.408,8.0,1.176,True
wan_nearest_upsample,repeat-3,65921d58c645ba9d3d79c372e25a1c9fc75c6c6a,wan_nearest_upsample__captured_2_384_60_104,16.8,13.7115,1.2252488786784814,True
wan_nearest_upsample,repeat-3,65921d58c645ba9d3d79c372e25a1c9fc75c6c6a,wan_nearest_upsample__captured_1_384_120_208,31.456,25.28,1.2443037974683544,True
wan_nearest_upsample,repeat-3,65921d58c645ba9d3d79c372e25a1c9fc75c6c6a,wan_nearest_upsample__captured_4_384_120_208,121.3585,95.791,1.2669092085895335,True
wan_nearest_upsample,repeat-3,65921d58c645ba9d3d79c372e25a1c9fc75c6c6a,wan_nearest_upsample__captured_1_192_240_416,61.038999999999994,48.975,1.246329760081674,True
wan_nearest_upsample,repeat-3,65921d58c645ba9d3d79c372e25a1c9fc75c6c6a,wan_nearest_upsample__captured_4_192_240_416,239.5485,190.6695,1.2563545821434472,True
wan_rmsnorm_silu,repeat-1,65921d58c645ba9d3d79c372e25a1c9fc75c6c6a,wan_rmsnorm_silu__native_0,6.528,6.848,0.9532710280373832,True
wan_rmsnorm_silu,repeat-1,65921d58c645ba9d3d79c372e25a1c9fc75c6c6a,wan_rmsnorm_silu__native_1,17.024,15.488,1.0991735537190084,True
wan_rmsnorm_silu,repeat-1,65921d58c645ba9d3d79c372e25a1c9fc75c6c6a,wan_rmsnorm_silu__native_2,21.536,20.352,1.058176100628931,True
wan_rmsnorm_silu,repeat-1,65921d58c645ba9d3d79c372e25a1c9fc75c6c6a,wan_rmsnorm_silu__native_3,62.89549999999999,55.52,1.1328440201729106,True
wan_rmsnorm_silu,repeat-1,65921d58c645ba9d3d79c372e25a1c9fc75c6c6a,wan_rmsnorm_silu__native_4,62.912,55.583999999999996,1.1318364997121475,True
wan_rmsnorm_silu,repeat-1,65921d58c645ba9d3d79c372e25a1c9fc75c6c6a,wan_rmsnorm_silu__native_5,243.167,171.76000000000002,1.4157370749883555,True
wan_rmsnorm_silu,repeat-1,65921d58c645ba9d3d79c372e25a1c9fc75c6c6a,wan_rmsnorm_silu__native_6,243.184,170.944,1.4225945338824413,True
wan_rmsnorm_silu,repeat-1,65921d58c645ba9d3d79c372e25a1c9fc75c6c6a,wan_rmsnorm_silu__native_7,32.160000000000004,32.096,1.0019940179461615,True
wan_rmsnorm_silu,repeat-1,65921d58c645ba9d3d79c372e25a1c9fc75c6c6a,wan_rmsnorm_silu__native_8,41.104,41.344,0.9941950464396285,True
wan_rmsnorm_silu,repeat-1,65921d58c645ba9d3d79c372e25a1c9fc75c6c6a,wan_rmsnorm_silu__native_9,244.73600000000002,199.888,1.2243656447610662,True
wan_rmsnorm_silu,repeat-1,65921d58c645ba9d3d79c372e25a1c9fc75c6c6a,wan_rmsnorm_silu__native_10,967.6785,658.5749999999999,1.4693520100216377,True
wan_rmsnorm_silu,repeat-1,65921d58c645ba9d3d79c372e25a1c9fc75c6c6a,wan_rmsnorm_silu__contract_11,2.048,1.9685000000000001,1.0403860807721614,True
wan_rmsnorm_silu,repeat-1,65921d58c645ba9d3d79c372e25a1c9fc75c6c6a,wan_rmsnorm_silu__contract_12,2.144,2.0799999999999996,1.0307692307692309,True
wan_rmsnorm_silu,repeat-1,65921d58c645ba9d3d79c372e25a1c9fc75c6c6a,wan_rmsnorm_silu__contract_13,2.16,2.048,1.0546875,True
wan_rmsnorm_silu,repeat-1,65921d58c645ba9d3d79c372e25a1c9fc75c6c6a,wan_rmsnorm_silu__contract_14,1.6644999999999999,1.633,1.0192896509491733,True
wan_rmsnorm_silu,repeat-2,65921d58c645ba9d3d79c372e25a1c9fc75c6c6a,wan_rmsnorm_silu__native_0,6.528,6.879,0.9489751417357174,True
wan_rmsnorm_silu,repeat-2,65921d58c645ba9d3d79c372e25a1c9fc75c6c6a,wan_rmsnorm_silu__native_1,17.024,15.488,1.0991735537190084,True
wan_rmsnorm_silu,repeat-2,65921d58c645ba9d3d79c372e25a1c9fc75c6c6a,wan_rmsnorm_silu__native_2,21.519999999999996,20.352,1.0573899371069182,True
wan_rmsnorm_silu,repeat-2,65921d58c645ba9d3d79c372e25a1c9fc75c6c6a,wan_rmsnorm_silu__native_3,62.96,55.66400000000001,1.1310721471687266,True
wan_rmsnorm_silu,repeat-2,65921d58c645ba9d3d79c372e25a1c9fc75c6c6a,wan_rmsnorm_silu__native_4,62.912,55.48799999999999,1.1337946943483275,True
wan_rmsnorm_silu,repeat-2,65921d58c645ba9d3d79c372e25a1c9fc75c6c6a,wan_rmsnorm_silu__native_5,243.183,171.6475,1.4167581817387376,True
wan_rmsnorm_silu,repeat-2,65921d58c645ba9d3d79c372e25a1c9fc75c6c6a,wan_rmsnorm_silu__native_6,243.2,171.519,1.4179187145447443,True
wan_rmsnorm_silu,repeat-2,65921d58c645ba9d3d79c372e25a1c9fc75c6c6a,wan_rmsnorm_silu__native_7,32.128,32.08,1.001496259351621,True
wan_rmsnorm_silu,repeat-2,65921d58c645ba9d3d79c372e25a1c9fc75c6c6a,wan_rmsnorm_silu__native_8,41.104,41.408,0.9926584234930449,True
wan_rmsnorm_silu,repeat-2,65921d58c645ba9d3d79c372e25a1c9fc75c6c6a,wan_rmsnorm_silu__native_9,244.912,200.4955,1.2215336503811807,True
wan_rmsnorm_silu,repeat-2,65921d58c645ba9d3d79c372e25a1c9fc75c6c6a,wan_rmsnorm_silu__native_10,967.6945,659.4225,1.467487839738559,True
wan_rmsnorm_silu,repeat-2,65921d58c645ba9d3d79c372e25a1c9fc75c6c6a,wan_rmsnorm_silu__contract_11,2.0799999999999996,1.984,1.0483870967741935,True
wan_rmsnorm_silu,repeat-2,65921d58c645ba9d3d79c372e25a1c9fc75c6c6a,wan_rmsnorm_silu__contract_12,2.128,2.0799999999999996,1.0230769230769232,True
wan_rmsnorm_silu,repeat-2,65921d58c645ba9d3d79c372e25a1c9fc75c6c6a,wan_rmsnorm_silu__contract_13,2.144,2.048,1.046875,True
wan_rmsnorm_silu,repeat-2,65921d58c645ba9d3d79c372e25a1c9fc75c6c6a,wan_rmsnorm_silu__contract_14,1.696,1.6324999999999998,1.0388973966309343,True
wan_rmsnorm_silu,repeat-3,65921d58c645ba9d3d79c372e25a1c9fc75c6c6a,wan_rmsnorm_silu__native_0,6.528,6.88,0.9488372093023256,True
wan_rmsnorm_silu,repeat-3,65921d58c645ba9d3d79c372e25a1c9fc75c6c6a,wan_rmsnorm_silu__native_1,17.056,15.488,1.1012396694214877,True
wan_rmsnorm_silu,repeat-3,65921d58c645ba9d3d79c372e25a1c9fc75c6c6a,wan_rmsnorm_silu__native_2,21.5045,20.384,1.0549695839874411,True
wan_rmsnorm_silu,repeat-3,65921d58c645ba9d3d79c372e25a1c9fc75c6c6a,wan_rmsnorm_silu__native_3,62.87950000000001,55.648,1.129950761932145,True
wan_rmsnorm_silu,repeat-3,65921d58c645ba9d3d79c372e25a1c9fc75c6c6a,wan_rmsnorm_silu__native_4,62.912,55.440000000000005,1.1347763347763347,True
wan_rmsnorm_silu,repeat-3,65921d58c645ba9d3d79c372e25a1c9fc75c6c6a,wan_rmsnorm_silu__native_5,243.168,171.04049999999998,1.421698369684373,True
wan_rmsnorm_silu,repeat-3,65921d58c645ba9d3d79c372e25a1c9fc75c6c6a,wan_rmsnorm_silu__native_6,243.1835,171.82399999999998,1.415305778005401,True
wan_rmsnorm_silu,repeat-3,65921d58c645ba9d3d79c372e25a1c9fc75c6c6a,wan_rmsnorm_silu__native_7,32.160000000000004,32.0,1.0050000000000001,True
wan_rmsnorm_silu,repeat-3,65921d58c645ba9d3d79c372e25a1c9fc75c6c6a,wan_rmsnorm_silu__native_8,41.1525,41.36,0.9949830754352031,True
wan_rmsnorm_silu,repeat-3,65921d58c645ba9d3d79c372e25a1c9fc75c6c6a,wan_rmsnorm_silu__native_9,244.4315,200.544,1.2188422490824955,True
wan_rmsnorm_silu,repeat-3,65921d58c645ba9d3d79c372e25a1c9fc75c6c6a,wan_rmsnorm_silu__native_10,967.679,658.6235,1.4692445684066844,True
wan_rmsnorm_silu,repeat-3,65921d58c645ba9d3d79c372e25a1c9fc75c6c6a,wan_rmsnorm_silu__contract_11,2.048,1.984,1.032258064516129,True
wan_rmsnorm_silu,repeat-3,65921d58c645ba9d3d79c372e25a1c9fc75c6c6a,wan_rmsnorm_silu__contract_12,2.16,2.0799999999999996,1.0384615384615385,True
wan_rmsnorm_silu,repeat-3,65921d58c645ba9d3d79c372e25a1c9fc75c6c6a,wan_rmsnorm_silu__contract_13,2.176,2.048,1.0625,True
wan_rmsnorm_silu,repeat-3,65921d58c645ba9d3d79c372e25a1c9fc75c6c6a,wan_rmsnorm_silu__contract_14,1.696,1.632,1.0392156862745099,True
wan_scale_shift,repeat-1,61d241b9143f9198de449efbfcfb86bb6eaec401,wan_scale_shift__native_0,28.32,19.184,1.4762301918265222,True
wan_scale_shift,repeat-1,61d241b9143f9198de449efbfcfb86bb6eaec401,wan_scale_shift__contract_1,1.3760000000000001,1.3760000000000001,1.0,True
wan_scale_shift,repeat-1,61d241b9143f9198de449efbfcfb86bb6eaec401,wan_scale_shift__contract_2,1.4715000000000003,1.4400000000000002,1.021875,True
wan_scale_shift,repeat-1,61d241b9143f9198de449efbfcfb86bb6eaec401,wan_scale_shift__contract_3,36.096000000000004,36.704,0.9834350479511771,True
wan_scale_shift,repeat-1,61d241b9143f9198de449efbfcfb86bb6eaec401,wan_scale_shift__contract_4,53.9205,54.0965,0.9967465547678684,True
wan_scale_shift,repeat-2,61d241b9143f9198de449efbfcfb86bb6eaec401,wan_scale_shift__native_0,28.352,19.2,1.4766666666666668,True
wan_scale_shift,repeat-2,61d241b9143f9198de449efbfcfb86bb6eaec401,wan_scale_shift__contract_1,1.3760000000000001,1.36,1.011764705882353,True
wan_scale_shift,repeat-2,61d241b9143f9198de449efbfcfb86bb6eaec401,wan_scale_shift__contract_2,1.471,1.4400000000000002,1.0215277777777778,True
wan_scale_shift,repeat-2,61d241b9143f9198de449efbfcfb86bb6eaec401,wan_scale_shift__contract_3,36.08,36.672,0.9838568935427575,True
wan_scale_shift,repeat-2,61d241b9143f9198de449efbfcfb86bb6eaec401,wan_scale_shift__contract_4,54.608000000000004,54.688,0.9985371562317145,True
wan_scale_shift,repeat-3,61d241b9143f9198de449efbfcfb86bb6eaec401,wan_scale_shift__native_0,28.336,19.1995,1.475871767493945,True
wan_scale_shift,repeat-3,61d241b9143f9198de449efbfcfb86bb6eaec401,wan_scale_shift__contract_1,1.3760000000000001,1.3915,0.9888609414301115,True
wan_scale_shift,repeat-3,61d241b9143f9198de449efbfcfb86bb6eaec401,wan_scale_shift__contract_2,1.472,1.4400000000000002,1.0222222222222221,True
wan_scale_shift,repeat-3,61d241b9143f9198de449efbfcfb86bb6eaec401,wan_scale_shift__contract_3,36.416,36.7515,0.9908711209066295,True
wan_scale_shift,repeat-3,61d241b9143f9198de449efbfcfb86bb6eaec401,wan_scale_shift__contract_4,54.7995,54.704,1.0017457589938579,True
zimage_native_rmsnorm,repeat-1,65921d58c645ba9d3d79c372e25a1c9fc75c6c6a,zimage_native_rmsnorm__captured_4096_rmsnorm_scale_0,17.951500000000003,17.184,1.044663640595903,True
zimage_native_rmsnorm,repeat-1,65921d58c645ba9d3d79c372e25a1c9fc75c6c6a,zimage_native_rmsnorm__captured_4128_rmsnorm_scale_0,18.287499999999998,17.184,1.0642167132216014,True
zimage_native_rmsnorm,repeat-1,65921d58c645ba9d3d79c372e25a1c9fc75c6c6a,zimage_native_rmsnorm__captured_4096_rmsnorm_tanh_residual_3840,28.688,25.888,1.1081582200247218,True
zimage_native_rmsnorm,repeat-1,65921d58c645ba9d3d79c372e25a1c9fc75c6c6a,zimage_native_rmsnorm__captured_4096_rmsnorm_tanh_residual_11520,28.736,25.791999999999998,1.1141439205955337,True
zimage_native_rmsnorm,repeat-1,65921d58c645ba9d3d79c372e25a1c9fc75c6c6a,zimage_native_rmsnorm__captured_4128_rmsnorm_tanh_residual_3840,28.816000000000003,25.600499999999997,1.1256030155661023,True
zimage_native_rmsnorm,repeat-1,65921d58c645ba9d3d79c372e25a1c9fc75c6c6a,zimage_native_rmsnorm__captured_4128_rmsnorm_tanh_residual_11520,28.767999999999997,26.2395,1.0963623544655958,True
zimage_native_rmsnorm,repeat-1,65921d58c645ba9d3d79c372e25a1c9fc75c6c6a,zimage_native_rmsnorm__6,1.952,1.9200000000000002,1.0166666666666666,True
zimage_native_rmsnorm,repeat-1,65921d58c645ba9d3d79c372e25a1c9fc75c6c6a,zimage_native_rmsnorm__7,3.104,2.352,1.3197278911564627,True
zimage_native_rmsnorm,repeat-1,65921d58c645ba9d3d79c372e25a1c9fc75c6c6a,zimage_native_rmsnorm__8,1.696,1.696,1.0,True
zimage_native_rmsnorm,repeat-1,65921d58c645ba9d3d79c372e25a1c9fc75c6c6a,zimage_native_rmsnorm__9,1.984,1.984,1.0,True
zimage_native_rmsnorm,repeat-2,65921d58c645ba9d3d79c372e25a1c9fc75c6c6a,zimage_native_rmsnorm__captured_4096_rmsnorm_scale_0,17.904,17.167500000000004,1.0429008300567932,True
zimage_native_rmsnorm,repeat-2,65921d58c645ba9d3d79c372e25a1c9fc75c6c6a,zimage_native_rmsnorm__captured_4128_rmsnorm_scale_0,18.304000000000002,17.1685,1.0661385677257766,True
zimage_native_rmsnorm,repeat-2,65921d58c645ba9d3d79c372e25a1c9fc75c6c6a,zimage_native_rmsnorm__captured_4096_rmsnorm_tanh_residual_3840,28.672,25.888,1.107540173053152,True
zimage_native_rmsnorm,repeat-2,65921d58c645ba9d3d79c372e25a1c9fc75c6c6a,zimage_native_rmsnorm__captured_4096_rmsnorm_tanh_residual_11520,28.736,25.807999999999996,1.1134531928084317,True
zimage_native_rmsnorm,repeat-2,65921d58c645ba9d3d79c372e25a1c9fc75c6c6a,zimage_native_rmsnorm__captured_4128_rmsnorm_tanh_residual_3840,28.8,25.631500000000003,1.1236174238729688,True
zimage_native_rmsnorm,repeat-2,65921d58c645ba9d3d79c372e25a1c9fc75c6c6a,zimage_native_rmsnorm__captured_4128_rmsnorm_tanh_residual_11520,28.7515,26.24,1.0957126524390244,True
zimage_native_rmsnorm,repeat-2,65921d58c645ba9d3d79c372e25a1c9fc75c6c6a,zimage_native_rmsnorm__6,1.952,1.904,1.0252100840336136,True
zimage_native_rmsnorm,repeat-2,65921d58c645ba9d3d79c372e25a1c9fc75c6c6a,zimage_native_rmsnorm__7,3.104,2.368,1.310810810810811,True
zimage_native_rmsnorm,repeat-2,65921d58c645ba9d3d79c372e25a1c9fc75c6c6a,zimage_native_rmsnorm__8,1.696,1.696,1.0,True
zimage_native_rmsnorm,repeat-2,65921d58c645ba9d3d79c372e25a1c9fc75c6c6a,zimage_native_rmsnorm__9,1.984,1.984,1.0,True
zimage_native_rmsnorm,repeat-3,65921d58c645ba9d3d79c372e25a1c9fc75c6c6a,zimage_native_rmsnorm__captured_4096_rmsnorm_scale_0,17.919999999999998,17.152,1.044776119402985,True
zimage_native_rmsnorm,repeat-3,65921d58c645ba9d3d79c372e25a1c9fc75c6c6a,zimage_native_rmsnorm__captured_4128_rmsnorm_scale_0,18.2725,17.167500000000004,1.0643658074850735,True
zimage_native_rmsnorm,repeat-3,65921d58c645ba9d3d79c372e25a1c9fc75c6c6a,zimage_native_rmsnorm__captured_4096_rmsnorm_tanh_residual_3840,28.672,25.888,1.107540173053152,True
zimage_native_rmsnorm,repeat-3,65921d58c645ba9d3d79c372e25a1c9fc75c6c6a,zimage_native_rmsnorm__captured_4096_rmsnorm_tanh_residual_11520,28.736,25.791999999999998,1.1141439205955337,True
zimage_native_rmsnorm,repeat-3,65921d58c645ba9d3d79c372e25a1c9fc75c6c6a,zimage_native_rmsnorm__captured_4128_rmsnorm_tanh_residual_3840,28.832,25.631500000000003,1.1248658876772721,True
zimage_native_rmsnorm,repeat-3,65921d58c645ba9d3d79c372e25a1c9fc75c6c6a,zimage_native_rmsnorm__captured_4128_rmsnorm_tanh_residual_11520,28.8,26.256,1.0968921389396709,True
zimage_native_rmsnorm,repeat-3,65921d58c645ba9d3d79c372e25a1c9fc75c6c6a,zimage_native_rmsnorm__6,1.952,1.889,1.0333509793541555,True
zimage_native_rmsnorm,repeat-3,65921d58c645ba9d3d79c372e25a1c9fc75c6c6a,zimage_native_rmsnorm__7,3.136,2.368,1.3243243243243243,True
zimage_native_rmsnorm,repeat-3,65921d58c645ba9d3d79c372e25a1c9fc75c6c6a,zimage_native_rmsnorm__8,1.696,1.696,1.0,True
zimage_native_rmsnorm,repeat-3,65921d58c645ba9d3d79c372e25a1c9fc75c6c6a,zimage_native_rmsnorm__9,1.984,1.9680000000000002,1.008130081300813,True
zimage_qk_rmsnorm,repeat-1,65921d58c645ba9d3d79c372e25a1c9fc75c6c6a,zimage_qk_rmsnorm__native_0,30.688,17.5835,1.7452725566582306,True
zimage_qk_rmsnorm,repeat-1,65921d58c645ba9d3d79c372e25a1c9fc75c6c6a,zimage_qk_rmsnorm__native_1,30.688,17.5995,1.7436859001676184,True
zimage_qk_rmsnorm,repeat-1,65921d58c645ba9d3d79c372e25a1c9fc75c6c6a,zimage_qk_rmsnorm__native_2,2.2554999999999996,1.76,1.2815340909090907,True
zimage_qk_rmsnorm,repeat-1,65921d58c645ba9d3d79c372e25a1c9fc75c6c6a,zimage_qk_rmsnorm__native_3,2.2399999999999998,1.76,1.2727272727272725,True
zimage_qk_rmsnorm,repeat-1,65921d58c645ba9d3d79c372e25a1c9fc75c6c6a,zimage_qk_rmsnorm__native_4,30.848,17.76,1.7369369369369367,True
zimage_qk_rmsnorm,repeat-1,65921d58c645ba9d3d79c372e25a1c9fc75c6c6a,zimage_qk_rmsnorm__native_5,30.864000000000004,17.807499999999997,1.7332023024006744,True
zimage_qk_rmsnorm,repeat-1,65921d58c645ba9d3d79c372e25a1c9fc75c6c6a,zimage_qk_rmsnorm__contract_6,1.9200000000000002,1.5514999999999999,1.237512085078956,True
zimage_qk_rmsnorm,repeat-1,65921d58c645ba9d3d79c372e25a1c9fc75c6c6a,zimage_qk_rmsnorm__contract_7,1.7765,1.424,1.2475421348314606,True
zimage_qk_rmsnorm,repeat-2,65921d58c645ba9d3d79c372e25a1c9fc75c6c6a,zimage_qk_rmsnorm__native_0,30.624,17.6,1.7399999999999998,True
zimage_qk_rmsnorm,repeat-2,65921d58c645ba9d3d79c372e25a1c9fc75c6c6a,zimage_qk_rmsnorm__native_1,30.656,17.616,1.740236148955495,True
zimage_qk_rmsnorm,repeat-2,65921d58c645ba9d3d79c372e25a1c9fc75c6c6a,zimage_qk_rmsnorm__native_2,2.2399999999999998,1.7915,1.250348869662294,True
zimage_qk_rmsnorm,repeat-2,65921d58c645ba9d3d79c372e25a1c9fc75c6c6a,zimage_qk_rmsnorm__native_3,2.2399999999999998,1.76,1.2727272727272725,True
zimage_qk_rmsnorm,repeat-2,65921d58c645ba9d3d79c372e25a1c9fc75c6c6a,zimage_qk_rmsnorm__native_4,30.784,17.791999999999998,1.7302158273381296,True
zimage_qk_rmsnorm,repeat-2,65921d58c645ba9d3d79c372e25a1c9fc75c6c6a,zimage_qk_rmsnorm__native_5,30.944,17.776500000000002,1.740725114617613,True
zimage_qk_rmsnorm,repeat-2,65921d58c645ba9d3d79c372e25a1c9fc75c6c6a,zimage_qk_rmsnorm__contract_6,1.9200000000000002,1.536,1.25,True
zimage_qk_rmsnorm,repeat-2,65921d58c645ba9d3d79c372e25a1c9fc75c6c6a,zimage_qk_rmsnorm__contract_7,1.76,1.408,1.25,True
zimage_qk_rmsnorm,repeat-3,65921d58c645ba9d3d79c372e25a1c9fc75c6c6a,zimage_qk_rmsnorm__native_0,30.720000000000002,17.568,1.7486338797814207,True
zimage_qk_rmsnorm,repeat-3,65921d58c645ba9d3d79c372e25a1c9fc75c6c6a,zimage_qk_rmsnorm__native_1,30.656,17.6,1.7418181818181817,True
zimage_qk_rmsnorm,repeat-3,65921d58c645ba9d3d79c372e25a1c9fc75c6c6a,zimage_qk_rmsnorm__native_2,2.2399999999999998,1.76,1.2727272727272725,True
zimage_qk_rmsnorm,repeat-3,65921d58c645ba9d3d79c372e25a1c9fc75c6c6a,zimage_qk_rmsnorm__native_3,2.209,1.76,1.2551136363636364,True
zimage_qk_rmsnorm,repeat-3,65921d58c645ba9d3d79c372e25a1c9fc75c6c6a,zimage_qk_rmsnorm__native_4,30.816,17.791999999999998,1.7320143884892087,True
zimage_qk_rmsnorm,repeat-3,65921d58c645ba9d3d79c372e25a1c9fc75c6c6a,zimage_qk_rmsnorm__native_5,30.912,17.729000000000003,1.743583958486096,True
zimage_qk_rmsnorm,repeat-3,65921d58c645ba9d3d79c372e25a1c9fc75c6c6a,zimage_qk_rmsnorm__contract_6,1.9200000000000002,1.536,1.25,True
zimage_qk_rmsnorm,repeat-3,65921d58c645ba9d3d79c372e25a1c9fc75c6c6a,zimage_qk_rmsnorm__contract_7,1.76,1.4400000000000002,1.222222222222222,True
joint_qkv_cat,repeat-1,2b4fe0ef68c35f9d0ba423833d982e266ed7b77c,joint_qkv_cat__0,110.4155,104.0315,1.0613660285586577,True
joint_qkv_cat,repeat-1,2b4fe0ef68c35f9d0ba423833d982e266ed7b77c,joint_qkv_cat__1,110.57549999999999,103.712,1.066178455723542,True
joint_qkv_cat,repeat-1,2b4fe0ef68c35f9d0ba423833d982e266ed7b77c,joint_qkv_cat__2,3.296,2.624,1.2560975609756098,True
joint_qkv_cat,repeat-1,2b4fe0ef68c35f9d0ba423833d982e266ed7b77c,joint_qkv_cat__3,1.089,0.9600000000000001,1.134375,True
joint_qkv_cat,repeat-1,2b4fe0ef68c35f9d0ba423833d982e266ed7b77c,joint_qkv_cat__4,51.856,48.752,1.0636691828027567,True
joint_qkv_cat,repeat-1,2b4fe0ef68c35f9d0ba423833d982e266ed7b77c,joint_qkv_cat__5,39.904500000000006,38.272,1.0426552048494984,True
joint_qkv_cat,repeat-2,2b4fe0ef68c35f9d0ba423833d982e266ed7b77c,joint_qkv_cat__0,110.46350000000001,104.0155,1.0619907609923522,True
joint_qkv_cat,repeat-2,2b4fe0ef68c35f9d0ba423833d982e266ed7b77c,joint_qkv_cat__1,110.56,103.712,1.0660290033940143,True
joint_qkv_cat,repeat-2,2b4fe0ef68c35f9d0ba423833d982e266ed7b77c,joint_qkv_cat__2,3.296,2.624,1.2560975609756098,True
joint_qkv_cat,repeat-2,2b4fe0ef68c35f9d0ba423833d982e266ed7b77c,joint_qkv_cat__3,1.1199999999999999,0.9600000000000001,1.1666666666666665,True
joint_qkv_cat,repeat-2,2b4fe0ef68c35f9d0ba423833d982e266ed7b77c,joint_qkv_cat__4,51.839999999999996,48.800000000000004,1.062295081967213,True
joint_qkv_cat,repeat-2,2b4fe0ef68c35f9d0ba423833d982e266ed7b77c,joint_qkv_cat__5,39.919999999999995,38.335499999999996,1.0413324464269411,True
joint_qkv_cat,repeat-3,2b4fe0ef68c35f9d0ba423833d982e266ed7b77c,joint_qkv_cat__0,110.432,103.999,1.0618563640035001,True
joint_qkv_cat,repeat-3,2b4fe0ef68c35f9d0ba423833d982e266ed7b77c,joint_qkv_cat__1,110.591,103.7275,1.0661685666771106,True
joint_qkv_cat,repeat-3,2b4fe0ef68c35f9d0ba423833d982e266ed7b77c,joint_qkv_cat__2,3.296,2.624,1.2560975609756098,True
joint_qkv_cat,repeat-3,2b4fe0ef68c35f9d0ba423833d982e266ed7b77c,joint_qkv_cat__3,1.1199999999999999,0.9600000000000001,1.1666666666666665,True
joint_qkv_cat,repeat-3,2b4fe0ef68c35f9d0ba423833d982e266ed7b77c,joint_qkv_cat__4,51.93599999999999,48.704,1.066360052562418,True
joint_qkv_cat,repeat-3,2b4fe0ef68c35f9d0ba423833d982e266ed7b77c,joint_qkv_cat__5,39.919999999999995,38.2875,1.0426379366634018,True
sana_conv_post,repeat-1,2f976a8f846754435ed1ebd962d7cdf32b9ba2de,sana_conv_post__0,1.9200000000000002,1.503,1.2774451097804391,True
sana_conv_post,repeat-1,2f976a8f846754435ed1ebd962d7cdf32b9ba2de,sana_conv_post__1,2.0799999999999996,2.048,1.015625,True
sana_conv_post,repeat-1,2f976a8f846754435ed1ebd962d7cdf32b9ba2de,sana_conv_post__2,1.7915,1.792,0.9997209821428572,True
sana_conv_post,repeat-1,2f976a8f846754435ed1ebd962d7cdf32b9ba2de,sana_conv_post__3,1.824,1.5995,1.140356361362926,True
sana_conv_post,repeat-1,2f976a8f846754435ed1ebd962d7cdf32b9ba2de,sana_conv_post__4,1.9200000000000002,1.888,1.016949152542373,True
sana_conv_post,repeat-1,2f976a8f846754435ed1ebd962d7cdf32b9ba2de,sana_conv_post__5,1.856,1.856,1.0,True
sana_conv_post,repeat-1,2f976a8f846754435ed1ebd962d7cdf32b9ba2de,sana_conv_post__6,27.84,25.984,1.0714285714285714,True
sana_conv_post,repeat-1,2f976a8f846754435ed1ebd962d7cdf32b9ba2de,sana_conv_post__7,23.712,23.807499999999997,0.9959886590360181,True
sana_conv_post,repeat-1,2f976a8f846754435ed1ebd962d7cdf32b9ba2de,sana_conv_post__8,19.695999999999998,19.504,1.0098441345365052,True
sana_conv_post,repeat-1,2f976a8f846754435ed1ebd962d7cdf32b9ba2de,sana_conv_post__9,28.352,26.944,1.0522565320665083,True
sana_conv_post,repeat-1,2f976a8f846754435ed1ebd962d7cdf32b9ba2de,sana_conv_post__10,23.2155,23.328000000000003,0.9951774691358024,True
sana_conv_post,repeat-1,2f976a8f846754435ed1ebd962d7cdf32b9ba2de,sana_conv_post__11,19.296,19.4235,0.9934357865472238,True
sana_conv_post,repeat-1,2f976a8f846754435ed1ebd962d7cdf32b9ba2de,sana_conv_post__12,182.223,162.6715,1.1201900763194539,True
sana_conv_post,repeat-1,2f976a8f846754435ed1ebd962d7cdf32b9ba2de,sana_conv_post__13,150.33599999999998,150.7035,0.9975614368611214,True
sana_conv_post,repeat-1,2f976a8f846754435ed1ebd962d7cdf32b9ba2de,sana_conv_post__14,116.256,115.93599999999999,1.0027601435274633,True
sana_conv_post,repeat-1,2f976a8f846754435ed1ebd962d7cdf32b9ba2de,sana_conv_post__15,185.199,166.5915,1.1116953746139508,True
sana_conv_post,repeat-1,2f976a8f846754435ed1ebd962d7cdf32b9ba2de,sana_conv_post__16,142.70350000000002,142.41500000000002,1.002025769757399,True
sana_conv_post,repeat-1,2f976a8f846754435ed1ebd962d7cdf32b9ba2de,sana_conv_post__17,116.2555,116.48,0.9980726304945055,True
sana_conv_post,repeat-2,2f976a8f846754435ed1ebd962d7cdf32b9ba2de,sana_conv_post__0,1.9200000000000002,1.504,1.2765957446808511,True
sana_conv_post,repeat-2,2f976a8f846754435ed1ebd962d7cdf32b9ba2de,sana_conv_post__1,2.0799999999999996,2.048,1.015625,True
sana_conv_post,repeat-2,2f976a8f846754435ed1ebd962d7cdf32b9ba2de,sana_conv_post__2,1.792,1.792,1.0,True
sana_conv_post,repeat-2,2f976a8f846754435ed1ebd962d7cdf32b9ba2de,sana_conv_post__3,1.824,1.6,1.14,True
sana_conv_post,repeat-2,2f976a8f846754435ed1ebd962d7cdf32b9ba2de,sana_conv_post__4,1.952,1.9200000000000002,1.0166666666666666,True
sana_conv_post,repeat-2,2f976a8f846754435ed1ebd962d7cdf32b9ba2de,sana_conv_post__5,1.824,1.8715,0.9746192893401017,True
sana_conv_post,repeat-2,2f976a8f846754435ed1ebd962d7cdf32b9ba2de,sana_conv_post__6,27.92,26.000000000000004,1.0738461538461537,True
sana_conv_post,repeat-2,2f976a8f846754435ed1ebd962d7cdf32b9ba2de,sana_conv_post__7,23.744,23.872,0.9946380697050938,True
sana_conv_post,repeat-2,2f976a8f846754435ed1ebd962d7cdf32b9ba2de,sana_conv_post__8,19.695999999999998,19.5035,1.009870023329146,True
sana_conv_post,repeat-2,2f976a8f846754435ed1ebd962d7cdf32b9ba2de,sana_conv_post__9,28.384,26.928,1.0540701128936423,True
sana_conv_post,repeat-2,2f976a8f846754435ed1ebd962d7cdf32b9ba2de,sana_conv_post__10,23.232,23.328000000000003,0.9958847736625513,True
sana_conv_post,repeat-2,2f976a8f846754435ed1ebd962d7cdf32b9ba2de,sana_conv_post__11,19.344,19.408,0.9967023907666941,True
sana_conv_post,repeat-2,2f976a8f846754435ed1ebd962d7cdf32b9ba2de,sana_conv_post__12,182.49549999999996,163.39150000000004,1.1169216268900155,True
sana_conv_post,repeat-2,2f976a8f846754435ed1ebd962d7cdf32b9ba2de,sana_conv_post__13,151.02300000000002,150.528,1.003288424744898,True
sana_conv_post,repeat-2,2f976a8f846754435ed1ebd962d7cdf32b9ba2de,sana_conv_post__14,116.32000000000001,116.19200000000001,1.0011016248967226,True
sana_conv_post,repeat-2,2f976a8f846754435ed1ebd962d7cdf32b9ba2de,sana_conv_post__15,185.215,166.64000000000001,1.1114678348535765,True
sana_conv_post,repeat-2,2f976a8f846754435ed1ebd962d7cdf32b9ba2de,sana_conv_post__16,142.5915,142.512,1.0005578477601884,True
sana_conv_post,repeat-2,2f976a8f846754435ed1ebd962d7cdf32b9ba2de,sana_conv_post__17,116.288,116.384,0.9991751443497388,True
sana_conv_post,repeat-3,2f976a8f846754435ed1ebd962d7cdf32b9ba2de,sana_conv_post__0,1.9200000000000002,1.504,1.2765957446808511,True
sana_conv_post,repeat-3,2f976a8f846754435ed1ebd962d7cdf32b9ba2de,sana_conv_post__1,2.048,2.048,1.0,True
sana_conv_post,repeat-3,2f976a8f846754435ed1ebd962d7cdf32b9ba2de,sana_conv_post__2,1.792,1.792,1.0,True
sana_conv_post,repeat-3,2f976a8f846754435ed1ebd962d7cdf32b9ba2de,sana_conv_post__3,1.824,1.6,1.14,True
sana_conv_post,repeat-3,2f976a8f846754435ed1ebd962d7cdf32b9ba2de,sana_conv_post__4,1.9200000000000002,1.904,1.008403361344538,True
sana_conv_post,repeat-3,2f976a8f846754435ed1ebd962d7cdf32b9ba2de,sana_conv_post__5,1.824,1.856,0.9827586206896552,True
sana_conv_post,repeat-3,2f976a8f846754435ed1ebd962d7cdf32b9ba2de,sana_conv_post__6,27.904000000000003,26.08,1.0699386503067485,True
sana_conv_post,repeat-3,2f976a8f846754435ed1ebd962d7cdf32b9ba2de,sana_conv_post__7,23.744,23.808,0.9973118279569894,True
sana_conv_post,repeat-3,2f976a8f846754435ed1ebd962d7cdf32b9ba2de,sana_conv_post__8,19.679499999999997,19.488,1.0098265599343186,True
sana_conv_post,repeat-3,2f976a8f846754435ed1ebd962d7cdf32b9ba2de,sana_conv_post__9,28.432,26.912499999999998,1.056460752438458,True
sana_conv_post,repeat-3,2f976a8f846754435ed1ebd962d7cdf32b9ba2de,sana_conv_post__10,23.296,23.296,1.0,True
sana_conv_post,repeat-3,2f976a8f846754435ed1ebd962d7cdf32b9ba2de,sana_conv_post__11,19.3435,19.424500000000002,0.995830008494427,True
sana_conv_post,repeat-3,2f976a8f846754435ed1ebd962d7cdf32b9ba2de,sana_conv_post__12,182.56,163.087,1.11940252748533,True
sana_conv_post,repeat-3,2f976a8f846754435ed1ebd962d7cdf32b9ba2de,sana_conv_post__13,151.0235,150.496,1.003505076546885,True
sana_conv_post,repeat-3,2f976a8f846754435ed1ebd962d7cdf32b9ba2de,sana_conv_post__14,116.191,115.871,1.002761691881489,True
sana_conv_post,repeat-3,2f976a8f846754435ed1ebd962d7cdf32b9ba2de,sana_conv_post__15,185.64749999999998,167.071,1.111189254867691,True
sana_conv_post,repeat-3,2f976a8f846754435ed1ebd962d7cdf32b9ba2de,sana_conv_post__16,143.1035,142.43200000000002,1.004714530442597,True
sana_conv_post,repeat-3,2f976a8f846754435ed1ebd962d7cdf32b9ba2de,sana_conv_post__17,116.256,116.4795,0.9980812074227654,True
modulate_scale_shift,repeat-1,aea48eeed1f1853ce56b387b8cd63c08b622c38e,modulate_scale_shift__native_0,22.304000000000002,20.736,1.0756172839506173,True
modulate_scale_shift,repeat-1,aea48eeed1f1853ce56b387b8cd63c08b622c38e,modulate_scale_shift__native_1,22.336000000000002,20.639999999999997,1.0821705426356591,True
modulate_scale_shift,repeat-1,aea48eeed1f1853ce56b387b8cd63c08b622c38e,modulate_scale_shift__native_2,22.208,20.5925,1.0784508923151632,True
modulate_scale_shift,repeat-1,aea48eeed1f1853ce56b387b8cd63c08b622c38e,modulate_scale_shift__native_3,22.208,20.5605,1.0801293742856446,True
modulate_scale_shift,repeat-1,aea48eeed1f1853ce56b387b8cd63c08b622c38e,modulate_scale_shift__native_4,4.352,2.3040000000000003,1.8888888888888888,True
modulate_scale_shift,repeat-1,aea48eeed1f1853ce56b387b8cd63c08b622c38e,modulate_scale_shift__native_5,11.216000000000001,10.4,1.0784615384615386,True
modulate_scale_shift,repeat-1,aea48eeed1f1853ce56b387b8cd63c08b622c38e,modulate_scale_shift__native_6,4.3839999999999995,2.3040000000000003,1.9027777777777777,True
modulate_scale_shift,repeat-1,aea48eeed1f1853ce56b387b8cd63c08b622c38e,modulate_scale_shift__native_7,7.296,6.0485,1.2062494833429775,True
modulate_scale_shift,repeat-1,aea48eeed1f1853ce56b387b8cd63c08b622c38e,modulate_scale_shift__native_8,51.936,51.327999999999996,1.0118453865336658,True
modulate_scale_shift,repeat-1,aea48eeed1f1853ce56b387b8cd63c08b622c38e,modulate_scale_shift__native_9,4.3839999999999995,2.3040000000000003,1.9027777777777777,True
modulate_scale_shift,repeat-1,aea48eeed1f1853ce56b387b8cd63c08b622c38e,modulate_scale_shift__native_10,4.4479999999999995,2.3040000000000003,1.9305555555555554,True
modulate_scale_shift,repeat-1,aea48eeed1f1853ce56b387b8cd63c08b622c38e,modulate_scale_shift__native_11,28.4805,26.48,1.075547583081571,True
modulate_scale_shift,repeat-1,aea48eeed1f1853ce56b387b8cd63c08b622c38e,modulate_scale_shift__native_12,4.1755,1.984,2.104586693548387,True
modulate_scale_shift,repeat-1,aea48eeed1f1853ce56b387b8cd63c08b622c38e,modulate_scale_shift__native_13,27.7755,26.496,1.0482903079710146,True
modulate_scale_shift,repeat-1,aea48eeed1f1853ce56b387b8cd63c08b622c38e,modulate_scale_shift__native_14,7.231999999999999,6.016,1.202127659574468,True
modulate_scale_shift,repeat-1,aea48eeed1f1853ce56b387b8cd63c08b622c38e,modulate_scale_shift__native_15,4.128,1.984,2.0806451612903225,True
modulate_scale_shift,repeat-1,aea48eeed1f1853ce56b387b8cd63c08b622c38e,modulate_scale_shift__native_16,5.632,3.8400000000000003,1.4666666666666666,True
modulate_scale_shift,repeat-1,aea48eeed1f1853ce56b387b8cd63c08b622c38e,modulate_scale_shift__native_17,27.791999999999998,26.496,1.0489130434782608,True
modulate_scale_shift,repeat-1,aea48eeed1f1853ce56b387b8cd63c08b622c38e,modulate_scale_shift__native_18,4.192,1.984,2.1129032258064515,True
modulate_scale_shift,repeat-1,aea48eeed1f1853ce56b387b8cd63c08b622c38e,modulate_scale_shift__native_19,27.649,26.464000000000002,1.0447778113663844,True
modulate_scale_shift,repeat-1,aea48eeed1f1853ce56b387b8cd63c08b622c38e,modulate_scale_shift__native_20,4.1274999999999995,1.984,2.08039314516129,True
modulate_scale_shift,repeat-1,aea48eeed1f1853ce56b387b8cd63c08b622c38e,modulate_scale_shift__native_21,27.68,26.4955,1.0447057047423147,True
modulate_scale_shift,repeat-1,aea48eeed1f1853ce56b387b8cd63c08b622c38e,modulate_scale_shift__native_22,4.128,1.952,2.1147540983606556,True
modulate_scale_shift,repeat-1,aea48eeed1f1853ce56b387b8cd63c08b622c38e,modulate_scale_shift__native_23,27.68,26.496,1.0446859903381642,True
modulate_scale_shift,repeat-1,aea48eeed1f1853ce56b387b8cd63c08b622c38e,modulate_scale_shift__native_24,4.1755,1.984,2.104586693548387,True
modulate_scale_shift,repeat-1,aea48eeed1f1853ce56b387b8cd63c08b622c38e,modulate_scale_shift__contract_25,1.216,1.0405000000000002,1.1686689091782796,True
modulate_scale_shift,repeat-1,aea48eeed1f1853ce56b387b8cd63c08b622c38e,modulate_scale_shift__contract_26,3.264,1.4400000000000002,2.2666666666666666,True
modulate_scale_shift,repeat-1,aea48eeed1f1853ce56b387b8cd63c08b622c38e,modulate_scale_shift__contract_27,3.712,1.888,1.9661016949152543,True
modulate_scale_shift,repeat-1,aea48eeed1f1853ce56b387b8cd63c08b622c38e,modulate_scale_shift__contract_28,1.536,1.216,1.263157894736842,True
modulate_scale_shift,repeat-1,aea48eeed1f1853ce56b387b8cd63c08b622c38e,modulate_scale_shift__contract_29,3.6635,1.504,2.435837765957447,True
modulate_scale_shift,repeat-1,aea48eeed1f1853ce56b387b8cd63c08b622c38e,modulate_scale_shift__contract_30,4.032,1.952,2.0655737704918034,True
modulate_scale_shift,repeat-2,aea48eeed1f1853ce56b387b8cd63c08b622c38e,modulate_scale_shift__native_0,22.32,20.720000000000002,1.077220077220077,True
modulate_scale_shift,repeat-2,aea48eeed1f1853ce56b387b8cd63c08b622c38e,modulate_scale_shift__native_1,22.351500000000005,20.623500000000003,1.0837879118481344,True
modulate_scale_shift,repeat-2,aea48eeed1f1853ce56b387b8cd63c08b622c38e,modulate_scale_shift__native_2,22.208,20.6075,1.0776658983379837,True
modulate_scale_shift,repeat-2,aea48eeed1f1853ce56b387b8cd63c08b622c38e,modulate_scale_shift__native_3,22.208,20.608,1.077639751552795,True
modulate_scale_shift,repeat-2,aea48eeed1f1853ce56b387b8cd63c08b622c38e,modulate_scale_shift__native_4,4.352,2.3040000000000003,1.8888888888888888,True
modulate_scale_shift,repeat-2,aea48eeed1f1853ce56b387b8cd63c08b622c38e,modulate_scale_shift__native_5,11.2475,10.4,1.0814903846153847,True
modulate_scale_shift,repeat-2,aea48eeed1f1853ce56b387b8cd63c08b622c38e,modulate_scale_shift__native_6,4.3685,2.3040000000000003,1.896050347222222,True
modulate_scale_shift,repeat-2,aea48eeed1f1853ce56b387b8cd63c08b622c38e,modulate_scale_shift__native_7,7.296,6.048,1.2063492063492063,True
modulate_scale_shift,repeat-2,aea48eeed1f1853ce56b387b8cd63c08b622c38e,modulate_scale_shift__native_8,51.9355,50.751999999999995,1.0233192780580076,True
modulate_scale_shift,repeat-2,aea48eeed1f1853ce56b387b8cd63c08b622c38e,modulate_scale_shift__native_9,4.3839999999999995,2.3040000000000003,1.9027777777777777,True
modulate_scale_shift,repeat-2,aea48eeed1f1853ce56b387b8cd63c08b622c38e,modulate_scale_shift__native_10,4.432,2.3040000000000003,1.9236111111111112,True
modulate_scale_shift,repeat-2,aea48eeed1f1853ce56b387b8cd63c08b622c38e,modulate_scale_shift__native_11,28.4475,26.496,1.0736526268115942,True
modulate_scale_shift,repeat-2,aea48eeed1f1853ce56b387b8cd63c08b622c38e,modulate_scale_shift__native_12,4.1755,1.984,2.104586693548387,True
modulate_scale_shift,repeat-2,aea48eeed1f1853ce56b387b8cd63c08b622c38e,modulate_scale_shift__native_13,27.791999999999998,26.496,1.0489130434782608,True
modulate_scale_shift,repeat-2,aea48eeed1f1853ce56b387b8cd63c08b622c38e,modulate_scale_shift__native_14,7.231999999999999,6.0005,1.2052328972585618,True
modulate_scale_shift,repeat-2,aea48eeed1f1853ce56b387b8cd63c08b622c38e,modulate_scale_shift__native_15,4.127,1.984,2.0801411290322576,True
modulate_scale_shift,repeat-2,aea48eeed1f1853ce56b387b8cd63c08b622c38e,modulate_scale_shift__native_16,5.632,3.8400000000000003,1.4666666666666666,True
modulate_scale_shift,repeat-2,aea48eeed1f1853ce56b387b8cd63c08b622c38e,modulate_scale_shift__native_17,28.5595,26.464000000000002,1.0791830411124546,True
modulate_scale_shift,repeat-2,aea48eeed1f1853ce56b387b8cd63c08b622c38e,modulate_scale_shift__native_18,4.208500000000001,1.984,2.1212197580645165,True
modulate_scale_shift,repeat-2,aea48eeed1f1853ce56b387b8cd63c08b622c38e,modulate_scale_shift__native_19,28.032,26.496,1.0579710144927537,True
modulate_scale_shift,repeat-2,aea48eeed1f1853ce56b387b8cd63c08b622c38e,modulate_scale_shift__native_20,4.128,1.984,2.0806451612903225,True
modulate_scale_shift,repeat-2,aea48eeed1f1853ce56b387b8cd63c08b622c38e,modulate_scale_shift__native_21,27.7115,26.496,1.0458748490338166,True
modulate_scale_shift,repeat-2,aea48eeed1f1853ce56b387b8cd63c08b622c38e,modulate_scale_shift__native_22,4.128,1.952,2.1147540983606556,True
modulate_scale_shift,repeat-2,aea48eeed1f1853ce56b387b8cd63c08b622c38e,modulate_scale_shift__native_23,28.191999999999997,26.496,1.0640096618357489,True
modulate_scale_shift,repeat-2,aea48eeed1f1853ce56b387b8cd63c08b622c38e,modulate_scale_shift__native_24,4.159999999999999,1.984,2.096774193548387,True
modulate_scale_shift,repeat-2,aea48eeed1f1853ce56b387b8cd63c08b622c38e,modulate_scale_shift__contract_25,1.216,1.0245,1.186920448999512,True
modulate_scale_shift,repeat-2,aea48eeed1f1853ce56b387b8cd63c08b622c38e,modulate_scale_shift__contract_26,3.264,1.408,2.3181818181818183,True
modulate_scale_shift,repeat-2,aea48eeed1f1853ce56b387b8cd63c08b622c38e,modulate_scale_shift__contract_27,3.713,1.888,1.9666313559322035,True
modulate_scale_shift,repeat-2,aea48eeed1f1853ce56b387b8cd63c08b622c38e,modulate_scale_shift__contract_28,1.536,1.216,1.263157894736842,True
modulate_scale_shift,repeat-2,aea48eeed1f1853ce56b387b8cd63c08b622c38e,modulate_scale_shift__contract_29,3.68,1.504,2.446808510638298,True
modulate_scale_shift,repeat-2,aea48eeed1f1853ce56b387b8cd63c08b622c38e,modulate_scale_shift__contract_30,4.064,1.9515,2.082500640532923,True
modulate_scale_shift,repeat-3,aea48eeed1f1853ce56b387b8cd63c08b622c38e,modulate_scale_shift__native_0,22.336000000000002,20.736,1.0771604938271606,True
modulate_scale_shift,repeat-3,aea48eeed1f1853ce56b387b8cd63c08b622c38e,modulate_scale_shift__native_1,22.368,20.639999999999997,1.083720930232558,True
modulate_scale_shift,repeat-3,aea48eeed1f1853ce56b387b8cd63c08b622c38e,modulate_scale_shift__native_2,22.224,20.576,1.0800933125972005,True
modulate_scale_shift,repeat-3,aea48eeed1f1853ce56b387b8cd63c08b622c38e,modulate_scale_shift__native_3,22.176000000000002,20.608,1.076086956521739,True
modulate_scale_shift,repeat-3,aea48eeed1f1853ce56b387b8cd63c08b622c38e,modulate_scale_shift__native_4,4.352,2.3040000000000003,1.8888888888888888,True
modulate_scale_shift,repeat-3,aea48eeed1f1853ce56b387b8cd63c08b622c38e,modulate_scale_shift__native_5,11.232000000000001,10.432,1.0766871165644172,True
modulate_scale_shift,repeat-3,aea48eeed1f1853ce56b387b8cd63c08b622c38e,modulate_scale_shift__native_6,4.383,2.3040000000000003,1.9023437499999998,True
modulate_scale_shift,repeat-3,aea48eeed1f1853ce56b387b8cd63c08b622c38e,modulate_scale_shift__native_7,7.296,6.048,1.2063492063492063,True
modulate_scale_shift,repeat-3,aea48eeed1f1853ce56b387b8cd63c08b622c38e,modulate_scale_shift__native_8,51.888000000000005,50.832,1.0207743153918791,True
modulate_scale_shift,repeat-3,aea48eeed1f1853ce56b387b8cd63c08b622c38e,modulate_scale_shift__native_9,4.3839999999999995,2.3040000000000003,1.9027777777777777,True
modulate_scale_shift,repeat-3,aea48eeed1f1853ce56b387b8cd63c08b622c38e,modulate_scale_shift__native_10,4.4159999999999995,2.3040000000000003,1.9166666666666665,True
modulate_scale_shift,repeat-3,aea48eeed1f1853ce56b387b8cd63c08b622c38e,modulate_scale_shift__native_11,28.512,26.512,1.0754375377187688,True
modulate_scale_shift,repeat-3,aea48eeed1f1853ce56b387b8cd63c08b622c38e,modulate_scale_shift__native_12,4.159999999999999,1.984,2.096774193548387,True
modulate_scale_shift,repeat-3,aea48eeed1f1853ce56b387b8cd63c08b622c38e,modulate_scale_shift__native_13,28.512,26.496,1.0760869565217392,True
modulate_scale_shift,repeat-3,aea48eeed1f1853ce56b387b8cd63c08b622c38e,modulate_scale_shift__native_14,7.2,5.984,1.2032085561497325,True
modulate_scale_shift,repeat-3,aea48eeed1f1853ce56b387b8cd63c08b622c38e,modulate_scale_shift__native_15,4.1114999999999995,1.984,2.072328629032258,True
modulate_scale_shift,repeat-3,aea48eeed1f1853ce56b387b8cd63c08b622c38e,modulate_scale_shift__native_16,5.632,3.8400000000000003,1.4666666666666666,True
modulate_scale_shift,repeat-3,aea48eeed1f1853ce56b387b8cd63c08b622c38e,modulate_scale_shift__native_17,27.808,26.496,1.0495169082125604,True
modulate_scale_shift,repeat-3,aea48eeed1f1853ce56b387b8cd63c08b622c38e,modulate_scale_shift__native_18,4.192,1.984,2.1129032258064515,True
modulate_scale_shift,repeat-3,aea48eeed1f1853ce56b387b8cd63c08b622c38e,modulate_scale_shift__native_19,27.68,26.496,1.0446859903381642,True
modulate_scale_shift,repeat-3,aea48eeed1f1853ce56b387b8cd63c08b622c38e,modulate_scale_shift__native_20,4.128,1.984,2.0806451612903225,True
modulate_scale_shift,repeat-3,aea48eeed1f1853ce56b387b8cd63c08b622c38e,modulate_scale_shift__native_21,27.808,26.496,1.0495169082125604,True
modulate_scale_shift,repeat-3,aea48eeed1f1853ce56b387b8cd63c08b622c38e,modulate_scale_shift__native_22,4.128,1.952,2.1147540983606556,True
modulate_scale_shift,repeat-3,aea48eeed1f1853ce56b387b8cd63c08b622c38e,modulate_scale_shift__native_23,27.616000000000003,26.496,1.0422705314009664,True
modulate_scale_shift,repeat-3,aea48eeed1f1853ce56b387b8cd63c08b622c38e,modulate_scale_shift__native_24,4.159999999999999,1.984,2.096774193548387,True
modulate_scale_shift,repeat-3,aea48eeed1f1853ce56b387b8cd63c08b622c38e,modulate_scale_shift__contract_25,1.216,1.056,1.1515151515151514,True
modulate_scale_shift,repeat-3,aea48eeed1f1853ce56b387b8cd63c08b622c38e,modulate_scale_shift__contract_26,3.2645,1.4400000000000002,2.2670138888888887,True
modulate_scale_shift,repeat-3,aea48eeed1f1853ce56b387b8cd63c08b622c38e,modulate_scale_shift__contract_27,3.743,1.888,1.982521186440678,True
modulate_scale_shift,repeat-3,aea48eeed1f1853ce56b387b8cd63c08b622c38e,modulate_scale_shift__contract_28,1.536,1.216,1.263157894736842,True
modulate_scale_shift,repeat-3,aea48eeed1f1853ce56b387b8cd63c08b622c38e,modulate_scale_shift__contract_29,3.6645000000000003,1.504,2.4365026595744683,True
modulate_scale_shift,repeat-3,aea48eeed1f1853ce56b387b8cd63c08b622c38e,modulate_scale_shift__contract_30,4.047999999999999,1.952,2.0737704918032787,True
residual_gate_add,repeat-1,6509f75ca9ae34c4d2b91cfdece4e0e6a9a56a0f,residual_gate_add__native_0,21.728,20.464000000000002,1.0617670054730257,True
residual_gate_add,repeat-1,6509f75ca9ae34c4d2b91cfdece4e0e6a9a56a0f,residual_gate_add__native_1,21.728,20.48,1.0609374999999999,True
residual_gate_add,repeat-1,6509f75ca9ae34c4d2b91cfdece4e0e6a9a56a0f,residual_gate_add__native_2,5.632,4.352,1.2941176470588236,True
residual_gate_add,repeat-1,6509f75ca9ae34c4d2b91cfdece4e0e6a9a56a0f,residual_gate_add__native_3,5.6155,4.2725,1.3143358689291982,True
residual_gate_add,repeat-1,6509f75ca9ae34c4d2b91cfdece4e0e6a9a56a0f,residual_gate_add__native_4,23.904,22.496,1.062588904694168,True
residual_gate_add,repeat-1,6509f75ca9ae34c4d2b91cfdece4e0e6a9a56a0f,residual_gate_add__native_5,21.663,20.448,1.059419014084507,True
residual_gate_add,repeat-1,6509f75ca9ae34c4d2b91cfdece4e0e6a9a56a0f,residual_gate_add__native_6,21.76,20.448,1.0641627543035994,True
residual_gate_add,repeat-1,6509f75ca9ae34c4d2b91cfdece4e0e6a9a56a0f,residual_gate_add__native_7,23.872,22.432000000000002,1.0641940085592012,True
residual_gate_add,repeat-1,6509f75ca9ae34c4d2b91cfdece4e0e6a9a56a0f,residual_gate_add__native_8,30.7525,29.152499999999996,1.0548838007031989,True
residual_gate_add,repeat-1,6509f75ca9ae34c4d2b91cfdece4e0e6a9a56a0f,residual_gate_add__native_9,30.4805,29.055999999999997,1.0490260187224671,True
residual_gate_add,repeat-1,6509f75ca9ae34c4d2b91cfdece4e0e6a9a56a0f,residual_gate_add__native_10,95.52,95.28,1.0025188916876573,True
residual_gate_add,repeat-1,6509f75ca9ae34c4d2b91cfdece4e0e6a9a56a0f,residual_gate_add__native_11,95.584,95.23200000000001,1.0036962365591398,True
residual_gate_add,repeat-1,6509f75ca9ae34c4d2b91cfdece4e0e6a9a56a0f,residual_gate_add__native_12,95.456,95.296,1.0016789791806582,True
residual_gate_add,repeat-1,6509f75ca9ae34c4d2b91cfdece4e0e6a9a56a0f,residual_gate_add__native_13,39.568,37.808,1.0465509944985187,True
residual_gate_add,repeat-1,6509f75ca9ae34c4d2b91cfdece4e0e6a9a56a0f,residual_gate_add__native_14,4.064,1.984,2.0483870967741935,True
residual_gate_add,repeat-1,6509f75ca9ae34c4d2b91cfdece4e0e6a9a56a0f,residual_gate_add__native_15,39.648,37.824000000000005,1.048223350253807,True
residual_gate_add,repeat-1,6509f75ca9ae34c4d2b91cfdece4e0e6a9a56a0f,residual_gate_add__native_16,4.064,1.9200000000000002,2.1166666666666667,True
residual_gate_add,repeat-1,6509f75ca9ae34c4d2b91cfdece4e0e6a9a56a0f,residual_gate_add__native_17,39.584,37.856,1.0456466610312765,True
residual_gate_add,repeat-1,6509f75ca9ae34c4d2b91cfdece4e0e6a9a56a0f,residual_gate_add__native_18,4.064,1.952,2.081967213114754,True
residual_gate_add,repeat-1,6509f75ca9ae34c4d2b91cfdece4e0e6a9a56a0f,residual_gate_add__native_19,39.6165,37.856,1.0465051775147929,True
residual_gate_add,repeat-1,6509f75ca9ae34c4d2b91cfdece4e0e6a9a56a0f,residual_gate_add__native_20,4.064,1.952,2.081967213114754,True
residual_gate_add,repeat-1,6509f75ca9ae34c4d2b91cfdece4e0e6a9a56a0f,residual_gate_add__contract_21,1.312,1.28,1.025,True
residual_gate_add,repeat-1,6509f75ca9ae34c4d2b91cfdece4e0e6a9a56a0f,residual_gate_add__contract_22,1.3760000000000001,1.312,1.048780487804878,True
residual_gate_add,repeat-1,6509f75ca9ae34c4d2b91cfdece4e0e6a9a56a0f,residual_gate_add__contract_23,1.3760000000000001,1.28,1.075,True
residual_gate_add,repeat-1,6509f75ca9ae34c4d2b91cfdece4e0e6a9a56a0f,residual_gate_add__contract_24,3.9034999999999997,1.312,2.9752286585365852,True
residual_gate_add,repeat-1,6509f75ca9ae34c4d2b91cfdece4e0e6a9a56a0f,residual_gate_add__contract_25,1.312,1.28,1.025,True
residual_gate_add,repeat-1,6509f75ca9ae34c4d2b91cfdece4e0e6a9a56a0f,residual_gate_add__contract_26,1.4075,1.2805,1.0991800078094494,True
residual_gate_add,repeat-1,6509f75ca9ae34c4d2b91cfdece4e0e6a9a56a0f,residual_gate_add__contract_27,1.377,1.3115,1.0499428135722453,True
residual_gate_add,repeat-1,6509f75ca9ae34c4d2b91cfdece4e0e6a9a56a0f,residual_gate_add__contract_28,3.6475,1.28,2.849609375,True
residual_gate_add,repeat-1,6509f75ca9ae34c4d2b91cfdece4e0e6a9a56a0f,residual_gate_add__contract_29,1.472,1.248,1.1794871794871795,True
residual_gate_add,repeat-1,6509f75ca9ae34c4d2b91cfdece4e0e6a9a56a0f,residual_gate_add__contract_30,1.3760000000000001,1.248,1.1025641025641026,True
residual_gate_add,repeat-1,6509f75ca9ae34c4d2b91cfdece4e0e6a9a56a0f,residual_gate_add__contract_31,1.408,1.248,1.1282051282051282,True
residual_gate_add,repeat-1,6509f75ca9ae34c4d2b91cfdece4e0e6a9a56a0f,residual_gate_add__contract_32,4.0,1.696,2.358490566037736,True
residual_gate_add,repeat-2,6509f75ca9ae34c4d2b91cfdece4e0e6a9a56a0f,residual_gate_add__native_0,22.496,20.512,1.0967238689547583,True
residual_gate_add,repeat-2,6509f75ca9ae34c4d2b91cfdece4e0e6a9a56a0f,residual_gate_add__native_1,21.872000000000003,20.512,1.0663026521060843,True
residual_gate_add,repeat-2,6509f75ca9ae34c4d2b91cfdece4e0e6a9a56a0f,residual_gate_add__native_2,5.6,4.352,1.286764705882353,True
residual_gate_add,repeat-2,6509f75ca9ae34c4d2b91cfdece4e0e6a9a56a0f,residual_gate_add__native_3,5.664,4.2725,1.325687536571094,True
residual_gate_add,repeat-2,6509f75ca9ae34c4d2b91cfdece4e0e6a9a56a0f,residual_gate_add__native_4,23.8725,22.5435,1.058952691463171,True
residual_gate_add,repeat-2,6509f75ca9ae34c4d2b91cfdece4e0e6a9a56a0f,residual_gate_add__native_5,21.76,20.416,1.0658307210031348,True
residual_gate_add,repeat-2,6509f75ca9ae34c4d2b91cfdece4e0e6a9a56a0f,residual_gate_add__native_6,21.936,20.415499999999998,1.07447772525777,True
residual_gate_add,repeat-2,6509f75ca9ae34c4d2b91cfdece4e0e6a9a56a0f,residual_gate_add__native_7,23.856,22.432000000000002,1.0634807417974323,True
residual_gate_add,repeat-2,6509f75ca9ae34c4d2b91cfdece4e0e6a9a56a0f,residual_gate_add__native_8,30.768,29.088,1.0577557755775577,True
residual_gate_add,repeat-2,6509f75ca9ae34c4d2b91cfdece4e0e6a9a56a0f,residual_gate_add__native_9,30.511999999999997,29.055999999999997,1.0501101321585902,True
residual_gate_add,repeat-2,6509f75ca9ae34c4d2b91cfdece4e0e6a9a56a0f,residual_gate_add__native_10,95.4565,95.232,1.002357400873656,True
residual_gate_add,repeat-2,6509f75ca9ae34c4d2b91cfdece4e0e6a9a56a0f,residual_gate_add__native_11,95.584,95.2,1.004033613445378,True
residual_gate_add,repeat-2,6509f75ca9ae34c4d2b91cfdece4e0e6a9a56a0f,residual_gate_add__native_12,95.456,95.328,1.0013427324605573,True
residual_gate_add,repeat-2,6509f75ca9ae34c4d2b91cfdece4e0e6a9a56a0f,residual_gate_add__native_13,39.552,37.8085,1.0461139690810266,True
residual_gate_add,repeat-2,6509f75ca9ae34c4d2b91cfdece4e0e6a9a56a0f,residual_gate_add__native_14,4.064,1.984,2.0483870967741935,True
residual_gate_add,repeat-2,6509f75ca9ae34c4d2b91cfdece4e0e6a9a56a0f,residual_gate_add__native_15,39.632,37.776500000000006,1.0491178378092199,True
residual_gate_add,repeat-2,6509f75ca9ae34c4d2b91cfdece4e0e6a9a56a0f,residual_gate_add__native_16,4.063,1.9515,2.0819882141942094,True
residual_gate_add,repeat-2,6509f75ca9ae34c4d2b91cfdece4e0e6a9a56a0f,residual_gate_add__native_17,39.648,37.871500000000005,1.0469086252194921,True
residual_gate_add,repeat-2,6509f75ca9ae34c4d2b91cfdece4e0e6a9a56a0f,residual_gate_add__native_18,4.0325,1.952,2.0658299180327866,True
residual_gate_add,repeat-2,6509f75ca9ae34c4d2b91cfdece4e0e6a9a56a0f,residual_gate_add__native_19,39.664,37.856,1.047759932375317,True
residual_gate_add,repeat-2,6509f75ca9ae34c4d2b91cfdece4e0e6a9a56a0f,residual_gate_add__native_20,4.064,1.952,2.081967213114754,True
residual_gate_add,repeat-2,6509f75ca9ae34c4d2b91cfdece4e0e6a9a56a0f,residual_gate_add__contract_21,1.3439999999999999,1.28,1.0499999999999998,True
residual_gate_add,repeat-2,6509f75ca9ae34c4d2b91cfdece4e0e6a9a56a0f,residual_gate_add__contract_22,1.3760000000000001,1.3124999999999998,1.0483809523809526,True
residual_gate_add,repeat-2,6509f75ca9ae34c4d2b91cfdece4e0e6a9a56a0f,residual_gate_add__contract_23,1.3760000000000001,1.28,1.075,True
residual_gate_add,repeat-2,6509f75ca9ae34c4d2b91cfdece4e0e6a9a56a0f,residual_gate_add__contract_24,3.8885,1.312,2.963795731707317,True
residual_gate_add,repeat-2,6509f75ca9ae34c4d2b91cfdece4e0e6a9a56a0f,residual_gate_add__contract_25,1.312,1.28,1.025,True
residual_gate_add,repeat-2,6509f75ca9ae34c4d2b91cfdece4e0e6a9a56a0f,residual_gate_add__contract_26,1.408,1.3115,1.0735798703774302,True
residual_gate_add,repeat-2,6509f75ca9ae34c4d2b91cfdece4e0e6a9a56a0f,residual_gate_add__contract_27,1.3760000000000001,1.248,1.1025641025641026,True
residual_gate_add,repeat-2,6509f75ca9ae34c4d2b91cfdece4e0e6a9a56a0f,residual_gate_add__contract_28,3.648,1.28,2.85,True
residual_gate_add,repeat-2,6509f75ca9ae34c4d2b91cfdece4e0e6a9a56a0f,residual_gate_add__contract_29,1.4715000000000003,1.216,1.2101151315789473,True
residual_gate_add,repeat-2,6509f75ca9ae34c4d2b91cfdece4e0e6a9a56a0f,residual_gate_add__contract_30,1.392,1.248,1.1153846153846154,True
residual_gate_add,repeat-2,6509f75ca9ae34c4d2b91cfdece4e0e6a9a56a0f,residual_gate_add__contract_31,1.408,1.248,1.1282051282051282,True
residual_gate_add,repeat-2,6509f75ca9ae34c4d2b91cfdece4e0e6a9a56a0f,residual_gate_add__contract_32,4.0,1.696,2.358490566037736,True
residual_gate_add,repeat-3,6509f75ca9ae34c4d2b91cfdece4e0e6a9a56a0f,residual_gate_add__native_0,21.696,20.4805,1.0593491369839605,True
residual_gate_add,repeat-3,6509f75ca9ae34c4d2b91cfdece4e0e6a9a56a0f,residual_gate_add__native_1,21.791999999999998,20.512,1.062402496099844,True
residual_gate_add,repeat-3,6509f75ca9ae34c4d2b91cfdece4e0e6a9a56a0f,residual_gate_add__native_2,5.6,4.352,1.286764705882353,True
residual_gate_add,repeat-3,6509f75ca9ae34c4d2b91cfdece4e0e6a9a56a0f,residual_gate_add__native_3,5.632,4.256,1.3233082706766917,True
residual_gate_add,repeat-3,6509f75ca9ae34c4d2b91cfdece4e0e6a9a56a0f,residual_gate_add__native_4,23.952,22.496,1.0647226173541964,True
residual_gate_add,repeat-3,6509f75ca9ae34c4d2b91cfdece4e0e6a9a56a0f,residual_gate_add__native_5,21.663999999999998,20.416,1.061128526645768,True
residual_gate_add,repeat-3,6509f75ca9ae34c4d2b91cfdece4e0e6a9a56a0f,residual_gate_add__native_6,21.743499999999997,20.448,1.0633558294209702,True
residual_gate_add,repeat-3,6509f75ca9ae34c4d2b91cfdece4e0e6a9a56a0f,residual_gate_add__native_7,23.840500000000002,22.432000000000002,1.0627897646219686,True
residual_gate_add,repeat-3,6509f75ca9ae34c4d2b91cfdece4e0e6a9a56a0f,residual_gate_add__native_8,30.7525,29.104499999999998,1.056623546187016,True
residual_gate_add,repeat-3,6509f75ca9ae34c4d2b91cfdece4e0e6a9a56a0f,residual_gate_add__native_9,30.528,29.055999999999997,1.050660792951542,True
residual_gate_add,repeat-3,6509f75ca9ae34c4d2b91cfdece4e0e6a9a56a0f,residual_gate_add__native_10,95.52,95.264,1.0026872690628148,True
residual_gate_add,repeat-3,6509f75ca9ae34c4d2b91cfdece4e0e6a9a56a0f,residual_gate_add__native_11,95.584,95.232,1.0036962365591398,True
residual_gate_add,repeat-3,6509f75ca9ae34c4d2b91cfdece4e0e6a9a56a0f,residual_gate_add__native_12,95.47200000000001,95.248,1.0023517554174366,True
residual_gate_add,repeat-3,6509f75ca9ae34c4d2b91cfdece4e0e6a9a56a0f,residual_gate_add__native_13,39.616,37.872,1.0460498521335022,True
residual_gate_add,repeat-3,6509f75ca9ae34c4d2b91cfdece4e0e6a9a56a0f,residual_gate_add__native_14,4.064,1.984,2.0483870967741935,True
residual_gate_add,repeat-3,6509f75ca9ae34c4d2b91cfdece4e0e6a9a56a0f,residual_gate_add__native_15,39.552,37.824000000000005,1.045685279187817,True
residual_gate_add,repeat-3,6509f75ca9ae34c4d2b91cfdece4e0e6a9a56a0f,residual_gate_add__native_16,4.0634999999999994,1.952,2.0817110655737703,True
residual_gate_add,repeat-3,6509f75ca9ae34c4d2b91cfdece4e0e6a9a56a0f,residual_gate_add__native_17,39.568,37.824000000000005,1.0461082910321489,True
residual_gate_add,repeat-3,6509f75ca9ae34c4d2b91cfdece4e0e6a9a56a0f,residual_gate_add__native_18,4.064,1.952,2.081967213114754,True
residual_gate_add,repeat-3,6509f75ca9ae34c4d2b91cfdece4e0e6a9a56a0f,residual_gate_add__native_19,39.616,37.824000000000005,1.0473773265651436,True
residual_gate_add,repeat-3,6509f75ca9ae34c4d2b91cfdece4e0e6a9a56a0f,residual_gate_add__native_20,4.064,1.952,2.081967213114754,True
residual_gate_add,repeat-3,6509f75ca9ae34c4d2b91cfdece4e0e6a9a56a0f,residual_gate_add__contract_21,1.3435000000000001,1.3110000000000002,1.024790236460717,True
residual_gate_add,repeat-3,6509f75ca9ae34c4d2b91cfdece4e0e6a9a56a0f,residual_gate_add__contract_22,1.3760000000000001,1.312,1.048780487804878,True
residual_gate_add,repeat-3,6509f75ca9ae34c4d2b91cfdece4e0e6a9a56a0f,residual_gate_add__contract_23,1.408,1.28,1.0999999999999999,True
residual_gate_add,repeat-3,6509f75ca9ae34c4d2b91cfdece4e0e6a9a56a0f,residual_gate_add__contract_24,3.904,1.28,3.05,True
residual_gate_add,repeat-3,6509f75ca9ae34c4d2b91cfdece4e0e6a9a56a0f,residual_gate_add__contract_25,1.3275000000000001,1.28,1.037109375,True
residual_gate_add,repeat-3,6509f75ca9ae34c4d2b91cfdece4e0e6a9a56a0f,residual_gate_add__contract_26,1.407,1.312,1.072408536585366,True
residual_gate_add,repeat-3,6509f75ca9ae34c4d2b91cfdece4e0e6a9a56a0f,residual_gate_add__contract_27,1.3760000000000001,1.28,1.075,True
residual_gate_add,repeat-3,6509f75ca9ae34c4d2b91cfdece4e0e6a9a56a0f,residual_gate_add__contract_28,3.6475,1.28,2.849609375,True
residual_gate_add,repeat-3,6509f75ca9ae34c4d2b91cfdece4e0e6a9a56a0f,residual_gate_add__contract_29,1.472,1.216,1.2105263157894737,True
residual_gate_add,repeat-3,6509f75ca9ae34c4d2b91cfdece4e0e6a9a56a0f,residual_gate_add__contract_30,1.4075,1.248,1.1278044871794872,True
residual_gate_add,repeat-3,6509f75ca9ae34c4d2b91cfdece4e0e6a9a56a0f,residual_gate_add__contract_31,1.392,1.28,1.0875,True
residual_gate_add,repeat-3,6509f75ca9ae34c4d2b91cfdece4e0e6a9a56a0f,residual_gate_add__contract_32,3.968,1.696,2.339622641509434,True
inplace_qknorm_rope,repeat-1,6cd9f731771a54df2094dff22b75c1d7f3685d3b,inplace_qknorm_rope__native_0,6.656,6.016,1.1063829787234043,True
inplace_qknorm_rope,repeat-1,6cd9f731771a54df2094dff22b75c1d7f3685d3b,inplace_qknorm_rope__native_1,34.25599999999999,33.119499999999995,1.0343151315690151,True
inplace_qknorm_rope,repeat-1,6cd9f731771a54df2094dff22b75c1d7f3685d3b,inplace_qknorm_rope__native_2,6.5755,6.048,1.0872189153439151,True
inplace_qknorm_rope,repeat-1,6cd9f731771a54df2094dff22b75c1d7f3685d3b,inplace_qknorm_rope__native_3,34.1115,32.975500000000004,1.0344498188048703,True
inplace_qknorm_rope,repeat-1,6cd9f731771a54df2094dff22b75c1d7f3685d3b,inplace_qknorm_rope__contract_4,1.952,1.7274999999999998,1.1299565846599133,True
inplace_qknorm_rope,repeat-1,6cd9f731771a54df2094dff22b75c1d7f3685d3b,inplace_qknorm_rope__contract_5,1.952,1.696,1.150943396226415,True
inplace_qknorm_rope,repeat-1,6cd9f731771a54df2094dff22b75c1d7f3685d3b,inplace_qknorm_rope__contract_6,2.112,1.76,1.2,True
inplace_qknorm_rope,repeat-1,6cd9f731771a54df2094dff22b75c1d7f3685d3b,inplace_qknorm_rope__contract_7,2.016,1.792,1.125,True
inplace_qknorm_rope,repeat-1,6cd9f731771a54df2094dff22b75c1d7f3685d3b,inplace_qknorm_rope__contract_8,2.1915,1.76,1.2451704545454545,True
inplace_qknorm_rope,repeat-1,6cd9f731771a54df2094dff22b75c1d7f3685d3b,inplace_qknorm_rope__contract_9,2.0799999999999996,2.016,1.0317460317460316,True
inplace_qknorm_rope,repeat-1,6cd9f731771a54df2094dff22b75c1d7f3685d3b,inplace_qknorm_rope__contract_10,2.1595,1.984,1.0884576612903225,True
inplace_qknorm_rope,repeat-1,6cd9f731771a54df2094dff22b75c1d7f3685d3b,inplace_qknorm_rope__contract_11,2.048,1.9675,1.0409148665819568,True
inplace_qknorm_rope,repeat-1,6cd9f731771a54df2094dff22b75c1d7f3685d3b,inplace_qknorm_rope__contract_12,2.2560000000000002,1.984,1.1370967741935485,True
inplace_qknorm_rope,repeat-1,6cd9f731771a54df2094dff22b75c1d7f3685d3b,inplace_qknorm_rope__contract_13,2.0799999999999996,1.952,1.0655737704918031,True
inplace_qknorm_rope,repeat-1,6cd9f731771a54df2094dff22b75c1d7f3685d3b,inplace_qknorm_rope__contract_14,2.4,1.984,1.2096774193548385,True
inplace_qknorm_rope,repeat-1,6cd9f731771a54df2094dff22b75c1d7f3685d3b,inplace_qknorm_rope__contract_15,2.336,2.0799999999999996,1.123076923076923,True
inplace_qknorm_rope,repeat-1,6cd9f731771a54df2094dff22b75c1d7f3685d3b,inplace_qknorm_rope__contract_16,2.016,1.728,1.1666666666666667,True
inplace_qknorm_rope,repeat-1,6cd9f731771a54df2094dff22b75c1d7f3685d3b,inplace_qknorm_rope__contract_17,1.984,1.728,1.1481481481481481,True
inplace_qknorm_rope,repeat-1,6cd9f731771a54df2094dff22b75c1d7f3685d3b,inplace_qknorm_rope__contract_18,2.144,1.76,1.2181818181818183,True
inplace_qknorm_rope,repeat-1,6cd9f731771a54df2094dff22b75c1d7f3685d3b,inplace_qknorm_rope__contract_19,2.064,1.76,1.1727272727272726,True
inplace_qknorm_rope,repeat-1,6cd9f731771a54df2094dff22b75c1d7f3685d3b,inplace_qknorm_rope__contract_20,2.1755,1.728,1.2589699074074074,True
inplace_qknorm_rope,repeat-1,6cd9f731771a54df2094dff22b75c1d7f3685d3b,inplace_qknorm_rope__contract_21,2.0799999999999996,1.9034999999999997,1.0927239296033622,True
inplace_qknorm_rope,repeat-1,6cd9f731771a54df2094dff22b75c1d7f3685d3b,inplace_qknorm_rope__contract_22,2.112,1.824,1.1578947368421053,True
inplace_qknorm_rope,repeat-1,6cd9f731771a54df2094dff22b75c1d7f3685d3b,inplace_qknorm_rope__contract_23,2.0799999999999996,2.048,1.015625,True
inplace_qknorm_rope,repeat-1,6cd9f731771a54df2094dff22b75c1d7f3685d3b,inplace_qknorm_rope__contract_24,2.336,1.9835,1.1777161583060247,True
inplace_qknorm_rope,repeat-1,6cd9f731771a54df2094dff22b75c1d7f3685d3b,inplace_qknorm_rope__contract_25,2.176,1.9200000000000002,1.1333333333333333,True
inplace_qknorm_rope,repeat-1,6cd9f731771a54df2094dff22b75c1d7f3685d3b,inplace_qknorm_rope__contract_26,2.4,1.952,1.2295081967213113,True
inplace_qknorm_rope,repeat-1,6cd9f731771a54df2094dff22b75c1d7f3685d3b,inplace_qknorm_rope__contract_27,2.32,2.048,1.1328125,True
inplace_qknorm_rope,repeat-1,6cd9f731771a54df2094dff22b75c1d7f3685d3b,inplace_qknorm_rope__contract_28,2.3040000000000003,1.9835,1.161583060247038,True
inplace_qknorm_rope,repeat-1,6cd9f731771a54df2094dff22b75c1d7f3685d3b,inplace_qknorm_rope__contract_29,2.3040000000000003,1.9829999999999999,1.161875945537065,True
inplace_qknorm_rope,repeat-2,6cd9f731771a54df2094dff22b75c1d7f3685d3b,inplace_qknorm_rope__native_0,6.656,6.048,1.1005291005291005,True
inplace_qknorm_rope,repeat-2,6cd9f731771a54df2094dff22b75c1d7f3685d3b,inplace_qknorm_rope__native_1,34.3515,33.0715,1.0387040200777102,True
inplace_qknorm_rope,repeat-2,6cd9f731771a54df2094dff22b75c1d7f3685d3b,inplace_qknorm_rope__native_2,6.5605,6.0155,1.0905992851799517,True
inplace_qknorm_rope,repeat-2,6cd9f731771a54df2094dff22b75c1d7f3685d3b,inplace_qknorm_rope__native_3,34.2395,33.12,1.0338013285024155,True
inplace_qknorm_rope,repeat-2,6cd9f731771a54df2094dff22b75c1d7f3685d3b,inplace_qknorm_rope__contract_4,1.936,1.7274999999999998,1.1206946454413893,True
inplace_qknorm_rope,repeat-2,6cd9f731771a54df2094dff22b75c1d7f3685d3b,inplace_qknorm_rope__contract_5,1.9515,1.696,1.1506485849056605,True
inplace_qknorm_rope,repeat-2,6cd9f731771a54df2094dff22b75c1d7f3685d3b,inplace_qknorm_rope__contract_6,2.112,1.76,1.2,True
inplace_qknorm_rope,repeat-2,6cd9f731771a54df2094dff22b75c1d7f3685d3b,inplace_qknorm_rope__contract_7,2.016,1.792,1.125,True
inplace_qknorm_rope,repeat-2,6cd9f731771a54df2094dff22b75c1d7f3685d3b,inplace_qknorm_rope__contract_8,2.2079999999999997,1.76,1.2545454545454544,True
inplace_qknorm_rope,repeat-2,6cd9f731771a54df2094dff22b75c1d7f3685d3b,inplace_qknorm_rope__contract_9,2.0799999999999996,2.016,1.0317460317460316,True
inplace_qknorm_rope,repeat-2,6cd9f731771a54df2094dff22b75c1d7f3685d3b,inplace_qknorm_rope__contract_10,2.144,1.984,1.0806451612903225,True
inplace_qknorm_rope,repeat-2,6cd9f731771a54df2094dff22b75c1d7f3685d3b,inplace_qknorm_rope__contract_11,2.064,1.9680000000000002,1.0487804878048779,True
inplace_qknorm_rope,repeat-2,6cd9f731771a54df2094dff22b75c1d7f3685d3b,inplace_qknorm_rope__contract_12,2.2399999999999998,2.016,1.111111111111111,True
inplace_qknorm_rope,repeat-2,6cd9f731771a54df2094dff22b75c1d7f3685d3b,inplace_qknorm_rope__contract_13,2.1285000000000003,1.9200000000000002,1.10859375,True
inplace_qknorm_rope,repeat-2,6cd9f731771a54df2094dff22b75c1d7f3685d3b,inplace_qknorm_rope__contract_14,2.3845,1.984,1.2018649193548385,True
inplace_qknorm_rope,repeat-2,6cd9f731771a54df2094dff22b75c1d7f3685d3b,inplace_qknorm_rope__contract_15,2.336,2.0799999999999996,1.123076923076923,True
inplace_qknorm_rope,repeat-2,6cd9f731771a54df2094dff22b75c1d7f3685d3b,inplace_qknorm_rope__contract_16,2.0004999999999997,1.76,1.1366477272727271,True
inplace_qknorm_rope,repeat-2,6cd9f731771a54df2094dff22b75c1d7f3685d3b,inplace_qknorm_rope__contract_17,1.984,1.728,1.1481481481481481,True
inplace_qknorm_rope,repeat-2,6cd9f731771a54df2094dff22b75c1d7f3685d3b,inplace_qknorm_rope__contract_18,2.176,1.759,1.2370665150653781,True
inplace_qknorm_rope,repeat-2,6cd9f731771a54df2094dff22b75c1d7f3685d3b,inplace_qknorm_rope__contract_19,2.0799999999999996,1.76,1.1818181818181817,True
inplace_qknorm_rope,repeat-2,6cd9f731771a54df2094dff22b75c1d7f3685d3b,inplace_qknorm_rope__contract_20,2.1445000000000003,1.728,1.2410300925925928,True
inplace_qknorm_rope,repeat-2,6cd9f731771a54df2094dff22b75c1d7f3685d3b,inplace_qknorm_rope__contract_21,2.0484999999999998,1.9200000000000002,1.0669270833333333,True
inplace_qknorm_rope,repeat-2,6cd9f731771a54df2094dff22b75c1d7f3685d3b,inplace_qknorm_rope__contract_22,2.16,1.792,1.2053571428571428,True
inplace_qknorm_rope,repeat-2,6cd9f731771a54df2094dff22b75c1d7f3685d3b,inplace_qknorm_rope__contract_23,2.0635000000000003,2.0315000000000003,1.0157519074575436,True
inplace_qknorm_rope,repeat-2,6cd9f731771a54df2094dff22b75c1d7f3685d3b,inplace_qknorm_rope__contract_24,2.3354999999999997,1.984,1.1771673387096773,True
inplace_qknorm_rope,repeat-2,6cd9f731771a54df2094dff22b75c1d7f3685d3b,inplace_qknorm_rope__contract_25,2.176,1.952,1.1147540983606556,True
inplace_qknorm_rope,repeat-2,6cd9f731771a54df2094dff22b75c1d7f3685d3b,inplace_qknorm_rope__contract_26,2.416,1.952,1.2377049180327868,True
inplace_qknorm_rope,repeat-2,6cd9f731771a54df2094dff22b75c1d7f3685d3b,inplace_qknorm_rope__contract_27,2.336,2.016,1.1587301587301586,True
inplace_qknorm_rope,repeat-2,6cd9f731771a54df2094dff22b75c1d7f3685d3b,inplace_qknorm_rope__contract_28,2.3040000000000003,1.9845000000000002,1.1609977324263039,True
inplace_qknorm_rope,repeat-2,6cd9f731771a54df2094dff22b75c1d7f3685d3b,inplace_qknorm_rope__contract_29,2.2875,1.984,1.1529737903225805,True
inplace_qknorm_rope,repeat-3,6cd9f731771a54df2094dff22b75c1d7f3685d3b,inplace_qknorm_rope__native_0,6.688000000000001,6.048,1.1058201058201058,True
inplace_qknorm_rope,repeat-3,6cd9f731771a54df2094dff22b75c1d7f3685d3b,inplace_qknorm_rope__native_1,34.223000000000006,33.151,1.0323368827486352,True
inplace_qknorm_rope,repeat-3,6cd9f731771a54df2094dff22b75c1d7f3685d3b,inplace_qknorm_rope__native_2,6.592,6.048,1.0899470899470898,True
inplace_qknorm_rope,repeat-3,6cd9f731771a54df2094dff22b75c1d7f3685d3b,inplace_qknorm_rope__native_3,34.271499999999996,32.992,1.0387821290009698,True
inplace_qknorm_rope,repeat-3,6cd9f731771a54df2094dff22b75c1d7f3685d3b,inplace_qknorm_rope__contract_4,1.952,1.7445,1.118945256520493,True
inplace_qknorm_rope,repeat-3,6cd9f731771a54df2094dff22b75c1d7f3685d3b,inplace_qknorm_rope__contract_5,1.952,1.696,1.150943396226415,True
inplace_qknorm_rope,repeat-3,6cd9f731771a54df2094dff22b75c1d7f3685d3b,inplace_qknorm_rope__contract_6,2.0959999999999996,1.76,1.1909090909090907,True
inplace_qknorm_rope,repeat-3,6cd9f731771a54df2094dff22b75c1d7f3685d3b,inplace_qknorm_rope__contract_7,2.016,1.792,1.125,True
inplace_qknorm_rope,repeat-3,6cd9f731771a54df2094dff22b75c1d7f3685d3b,inplace_qknorm_rope__contract_8,2.1915,1.76,1.2451704545454545,True
inplace_qknorm_rope,repeat-3,6cd9f731771a54df2094dff22b75c1d7f3685d3b,inplace_qknorm_rope__contract_9,2.0799999999999996,2.016,1.0317460317460316,True
inplace_qknorm_rope,repeat-3,6cd9f731771a54df2094dff22b75c1d7f3685d3b,inplace_qknorm_rope__contract_10,2.144,2.016,1.0634920634920635,True
inplace_qknorm_rope,repeat-3,6cd9f731771a54df2094dff22b75c1d7f3685d3b,inplace_qknorm_rope__contract_11,2.0799999999999996,1.984,1.0483870967741935,True
inplace_qknorm_rope,repeat-3,6cd9f731771a54df2094dff22b75c1d7f3685d3b,inplace_qknorm_rope__contract_12,2.2399999999999998,1.984,1.129032258064516,True
inplace_qknorm_rope,repeat-3,6cd9f731771a54df2094dff22b75c1d7f3685d3b,inplace_qknorm_rope__contract_13,2.112,1.952,1.0819672131147542,True
inplace_qknorm_rope,repeat-3,6cd9f731771a54df2094dff22b75c1d7f3685d3b,inplace_qknorm_rope__contract_14,2.432,1.952,1.2459016393442623,True
inplace_qknorm_rope,repeat-3,6cd9f731771a54df2094dff22b75c1d7f3685d3b,inplace_qknorm_rope__contract_15,2.336,2.0799999999999996,1.123076923076923,True
inplace_qknorm_rope,repeat-3,6cd9f731771a54df2094dff22b75c1d7f3685d3b,inplace_qknorm_rope__contract_16,1.984,1.744,1.1376146788990826,True
inplace_qknorm_rope,repeat-3,6cd9f731771a54df2094dff22b75c1d7f3685d3b,inplace_qknorm_rope__contract_17,2.0155,1.728,1.1663773148148149,True
inplace_qknorm_rope,repeat-3,6cd9f731771a54df2094dff22b75c1d7f3685d3b,inplace_qknorm_rope__contract_18,2.176,1.7595,1.2367149758454106,True
inplace_qknorm_rope,repeat-3,6cd9f731771a54df2094dff22b75c1d7f3685d3b,inplace_qknorm_rope__contract_19,2.0799999999999996,1.76,1.1818181818181817,True
inplace_qknorm_rope,repeat-3,6cd9f731771a54df2094dff22b75c1d7f3685d3b,inplace_qknorm_rope__contract_20,2.144,1.76,1.2181818181818183,True
inplace_qknorm_rope,repeat-3,6cd9f731771a54df2094dff22b75c1d7f3685d3b,inplace_qknorm_rope__contract_21,2.048,1.9034999999999997,1.075912792224849,True
inplace_qknorm_rope,repeat-3,6cd9f731771a54df2094dff22b75c1d7f3685d3b,inplace_qknorm_rope__contract_22,2.144,1.792,1.1964285714285714,True
inplace_qknorm_rope,repeat-3,6cd9f731771a54df2094dff22b75c1d7f3685d3b,inplace_qknorm_rope__contract_23,2.0799999999999996,2.032,1.0236220472440944,True
inplace_qknorm_rope,repeat-3,6cd9f731771a54df2094dff22b75c1d7f3685d3b,inplace_qknorm_rope__contract_24,2.3040000000000003,1.9829999999999999,1.161875945537065,True
inplace_qknorm_rope,repeat-3,6cd9f731771a54df2094dff22b75c1d7f3685d3b,inplace_qknorm_rope__contract_25,2.1919999999999997,1.9200000000000002,1.1416666666666666,True
inplace_qknorm_rope,repeat-3,6cd9f731771a54df2094dff22b75c1d7f3685d3b,inplace_qknorm_rope__contract_26,2.4,1.952,1.2295081967213113,True
inplace_qknorm_rope,repeat-3,6cd9f731771a54df2094dff22b75c1d7f3685d3b,inplace_qknorm_rope__contract_27,2.3040000000000003,2.0165,1.1425737664269775,True
inplace_qknorm_rope,repeat-3,6cd9f731771a54df2094dff22b75c1d7f3685d3b,inplace_qknorm_rope__contract_28,2.3040000000000003,1.9525000000000001,1.1800256081946223,True
inplace_qknorm_rope,repeat-3,6cd9f731771a54df2094dff22b75c1d7f3685d3b,inplace_qknorm_rope__contract_29,2.3040000000000003,1.984,1.1612903225806452,True
timestep_embedding,repeat-1,ed7b3a92edc447f1d932b37cc5ffaf8fe02759cf,timestep_embedding__native_0,13.871999999999998,1.424,9.741573033707866,True
timestep_embedding,repeat-1,ed7b3a92edc447f1d932b37cc5ffaf8fe02759cf,timestep_embedding__contract_1,1.4400000000000002,1.4400000000000002,1.0,True
timestep_embedding,repeat-1,ed7b3a92edc447f1d932b37cc5ffaf8fe02759cf,timestep_embedding__contract_2,1.4400000000000002,1.472,0.9782608695652174,True
timestep_embedding,repeat-1,ed7b3a92edc447f1d932b37cc5ffaf8fe02759cf,timestep_embedding__contract_3,3.072,3.104,0.9896907216494846,True
timestep_embedding,repeat-1,ed7b3a92edc447f1d932b37cc5ffaf8fe02759cf,timestep_embedding__contract_4,1.4400000000000002,1.504,0.9574468085106385,True
timestep_embedding,repeat-1,ed7b3a92edc447f1d932b37cc5ffaf8fe02759cf,timestep_embedding__contract_5,1.4400000000000002,1.472,0.9782608695652174,True
timestep_embedding,repeat-1,ed7b3a92edc447f1d932b37cc5ffaf8fe02759cf,timestep_embedding__contract_6,3.072,3.104,0.9896907216494846,True
timestep_embedding,repeat-1,ed7b3a92edc447f1d932b37cc5ffaf8fe02759cf,timestep_embedding__contract_7,1.4400000000000002,1.504,0.9574468085106385,True
timestep_embedding,repeat-1,ed7b3a92edc447f1d932b37cc5ffaf8fe02759cf,timestep_embedding__contract_8,1.4729999999999999,1.504,0.9793882978723404,True
timestep_embedding,repeat-1,ed7b3a92edc447f1d932b37cc5ffaf8fe02759cf,timestep_embedding__contract_9,3.104,3.104,1.0,True
timestep_embedding,repeat-1,ed7b3a92edc447f1d932b37cc5ffaf8fe02759cf,timestep_embedding__contract_10,14.975999999999999,1.504,9.957446808510639,True
timestep_embedding,repeat-1,ed7b3a92edc447f1d932b37cc5ffaf8fe02759cf,timestep_embedding__contract_11,15.04,1.535,9.798045602605864,True
timestep_embedding,repeat-1,ed7b3a92edc447f1d932b37cc5ffaf8fe02759cf,timestep_embedding__contract_12,16.719499999999996,3.136,5.3314732142857135,True
timestep_embedding,repeat-1,ed7b3a92edc447f1d932b37cc5ffaf8fe02759cf,timestep_embedding__contract_13,15.391499999999999,1.504,10.23371010638298,True
timestep_embedding,repeat-1,ed7b3a92edc447f1d932b37cc5ffaf8fe02759cf,timestep_embedding__contract_14,15.68,1.4400000000000002,10.888888888888888,True
timestep_embedding,repeat-2,ed7b3a92edc447f1d932b37cc5ffaf8fe02759cf,timestep_embedding__native_0,13.968000000000002,1.4400000000000002,9.700000000000001,True
timestep_embedding,repeat-2,ed7b3a92edc447f1d932b37cc5ffaf8fe02759cf,timestep_embedding__contract_1,1.4400000000000002,1.4400000000000002,1.0,True
timestep_embedding,repeat-2,ed7b3a92edc447f1d932b37cc5ffaf8fe02759cf,timestep_embedding__contract_2,1.4400000000000002,1.472,0.9782608695652174,True
timestep_embedding,repeat-2,ed7b3a92edc447f1d932b37cc5ffaf8fe02759cf,timestep_embedding__contract_3,3.072,3.104,0.9896907216494846,True
timestep_embedding,repeat-2,ed7b3a92edc447f1d932b37cc5ffaf8fe02759cf,timestep_embedding__contract_4,1.4400000000000002,1.504,0.9574468085106385,True
timestep_embedding,repeat-2,ed7b3a92edc447f1d932b37cc5ffaf8fe02759cf,timestep_embedding__contract_5,1.4400000000000002,1.472,0.9782608695652174,True
timestep_embedding,repeat-2,ed7b3a92edc447f1d932b37cc5ffaf8fe02759cf,timestep_embedding__contract_6,3.072,3.104,0.9896907216494846,True
timestep_embedding,repeat-2,ed7b3a92edc447f1d932b37cc5ffaf8fe02759cf,timestep_embedding__contract_7,1.4400000000000002,1.504,0.9574468085106385,True
timestep_embedding,repeat-2,ed7b3a92edc447f1d932b37cc5ffaf8fe02759cf,timestep_embedding__contract_8,1.503,1.504,0.9993351063829787,True
timestep_embedding,repeat-2,ed7b3a92edc447f1d932b37cc5ffaf8fe02759cf,timestep_embedding__contract_9,3.104,3.104,1.0,True
timestep_embedding,repeat-2,ed7b3a92edc447f1d932b37cc5ffaf8fe02759cf,timestep_embedding__contract_10,15.056,1.504,10.01063829787234,True
timestep_embedding,repeat-2,ed7b3a92edc447f1d932b37cc5ffaf8fe02759cf,timestep_embedding__contract_11,15.152,1.536,9.864583333333332,True
timestep_embedding,repeat-2,ed7b3a92edc447f1d932b37cc5ffaf8fe02759cf,timestep_embedding__contract_12,16.7835,3.1200000000000006,5.379326923076922,True
timestep_embedding,repeat-2,ed7b3a92edc447f1d932b37cc5ffaf8fe02759cf,timestep_embedding__contract_13,15.456,1.504,10.27659574468085,True
timestep_embedding,repeat-2,ed7b3a92edc447f1d932b37cc5ffaf8fe02759cf,timestep_embedding__contract_14,15.7275,1.4400000000000002,10.921874999999998,True
timestep_embedding,repeat-3,ed7b3a92edc447f1d932b37cc5ffaf8fe02759cf,timestep_embedding__native_0,13.888,1.4400000000000002,9.644444444444444,True
timestep_embedding,repeat-3,ed7b3a92edc447f1d932b37cc5ffaf8fe02759cf,timestep_embedding__contract_1,1.4400000000000002,1.4400000000000002,1.0,True
timestep_embedding,repeat-3,ed7b3a92edc447f1d932b37cc5ffaf8fe02759cf,timestep_embedding__contract_2,1.4400000000000002,1.472,0.9782608695652174,True
timestep_embedding,repeat-3,ed7b3a92edc447f1d932b37cc5ffaf8fe02759cf,timestep_embedding__contract_3,3.072,3.104,0.9896907216494846,True
timestep_embedding,repeat-3,ed7b3a92edc447f1d932b37cc5ffaf8fe02759cf,timestep_embedding__contract_4,1.4400000000000002,1.504,0.9574468085106385,True
timestep_embedding,repeat-3,ed7b3a92edc447f1d932b37cc5ffaf8fe02759cf,timestep_embedding__contract_5,1.4400000000000002,1.472,0.9782608695652174,True
timestep_embedding,repeat-3,ed7b3a92edc447f1d932b37cc5ffaf8fe02759cf,timestep_embedding__contract_6,3.072,3.1029999999999998,0.9900096680631647,True
timestep_embedding,repeat-3,ed7b3a92edc447f1d932b37cc5ffaf8fe02759cf,timestep_embedding__contract_7,1.4400000000000002,1.504,0.9574468085106385,True
timestep_embedding,repeat-3,ed7b3a92edc447f1d932b37cc5ffaf8fe02759cf,timestep_embedding__contract_8,1.504,1.504,1.0,True
timestep_embedding,repeat-3,ed7b3a92edc447f1d932b37cc5ffaf8fe02759cf,timestep_embedding__contract_9,3.104,3.136,0.9897959183673469,True
timestep_embedding,repeat-3,ed7b3a92edc447f1d932b37cc5ffaf8fe02759cf,timestep_embedding__contract_10,14.975,1.504,9.956781914893618,True
timestep_embedding,repeat-3,ed7b3a92edc447f1d932b37cc5ffaf8fe02759cf,timestep_embedding__contract_11,15.008000000000001,1.536,9.770833333333334,True
timestep_embedding,repeat-3,ed7b3a92edc447f1d932b37cc5ffaf8fe02759cf,timestep_embedding__contract_12,16.72,3.104,5.386597938144329,True
timestep_embedding,repeat-3,ed7b3a92edc447f1d932b37cc5ffaf8fe02759cf,timestep_embedding__contract_13,15.328,1.504,10.191489361702128,True
timestep_embedding,repeat-3,ed7b3a92edc447f1d932b37cc5ffaf8fe02759cf,timestep_embedding__contract_14,15.44,1.4400000000000002,10.722222222222221,True
sanawm_qk_inv_rms,repeat-1,eeef3e32fa67177ea2b8fb49ee5777d0d4e1e080,sanawm_qk_inv_rms__native_0,33.8245,29.712500000000002,1.138392932267564,True
sanawm_qk_inv_rms,repeat-1,eeef3e32fa67177ea2b8fb49ee5777d0d4e1e080,sanawm_qk_inv_rms__contract_1,1.216,1.248,0.9743589743589745,True
sanawm_qk_inv_rms,repeat-1,eeef3e32fa67177ea2b8fb49ee5777d0d4e1e080,sanawm_qk_inv_rms__contract_2,1.6800000000000002,1.696,0.9905660377358491,True
sanawm_qk_inv_rms,repeat-1,eeef3e32fa67177ea2b8fb49ee5777d0d4e1e080,sanawm_qk_inv_rms__contract_3,1.888,1.856,1.0172413793103448,True
sanawm_qk_inv_rms,repeat-1,eeef3e32fa67177ea2b8fb49ee5777d0d4e1e080,sanawm_qk_inv_rms__contract_4,2.656,2.592,1.0246913580246912,True
sanawm_qk_inv_rms,repeat-1,eeef3e32fa67177ea2b8fb49ee5777d0d4e1e080,sanawm_qk_inv_rms__contract_5,9.9835,8.959999999999999,1.1142299107142857,True
sanawm_qk_inv_rms,repeat-1,eeef3e32fa67177ea2b8fb49ee5777d0d4e1e080,sanawm_qk_inv_rms__contract_6,1.456,1.4715000000000003,0.9894665307509344,True
sanawm_qk_inv_rms,repeat-1,eeef3e32fa67177ea2b8fb49ee5777d0d4e1e080,sanawm_qk_inv_rms__contract_7,1.504,1.504,1.0,True
sanawm_qk_inv_rms,repeat-2,eeef3e32fa67177ea2b8fb49ee5777d0d4e1e080,sanawm_qk_inv_rms__native_0,33.80800000000001,29.776,1.1354110693175714,True
sanawm_qk_inv_rms,repeat-2,eeef3e32fa67177ea2b8fb49ee5777d0d4e1e080,sanawm_qk_inv_rms__contract_1,1.232,1.248,0.9871794871794872,True
sanawm_qk_inv_rms,repeat-2,eeef3e32fa67177ea2b8fb49ee5777d0d4e1e080,sanawm_qk_inv_rms__contract_2,1.6955,1.696,0.9997051886792453,True
sanawm_qk_inv_rms,repeat-2,eeef3e32fa67177ea2b8fb49ee5777d0d4e1e080,sanawm_qk_inv_rms__contract_3,1.888,1.856,1.0172413793103448,True
sanawm_qk_inv_rms,repeat-2,eeef3e32fa67177ea2b8fb49ee5777d0d4e1e080,sanawm_qk_inv_rms__contract_4,2.656,2.592,1.0246913580246912,True
sanawm_qk_inv_rms,repeat-2,eeef3e32fa67177ea2b8fb49ee5777d0d4e1e080,sanawm_qk_inv_rms__contract_5,9.952,8.959999999999999,1.110714285714286,True
sanawm_qk_inv_rms,repeat-2,eeef3e32fa67177ea2b8fb49ee5777d0d4e1e080,sanawm_qk_inv_rms__contract_6,1.4400000000000002,1.472,0.9782608695652174,True
sanawm_qk_inv_rms,repeat-2,eeef3e32fa67177ea2b8fb49ee5777d0d4e1e080,sanawm_qk_inv_rms__contract_7,1.472,1.536,0.9583333333333333,True
sanawm_qk_inv_rms,repeat-3,eeef3e32fa67177ea2b8fb49ee5777d0d4e1e080,sanawm_qk_inv_rms__native_0,33.792,29.7275,1.1367252543940796,True
sanawm_qk_inv_rms,repeat-3,eeef3e32fa67177ea2b8fb49ee5777d0d4e1e080,sanawm_qk_inv_rms__contract_1,1.216,1.232,0.987012987012987,True
sanawm_qk_inv_rms,repeat-3,eeef3e32fa67177ea2b8fb49ee5777d0d4e1e080,sanawm_qk_inv_rms__contract_2,1.6800000000000002,1.696,0.9905660377358491,True
sanawm_qk_inv_rms,repeat-3,eeef3e32fa67177ea2b8fb49ee5777d0d4e1e080,sanawm_qk_inv_rms__contract_3,1.888,1.856,1.0172413793103448,True
sanawm_qk_inv_rms,repeat-3,eeef3e32fa67177ea2b8fb49ee5777d0d4e1e080,sanawm_qk_inv_rms__contract_4,2.656,2.592,1.0246913580246912,True
sanawm_qk_inv_rms,repeat-3,eeef3e32fa67177ea2b8fb49ee5777d0d4e1e080,sanawm_qk_inv_rms__contract_5,9.984,8.959999999999999,1.1142857142857143,True
sanawm_qk_inv_rms,repeat-3,eeef3e32fa67177ea2b8fb49ee5777d0d4e1e080,sanawm_qk_inv_rms__contract_6,1.4405,1.4715000000000003,0.9789330615018687,True
sanawm_qk_inv_rms,repeat-3,eeef3e32fa67177ea2b8fb49ee5777d0d4e1e080,sanawm_qk_inv_rms__contract_7,1.472,1.536,0.9583333333333333,True
group_limited_topk,repeat-1,6cd9f731771a54df2094dff22b75c1d7f3685d3b,group_limited_topk__native_0,19.6805,19.456,1.0115388569078947,True
group_limited_topk,repeat-1,6cd9f731771a54df2094dff22b75c1d7f3685d3b,group_limited_topk__native_1,20.576,20.352,1.0110062893081762,True
group_limited_topk,repeat-1,6cd9f731771a54df2094dff22b75c1d7f3685d3b,group_limited_topk__native_2,19.712,19.488,1.0114942528735633,True
group_limited_topk,repeat-1,6cd9f731771a54df2094dff22b75c1d7f3685d3b,group_limited_topk__contract_3,2.9450000000000003,2.784,1.057830459770115,True
group_limited_topk,repeat-1,6cd9f731771a54df2094dff22b75c1d7f3685d3b,group_limited_topk__contract_4,1.856,1.696,1.0943396226415094,True
group_limited_topk,repeat-1,6cd9f731771a54df2094dff22b75c1d7f3685d3b,group_limited_topk__contract_5,31.9835,31.711999999999996,1.0085614278506558,True
group_limited_topk,repeat-1,6cd9f731771a54df2094dff22b75c1d7f3685d3b,group_limited_topk__contract_6,5.248,4.96,1.0580645161290323,True
group_limited_topk,repeat-1,6cd9f731771a54df2094dff22b75c1d7f3685d3b,group_limited_topk__contract_7,2.976,2.816,1.0568181818181819,True
group_limited_topk,repeat-2,6cd9f731771a54df2094dff22b75c1d7f3685d3b,group_limited_topk__native_0,19.6805,19.456,1.0115388569078947,True
group_limited_topk,repeat-2,6cd9f731771a54df2094dff22b75c1d7f3685d3b,group_limited_topk__native_1,20.6075,20.352,1.0125540487421385,True
group_limited_topk,repeat-2,6cd9f731771a54df2094dff22b75c1d7f3685d3b,group_limited_topk__native_2,19.712,19.488,1.0114942528735633,True
group_limited_topk,repeat-2,6cd9f731771a54df2094dff22b75c1d7f3685d3b,group_limited_topk__contract_3,2.976,2.784,1.0689655172413792,True
group_limited_topk,repeat-2,6cd9f731771a54df2094dff22b75c1d7f3685d3b,group_limited_topk__contract_4,1.856,1.696,1.0943396226415094,True
group_limited_topk,repeat-2,6cd9f731771a54df2094dff22b75c1d7f3685d3b,group_limited_topk__contract_5,31.999,31.711999999999996,1.0090502018163472,True
group_limited_topk,repeat-2,6cd9f731771a54df2094dff22b75c1d7f3685d3b,group_limited_topk__contract_6,5.248,4.96,1.0580645161290323,True
group_limited_topk,repeat-2,6cd9f731771a54df2094dff22b75c1d7f3685d3b,group_limited_topk__contract_7,2.976,2.816,1.0568181818181819,True
group_limited_topk,repeat-3,6cd9f731771a54df2094dff22b75c1d7f3685d3b,group_limited_topk__native_0,19.68,19.456,1.0115131578947367,True
group_limited_topk,repeat-3,6cd9f731771a54df2094dff22b75c1d7f3685d3b,group_limited_topk__native_1,20.5765,20.352,1.0110308569182391,True
group_limited_topk,repeat-3,6cd9f731771a54df2094dff22b75c1d7f3685d3b,group_limited_topk__native_2,19.712,19.488,1.0114942528735633,True
group_limited_topk,repeat-3,6cd9f731771a54df2094dff22b75c1d7f3685d3b,group_limited_topk__contract_3,2.976,2.784,1.0689655172413792,True
group_limited_topk,repeat-3,6cd9f731771a54df2094dff22b75c1d7f3685d3b,group_limited_topk__contract_4,1.856,1.696,1.0943396226415094,True
group_limited_topk,repeat-3,6cd9f731771a54df2094dff22b75c1d7f3685d3b,group_limited_topk__contract_5,32.128,31.84,1.009045226130653,True
group_limited_topk,repeat-3,6cd9f731771a54df2094dff22b75c1d7f3685d3b,group_limited_topk__contract_6,5.248,4.96,1.0580645161290323,True
group_limited_topk,repeat-3,6cd9f731771a54df2094dff22b75c1d7f3685d3b,group_limited_topk__contract_7,2.975,2.816,1.0564630681818183,True
qwen_qkv_epilogue,repeat-1,6cd9f731771a54df2094dff22b75c1d7f3685d3b,qwen_qkv_epilogue__native_0,47.6,44.5755,1.0678511738511067,True
qwen_qkv_epilogue,repeat-1,6cd9f731771a54df2094dff22b75c1d7f3685d3b,qwen_qkv_epilogue__native_1,47.872,44.1755,1.083677604101821,True
qwen_qkv_epilogue,repeat-1,6cd9f731771a54df2094dff22b75c1d7f3685d3b,qwen_qkv_epilogue__native_2,47.967999999999996,44.591499999999996,1.0757207091037528,True
qwen_qkv_epilogue,repeat-1,6cd9f731771a54df2094dff22b75c1d7f3685d3b,qwen_qkv_epilogue__contract_3,1.952,1.632,1.196078431372549,True
qwen_qkv_epilogue,repeat-1,6cd9f731771a54df2094dff22b75c1d7f3685d3b,qwen_qkv_epilogue__contract_4,1.9200000000000002,1.632,1.1764705882352942,True
qwen_qkv_epilogue,repeat-1,6cd9f731771a54df2094dff22b75c1d7f3685d3b,qwen_qkv_epilogue__contract_5,1.888,1.632,1.156862745098039,True
qwen_qkv_epilogue,repeat-1,6cd9f731771a54df2094dff22b75c1d7f3685d3b,qwen_qkv_epilogue__contract_6,1.936,1.664,1.1634615384615385,True
qwen_qkv_epilogue,repeat-2,6cd9f731771a54df2094dff22b75c1d7f3685d3b,qwen_qkv_epilogue__native_0,47.6645,44.448,1.072365460763139,True
qwen_qkv_epilogue,repeat-2,6cd9f731771a54df2094dff22b75c1d7f3685d3b,qwen_qkv_epilogue__native_1,47.888,44.159499999999994,1.084432568303536,True
qwen_qkv_epilogue,repeat-2,6cd9f731771a54df2094dff22b75c1d7f3685d3b,qwen_qkv_epilogue__native_2,47.984,44.56,1.0768402154398562,True
qwen_qkv_epilogue,repeat-2,6cd9f731771a54df2094dff22b75c1d7f3685d3b,qwen_qkv_epilogue__contract_3,1.952,1.632,1.196078431372549,True
qwen_qkv_epilogue,repeat-2,6cd9f731771a54df2094dff22b75c1d7f3685d3b,qwen_qkv_epilogue__contract_4,1.952,1.616,1.2079207920792079,True
qwen_qkv_epilogue,repeat-2,6cd9f731771a54df2094dff22b75c1d7f3685d3b,qwen_qkv_epilogue__contract_5,1.9200000000000002,1.6,1.2,True
qwen_qkv_epilogue,repeat-2,6cd9f731771a54df2094dff22b75c1d7f3685d3b,qwen_qkv_epilogue__contract_6,1.9200000000000002,1.664,1.153846153846154,True
qwen_qkv_epilogue,repeat-3,6cd9f731771a54df2094dff22b75c1d7f3685d3b,qwen_qkv_epilogue__native_0,47.68,44.527499999999996,1.070798944472517,True
qwen_qkv_epilogue,repeat-3,6cd9f731771a54df2094dff22b75c1d7f3685d3b,qwen_qkv_epilogue__native_1,47.855999999999995,44.240500000000004,1.0817237599032559,True
qwen_qkv_epilogue,repeat-3,6cd9f731771a54df2094dff22b75c1d7f3685d3b,qwen_qkv_epilogue__native_2,48.032000000000004,44.56,1.0779174147217236,True
qwen_qkv_epilogue,repeat-3,6cd9f731771a54df2094dff22b75c1d7f3685d3b,qwen_qkv_epilogue__contract_3,1.936,1.632,1.1862745098039216,True
qwen_qkv_epilogue,repeat-3,6cd9f731771a54df2094dff22b75c1d7f3685d3b,qwen_qkv_epilogue__contract_4,1.9200000000000002,1.632,1.1764705882352942,True
qwen_qkv_epilogue,repeat-3,6cd9f731771a54df2094dff22b75c1d7f3685d3b,qwen_qkv_epilogue__contract_5,1.888,1.6484999999999999,1.1452835911434638,True
qwen_qkv_epilogue,repeat-3,6cd9f731771a54df2094dff22b75c1d7f3685d3b,qwen_qkv_epilogue__contract_6,1.936,1.664,1.1634615384615385,True
ernie_rmsnorm_modulate,repeat-1,61fdfd7b45f13e04bf0bb9dab23c5454649ff280,ernie_rmsnorm_modulate__native_0,31.648000000000003,26.7035,1.1851629936150694,True
ernie_rmsnorm_modulate,repeat-1,61fdfd7b45f13e04bf0bb9dab23c5454649ff280,ernie_rmsnorm_modulate__native_1,63.00699999999999,51.471000000000004,1.2241262069903438,True
ernie_rmsnorm_modulate,repeat-1,61fdfd7b45f13e04bf0bb9dab23c5454649ff280,ernie_rmsnorm_modulate__native_2,28.656000000000002,25.152,1.1393129770992367,True
ernie_rmsnorm_modulate,repeat-1,61fdfd7b45f13e04bf0bb9dab23c5454649ff280,ernie_rmsnorm_modulate__native_3,59.311,48.4315,1.2246368582430855,True
ernie_rmsnorm_modulate,repeat-1,61fdfd7b45f13e04bf0bb9dab23c5454649ff280,ernie_rmsnorm_modulate__native_4,31.711500000000004,26.784,1.1839717741935485,True
ernie_rmsnorm_modulate,repeat-1,61fdfd7b45f13e04bf0bb9dab23c5454649ff280,ernie_rmsnorm_modulate__native_5,63.2315,51.647,1.2243015083160687,True
ernie_rmsnorm_modulate,repeat-1,61fdfd7b45f13e04bf0bb9dab23c5454649ff280,ernie_rmsnorm_modulate__contract_6,4.9445,4.4159999999999995,1.1196784420289856,True
ernie_rmsnorm_modulate,repeat-1,61fdfd7b45f13e04bf0bb9dab23c5454649ff280,ernie_rmsnorm_modulate__contract_7,4.4795,4.3035,1.040896944347624,True
ernie_rmsnorm_modulate,repeat-1,61fdfd7b45f13e04bf0bb9dab23c5454649ff280,ernie_rmsnorm_modulate__contract_8,7.984,6.976000000000001,1.1444954128440366,True
ernie_rmsnorm_modulate,repeat-1,61fdfd7b45f13e04bf0bb9dab23c5454649ff280,ernie_rmsnorm_modulate__contract_9,16.416,15.488,1.0599173553719008,True
ernie_rmsnorm_modulate,repeat-1,61fdfd7b45f13e04bf0bb9dab23c5454649ff280,ernie_rmsnorm_modulate__contract_10,14.88,15.2,0.9789473684210527,True
ernie_rmsnorm_modulate,repeat-1,61fdfd7b45f13e04bf0bb9dab23c5454649ff280,ernie_rmsnorm_modulate__contract_11,10.336,8.432,1.2258064516129032,True
ernie_rmsnorm_modulate,repeat-1,61fdfd7b45f13e04bf0bb9dab23c5454649ff280,ernie_rmsnorm_modulate__contract_12,9.92,8.16,1.2156862745098038,True
ernie_rmsnorm_modulate,repeat-1,61fdfd7b45f13e04bf0bb9dab23c5454649ff280,ernie_rmsnorm_modulate__contract_13,12.208,9.7275,1.2549987149832948,True
ernie_rmsnorm_modulate,repeat-1,61fdfd7b45f13e04bf0bb9dab23c5454649ff280,ernie_rmsnorm_modulate__contract_14,33.9195,26.303,1.2895677299167394,True
ernie_rmsnorm_modulate,repeat-1,61fdfd7b45f13e04bf0bb9dab23c5454649ff280,ernie_rmsnorm_modulate__contract_15,34.959,26.3195,1.328254716085032,True
ernie_rmsnorm_modulate,repeat-2,61fdfd7b45f13e04bf0bb9dab23c5454649ff280,ernie_rmsnorm_modulate__native_0,31.743000000000002,26.783,1.1851920994660792,True
ernie_rmsnorm_modulate,repeat-2,61fdfd7b45f13e04bf0bb9dab23c5454649ff280,ernie_rmsnorm_modulate__native_1,62.687000000000005,51.407000000000004,1.219425370085786,True
ernie_rmsnorm_modulate,repeat-2,61fdfd7b45f13e04bf0bb9dab23c5454649ff280,ernie_rmsnorm_modulate__native_2,28.5915,25.215999999999998,1.1338634200507614,True
ernie_rmsnorm_modulate,repeat-2,61fdfd7b45f13e04bf0bb9dab23c5454649ff280,ernie_rmsnorm_modulate__native_3,59.231,48.383500000000005,1.2241983320760175,True
ernie_rmsnorm_modulate,repeat-2,61fdfd7b45f13e04bf0bb9dab23c5454649ff280,ernie_rmsnorm_modulate__native_4,31.775499999999997,26.832,1.184238968395945,True
ernie_rmsnorm_modulate,repeat-2,61fdfd7b45f13e04bf0bb9dab23c5454649ff280,ernie_rmsnorm_modulate__native_5,63.279,51.663000000000004,1.2248417629638233,True
ernie_rmsnorm_modulate,repeat-2,61fdfd7b45f13e04bf0bb9dab23c5454649ff280,ernie_rmsnorm_modulate__contract_6,4.992,4.4639999999999995,1.1182795698924732,True
ernie_rmsnorm_modulate,repeat-2,61fdfd7b45f13e04bf0bb9dab23c5454649ff280,ernie_rmsnorm_modulate__contract_7,4.463500000000001,4.32,1.0332175925925926,True
ernie_rmsnorm_modulate,repeat-2,61fdfd7b45f13e04bf0bb9dab23c5454649ff280,ernie_rmsnorm_modulate__contract_8,7.967999999999999,7.008,1.136986301369863,True
ernie_rmsnorm_modulate,repeat-2,61fdfd7b45f13e04bf0bb9dab23c5454649ff280,ernie_rmsnorm_modulate__contract_9,16.448,15.488,1.0619834710743803,True
ernie_rmsnorm_modulate,repeat-2,61fdfd7b45f13e04bf0bb9dab23c5454649ff280,ernie_rmsnorm_modulate__contract_10,14.848,15.2,0.976842105263158,True
ernie_rmsnorm_modulate,repeat-2,61fdfd7b45f13e04bf0bb9dab23c5454649ff280,ernie_rmsnorm_modulate__contract_11,10.4,8.4,1.238095238095238,True
ernie_rmsnorm_modulate,repeat-2,61fdfd7b45f13e04bf0bb9dab23c5454649ff280,ernie_rmsnorm_modulate__contract_12,9.888,8.175999999999998,1.2093933463796478,True
ernie_rmsnorm_modulate,repeat-2,61fdfd7b45f13e04bf0bb9dab23c5454649ff280,ernie_rmsnorm_modulate__contract_13,12.192,9.792,1.2450980392156863,True
ernie_rmsnorm_modulate,repeat-2,61fdfd7b45f13e04bf0bb9dab23c5454649ff280,ernie_rmsnorm_modulate__contract_14,33.935,26.335499999999996,1.2885648649161778,True
ernie_rmsnorm_modulate,repeat-2,61fdfd7b45f13e04bf0bb9dab23c5454649ff280,ernie_rmsnorm_modulate__contract_15,34.944,26.367500000000003,1.325267848677349,True
ernie_rmsnorm_modulate,repeat-3,61fdfd7b45f13e04bf0bb9dab23c5454649ff280,ernie_rmsnorm_modulate__native_0,31.743000000000002,26.816,1.1837335918854415,True
ernie_rmsnorm_modulate,repeat-3,61fdfd7b45f13e04bf0bb9dab23c5454649ff280,ernie_rmsnorm_modulate__native_1,63.007000000000005,51.519999999999996,1.2229619565217393,True
ernie_rmsnorm_modulate,repeat-3,61fdfd7b45f13e04bf0bb9dab23c5454649ff280,ernie_rmsnorm_modulate__native_2,28.608,25.152,1.1374045801526718,True
ernie_rmsnorm_modulate,repeat-3,61fdfd7b45f13e04bf0bb9dab23c5454649ff280,ernie_rmsnorm_modulate__native_3,59.00750000000001,48.383500000000005,1.2195789887048272,True
ernie_rmsnorm_modulate,repeat-3,61fdfd7b45f13e04bf0bb9dab23c5454649ff280,ernie_rmsnorm_modulate__native_4,31.792,26.784,1.1869772998805257,True
ernie_rmsnorm_modulate,repeat-3,61fdfd7b45f13e04bf0bb9dab23c5454649ff280,ernie_rmsnorm_modulate__native_5,63.31100000000001,51.6635,1.2254493017313965,True
ernie_rmsnorm_modulate,repeat-3,61fdfd7b45f13e04bf0bb9dab23c5454649ff280,ernie_rmsnorm_modulate__contract_6,5.008,4.4159999999999995,1.134057971014493,True
ernie_rmsnorm_modulate,repeat-3,61fdfd7b45f13e04bf0bb9dab23c5454649ff280,ernie_rmsnorm_modulate__contract_7,4.4479999999999995,4.32,1.0296296296296295,True
ernie_rmsnorm_modulate,repeat-3,61fdfd7b45f13e04bf0bb9dab23c5454649ff280,ernie_rmsnorm_modulate__contract_8,7.952000000000001,6.976000000000001,1.139908256880734,True
ernie_rmsnorm_modulate,repeat-3,61fdfd7b45f13e04bf0bb9dab23c5454649ff280,ernie_rmsnorm_modulate__contract_9,16.431500000000003,15.488,1.0609181301652895,True
ernie_rmsnorm_modulate,repeat-3,61fdfd7b45f13e04bf0bb9dab23c5454649ff280,ernie_rmsnorm_modulate__contract_10,14.879,15.2,0.9788815789473684,True
ernie_rmsnorm_modulate,repeat-3,61fdfd7b45f13e04bf0bb9dab23c5454649ff280,ernie_rmsnorm_modulate__contract_11,10.319999999999999,8.4475,1.2216632139686296,True
ernie_rmsnorm_modulate,repeat-3,61fdfd7b45f13e04bf0bb9dab23c5454649ff280,ernie_rmsnorm_modulate__contract_12,9.888,8.144,1.2141453831041256,True
ernie_rmsnorm_modulate,repeat-3,61fdfd7b45f13e04bf0bb9dab23c5454649ff280,ernie_rmsnorm_modulate__contract_13,12.2235,9.7275,1.256592135697764,True
ernie_rmsnorm_modulate,repeat-3,61fdfd7b45f13e04bf0bb9dab23c5454649ff280,ernie_rmsnorm_modulate__contract_14,33.903000000000006,26.288,1.289675897748022,True
ernie_rmsnorm_modulate,repeat-3,61fdfd7b45f13e04bf0bb9dab23c5454649ff280,ernie_rmsnorm_modulate__contract_15,34.799,26.3835,1.3189682945780505,True
wan_norm_silu_post,repeat-1,6bb4fa5d629f43908ce6abfd3ee8115a0a5d9c2d,wan_norm_silu_post__native_0,10.560500000000001,9.696,1.0891604785478548,True
wan_norm_silu_post,repeat-1,6bb4fa5d629f43908ce6abfd3ee8115a0a5d9c2d,wan_norm_silu_post__native_1,11.776,10.208,1.1536050156739812,True
wan_norm_silu_post,repeat-1,6bb4fa5d629f43908ce6abfd3ee8115a0a5d9c2d,wan_norm_silu_post__native_2,21.583499999999997,18.512,1.1659194036300777,True
wan_norm_silu_post,repeat-1,6bb4fa5d629f43908ce6abfd3ee8115a0a5d9c2d,wan_norm_silu_post__native_3,35.872,31.104,1.1532921810699588,True
wan_norm_silu_post,repeat-1,6bb4fa5d629f43908ce6abfd3ee8115a0a5d9c2d,wan_norm_silu_post__native_4,79.456,62.6565,1.2681206259526145,True
wan_norm_silu_post,repeat-1,6bb4fa5d629f43908ce6abfd3ee8115a0a5d9c2d,wan_norm_silu_post__native_5,70.784,58.464,1.210727969348659,True
wan_norm_silu_post,repeat-1,6bb4fa5d629f43908ce6abfd3ee8115a0a5d9c2d,wan_norm_silu_post__native_6,151.5995,117.76,1.2873598845108696,True
wan_norm_silu_post,repeat-1,6bb4fa5d629f43908ce6abfd3ee8115a0a5d9c2d,wan_norm_silu_post__native_7,139.3915,113.63199999999999,1.2266923049845115,True
wan_norm_silu_post,repeat-1,6bb4fa5d629f43908ce6abfd3ee8115a0a5d9c2d,wan_norm_silu_post__native_8,69.9355,58.352000000000004,1.1985107622703592,True
wan_norm_silu_post,repeat-1,6bb4fa5d629f43908ce6abfd3ee8115a0a5d9c2d,wan_norm_silu_post__native_9,277.3275,220.688,1.2566496592474443,True
wan_norm_silu_post,repeat-1,6bb4fa5d629f43908ce6abfd3ee8115a0a5d9c2d,wan_norm_silu_post__native_10,553.3435,434.2235,1.2743287730857495,True
wan_norm_silu_post,repeat-1,6bb4fa5d629f43908ce6abfd3ee8115a0a5d9c2d,wan_norm_silu_post__contract_11,2.464,1.9200000000000002,1.2833333333333332,True
wan_norm_silu_post,repeat-1,6bb4fa5d629f43908ce6abfd3ee8115a0a5d9c2d,wan_norm_silu_post__contract_12,2.592,1.952,1.3278688524590165,True
wan_norm_silu_post,repeat-1,6bb4fa5d629f43908ce6abfd3ee8115a0a5d9c2d,wan_norm_silu_post__contract_13,2.4165,2.3040000000000003,1.048828125,True
wan_norm_silu_post,repeat-1,6bb4fa5d629f43908ce6abfd3ee8115a0a5d9c2d,wan_norm_silu_post__contract_14,2.2554999999999996,2.4,0.9397916666666666,True
wan_norm_silu_post,repeat-1,6bb4fa5d629f43908ce6abfd3ee8115a0a5d9c2d,wan_norm_silu_post__contract_15,2.56,1.984,1.2903225806451613,True
wan_norm_silu_post,repeat-1,6bb4fa5d629f43908ce6abfd3ee8115a0a5d9c2d,wan_norm_silu_post__contract_16,2.592,2.176,1.1911764705882353,True
wan_norm_silu_post,repeat-1,6bb4fa5d629f43908ce6abfd3ee8115a0a5d9c2d,wan_norm_silu_post__contract_17,2.0170000000000003,2.112,0.9550189393939393,True
wan_norm_silu_post,repeat-1,6bb4fa5d629f43908ce6abfd3ee8115a0a5d9c2d,wan_norm_silu_post__contract_18,1.856,1.9044999999999999,0.9745339984247834,True
wan_norm_silu_post,repeat-2,6bb4fa5d629f43908ce6abfd3ee8115a0a5d9c2d,wan_norm_silu_post__native_0,10.607999999999999,9.728,1.0904605263157894,True
wan_norm_silu_post,repeat-2,6bb4fa5d629f43908ce6abfd3ee8115a0a5d9c2d,wan_norm_silu_post__native_1,11.824000000000002,10.272,1.151090342679128,True
wan_norm_silu_post,repeat-2,6bb4fa5d629f43908ce6abfd3ee8115a0a5d9c2d,wan_norm_silu_post__native_2,21.631999999999998,18.56,1.1655172413793102,True
wan_norm_silu_post,repeat-2,6bb4fa5d629f43908ce6abfd3ee8115a0a5d9c2d,wan_norm_silu_post__native_3,35.936,31.2,1.1517948717948718,True
wan_norm_silu_post,repeat-2,6bb4fa5d629f43908ce6abfd3ee8115a0a5d9c2d,wan_norm_silu_post__native_4,79.712,62.89600000000001,1.2673619944034595,True
wan_norm_silu_post,repeat-2,6bb4fa5d629f43908ce6abfd3ee8115a0a5d9c2d,wan_norm_silu_post__native_5,70.816,58.592000000000006,1.2086291643910432,True
wan_norm_silu_post,repeat-2,6bb4fa5d629f43908ce6abfd3ee8115a0a5d9c2d,wan_norm_silu_post__native_6,151.61550000000003,117.8235,1.2868018688971217,True
wan_norm_silu_post,repeat-2,6bb4fa5d629f43908ce6abfd3ee8115a0a5d9c2d,wan_norm_silu_post__native_7,139.35999999999999,113.5835,1.2269387719166955,True
wan_norm_silu_post,repeat-2,6bb4fa5d629f43908ce6abfd3ee8115a0a5d9c2d,wan_norm_silu_post__native_8,69.84000000000002,58.383500000000005,1.1962283864448005,True
wan_norm_silu_post,repeat-2,6bb4fa5d629f43908ce6abfd3ee8115a0a5d9c2d,wan_norm_silu_post__native_9,277.312,221.56749999999997,1.2515915014611803,True
wan_norm_silu_post,repeat-2,6bb4fa5d629f43908ce6abfd3ee8115a0a5d9c2d,wan_norm_silu_post__native_10,553.376,434.928,1.272339329728139,True
wan_norm_silu_post,repeat-2,6bb4fa5d629f43908ce6abfd3ee8115a0a5d9c2d,wan_norm_silu_post__contract_11,2.4805,1.9200000000000002,1.2919270833333334,True
wan_norm_silu_post,repeat-2,6bb4fa5d629f43908ce6abfd3ee8115a0a5d9c2d,wan_norm_silu_post__contract_12,2.592,1.952,1.3278688524590165,True
wan_norm_silu_post,repeat-2,6bb4fa5d629f43908ce6abfd3ee8115a0a5d9c2d,wan_norm_silu_post__contract_13,2.4,2.3040000000000003,1.0416666666666665,True
wan_norm_silu_post,repeat-2,6bb4fa5d629f43908ce6abfd3ee8115a0a5d9c2d,wan_norm_silu_post__contract_14,2.2720000000000002,2.4,0.9466666666666668,True
wan_norm_silu_post,repeat-2,6bb4fa5d629f43908ce6abfd3ee8115a0a5d9c2d,wan_norm_silu_post__contract_15,2.56,1.984,1.2903225806451613,True
wan_norm_silu_post,repeat-2,6bb4fa5d629f43908ce6abfd3ee8115a0a5d9c2d,wan_norm_silu_post__contract_16,2.592,2.176,1.1911764705882353,True
wan_norm_silu_post,repeat-2,6bb4fa5d629f43908ce6abfd3ee8115a0a5d9c2d,wan_norm_silu_post__contract_17,2.032,2.112,0.962121212121212,True
wan_norm_silu_post,repeat-2,6bb4fa5d629f43908ce6abfd3ee8115a0a5d9c2d,wan_norm_silu_post__contract_18,1.856,1.9200000000000002,0.9666666666666667,True
wan_norm_silu_post,repeat-3,6bb4fa5d629f43908ce6abfd3ee8115a0a5d9c2d,wan_norm_silu_post__native_0,10.624,9.728,1.0921052631578947,True
wan_norm_silu_post,repeat-3,6bb4fa5d629f43908ce6abfd3ee8115a0a5d9c2d,wan_norm_silu_post__native_1,11.824000000000002,10.255500000000001,1.1529423236312224,True
wan_norm_silu_post,repeat-3,6bb4fa5d629f43908ce6abfd3ee8115a0a5d9c2d,wan_norm_silu_post__native_2,21.631999999999998,18.608,1.1625107480653483,True
wan_norm_silu_post,repeat-3,6bb4fa5d629f43908ce6abfd3ee8115a0a5d9c2d,wan_norm_silu_post__native_3,35.952,31.28,1.1493606138107415,True
wan_norm_silu_post,repeat-3,6bb4fa5d629f43908ce6abfd3ee8115a0a5d9c2d,wan_norm_silu_post__native_4,79.61550000000001,62.944,1.2648624173868837,True
wan_norm_silu_post,repeat-3,6bb4fa5d629f43908ce6abfd3ee8115a0a5d9c2d,wan_norm_silu_post__native_5,70.92750000000001,58.656,1.2092113338788872,True
wan_norm_silu_post,repeat-3,6bb4fa5d629f43908ce6abfd3ee8115a0a5d9c2d,wan_norm_silu_post__native_6,151.66400000000002,117.536,1.290362101824122,True
wan_norm_silu_post,repeat-3,6bb4fa5d629f43908ce6abfd3ee8115a0a5d9c2d,wan_norm_silu_post__native_7,139.40800000000002,113.584,1.2273559656289619,True
wan_norm_silu_post,repeat-3,6bb4fa5d629f43908ce6abfd3ee8115a0a5d9c2d,wan_norm_silu_post__native_8,69.93599999999999,58.336,1.1988480526604497,True
wan_norm_silu_post,repeat-3,6bb4fa5d629f43908ce6abfd3ee8115a0a5d9c2d,wan_norm_silu_post__native_9,277.215,220.51150000000004,1.257145318951619,True
wan_norm_silu_post,repeat-3,6bb4fa5d629f43908ce6abfd3ee8115a0a5d9c2d,wan_norm_silu_post__native_10,553.3595,435.42400000000004,1.2708520889983097,True
wan_norm_silu_post,repeat-3,6bb4fa5d629f43908ce6abfd3ee8115a0a5d9c2d,wan_norm_silu_post__contract_11,2.464,1.9200000000000002,1.2833333333333332,True
wan_norm_silu_post,repeat-3,6bb4fa5d629f43908ce6abfd3ee8115a0a5d9c2d,wan_norm_silu_post__contract_12,2.5915,1.9200000000000002,1.3497395833333334,True
wan_norm_silu_post,repeat-3,6bb4fa5d629f43908ce6abfd3ee8115a0a5d9c2d,wan_norm_silu_post__contract_13,2.4,2.3040000000000003,1.0416666666666665,True
wan_norm_silu_post,repeat-3,6bb4fa5d629f43908ce6abfd3ee8115a0a5d9c2d,wan_norm_silu_post__contract_14,2.2405,2.4155,0.9275512316290622,True
wan_norm_silu_post,repeat-3,6bb4fa5d629f43908ce6abfd3ee8115a0a5d9c2d,wan_norm_silu_post__contract_15,2.56,2.016,1.26984126984127,True
wan_norm_silu_post,repeat-3,6bb4fa5d629f43908ce6abfd3ee8115a0a5d9c2d,wan_norm_silu_post__contract_16,2.592,2.176,1.1911764705882353,True
wan_norm_silu_post,repeat-3,6bb4fa5d629f43908ce6abfd3ee8115a0a5d9c2d,wan_norm_silu_post__contract_17,2.0165,2.112,0.9547821969696969,True
wan_norm_silu_post,repeat-3,6bb4fa5d629f43908ce6abfd3ee8115a0a5d9c2d,wan_norm_silu_post__contract_18,1.856,1.9044999999999999,0.9745339984247834,True
causal_conv3d_cat_pad,repeat-1,a7289517d6092002d8ad041323c9def0fd129300,causal_conv3d_cat_pad__native_0,16.351999999999997,16.32,1.0019607843137253,True
causal_conv3d_cat_pad,repeat-1,a7289517d6092002d8ad041323c9def0fd129300,causal_conv3d_cat_pad__native_1,16.351999999999997,16.3675,0.9990530013746753,True
causal_conv3d_cat_pad,repeat-1,a7289517d6092002d8ad041323c9def0fd129300,causal_conv3d_cat_pad__native_2,73.551,50.5275,1.4556627579041117,True
causal_conv3d_cat_pad,repeat-1,a7289517d6092002d8ad041323c9def0fd129300,causal_conv3d_cat_pad__native_3,73.423,50.5275,1.4531294839443867,True
causal_conv3d_cat_pad,repeat-1,a7289517d6092002d8ad041323c9def0fd129300,causal_conv3d_cat_pad__native_4,214.077,148.157,1.4449334152284399,True
causal_conv3d_cat_pad,repeat-1,a7289517d6092002d8ad041323c9def0fd129300,causal_conv3d_cat_pad__native_5,420.074,286.971,1.4638203860320382,True
causal_conv3d_cat_pad,repeat-1,a7289517d6092002d8ad041323c9def0fd129300,causal_conv3d_cat_pad__native_6,17.728,17.696,1.0018083182640145,True
causal_conv3d_cat_pad,repeat-1,a7289517d6092002d8ad041323c9def0fd129300,causal_conv3d_cat_pad__native_7,17.711499999999997,17.728,0.9990692689530685,True
causal_conv3d_cat_pad,repeat-1,a7289517d6092002d8ad041323c9def0fd129300,causal_conv3d_cat_pad__native_8,78.55850000000001,57.407,1.368448098663926,True
causal_conv3d_cat_pad,repeat-1,a7289517d6092002d8ad041323c9def0fd129300,causal_conv3d_cat_pad__native_9,223.645,160.1095,1.3968252976868958,True
causal_conv3d_cat_pad,repeat-1,a7289517d6092002d8ad041323c9def0fd129300,causal_conv3d_cat_pad__native_10,436.2015,305.724,1.426781999450485,True
causal_conv3d_cat_pad,repeat-1,a7289517d6092002d8ad041323c9def0fd129300,causal_conv3d_cat_pad__contract_11,2.2079999999999997,2.2075000000000005,1.0002265005662512,True
causal_conv3d_cat_pad,repeat-1,a7289517d6092002d8ad041323c9def0fd129300,causal_conv3d_cat_pad__contract_12,2.176,2.176,1.0,True
causal_conv3d_cat_pad,repeat-1,a7289517d6092002d8ad041323c9def0fd129300,causal_conv3d_cat_pad__contract_13,2.2079999999999997,2.1915,1.0075290896646132,True
causal_conv3d_cat_pad,repeat-1,a7289517d6092002d8ad041323c9def0fd129300,causal_conv3d_cat_pad__contract_14,2.176,2.176,1.0,True
causal_conv3d_cat_pad,repeat-1,a7289517d6092002d8ad041323c9def0fd129300,causal_conv3d_cat_pad__contract_15,2.0315000000000003,2.016,1.0076884920634923,True
causal_conv3d_cat_pad,repeat-1,a7289517d6092002d8ad041323c9def0fd129300,causal_conv3d_cat_pad__contract_16,2.016,2.047,0.9848558866634097,True
causal_conv3d_cat_pad,repeat-2,a7289517d6092002d8ad041323c9def0fd129300,causal_conv3d_cat_pad__native_0,16.288,16.288,1.0,True
causal_conv3d_cat_pad,repeat-2,a7289517d6092002d8ad041323c9def0fd129300,causal_conv3d_cat_pad__native_1,16.288,16.3195,0.9980697938049572,True
causal_conv3d_cat_pad,repeat-2,a7289517d6092002d8ad041323c9def0fd129300,causal_conv3d_cat_pad__native_2,73.43900000000001,50.511,1.453920928114668,True
causal_conv3d_cat_pad,repeat-2,a7289517d6092002d8ad041323c9def0fd129300,causal_conv3d_cat_pad__native_3,73.566,50.590999999999994,1.4541321578936968,True
causal_conv3d_cat_pad,repeat-2,a7289517d6092002d8ad041323c9def0fd129300,causal_conv3d_cat_pad__native_4,214.0925,148.1415,1.4451892278666003,True
causal_conv3d_cat_pad,repeat-2,a7289517d6092002d8ad041323c9def0fd129300,causal_conv3d_cat_pad__native_5,419.482,287.05150000000003,1.461347528230997,True
causal_conv3d_cat_pad,repeat-2,a7289517d6092002d8ad041323c9def0fd129300,causal_conv3d_cat_pad__native_6,17.76,17.728,1.0018050541516246,True
causal_conv3d_cat_pad,repeat-2,a7289517d6092002d8ad041323c9def0fd129300,causal_conv3d_cat_pad__native_7,17.728,17.728,1.0,True
causal_conv3d_cat_pad,repeat-2,a7289517d6092002d8ad041323c9def0fd129300,causal_conv3d_cat_pad__native_8,78.591,57.327000000000005,1.370924695169815,True
causal_conv3d_cat_pad,repeat-2,a7289517d6092002d8ad041323c9def0fd129300,causal_conv3d_cat_pad__native_9,223.48499999999999,160.013,1.3966677707436268,True
causal_conv3d_cat_pad,repeat-2,a7289517d6092002d8ad041323c9def0fd129300,causal_conv3d_cat_pad__native_10,436.522,305.70799999999997,1.4279050597302,True
causal_conv3d_cat_pad,repeat-2,a7289517d6092002d8ad041323c9def0fd129300,causal_conv3d_cat_pad__contract_11,2.2079999999999997,2.2070000000000003,1.0004531037607611,True
causal_conv3d_cat_pad,repeat-2,a7289517d6092002d8ad041323c9def0fd129300,causal_conv3d_cat_pad__contract_12,2.176,2.176,1.0,True
causal_conv3d_cat_pad,repeat-2,a7289517d6092002d8ad041323c9def0fd129300,causal_conv3d_cat_pad__contract_13,2.2079999999999997,2.2079999999999997,1.0,True
causal_conv3d_cat_pad,repeat-2,a7289517d6092002d8ad041323c9def0fd129300,causal_conv3d_cat_pad__contract_14,2.176,2.176,1.0,True
causal_conv3d_cat_pad,repeat-2,a7289517d6092002d8ad041323c9def0fd129300,causal_conv3d_cat_pad__contract_15,2.016,1.984,1.0161290322580645,True
causal_conv3d_cat_pad,repeat-2,a7289517d6092002d8ad041323c9def0fd129300,causal_conv3d_cat_pad__contract_16,2.047,2.048,0.9995117187500001,True
causal_conv3d_cat_pad,repeat-3,a7289517d6092002d8ad041323c9def0fd129300,causal_conv3d_cat_pad__native_0,16.288,16.2875,1.0000306983883347,True
causal_conv3d_cat_pad,repeat-3,a7289517d6092002d8ad041323c9def0fd129300,causal_conv3d_cat_pad__native_1,16.288,16.351999999999997,0.9960861056751469,True
causal_conv3d_cat_pad,repeat-3,a7289517d6092002d8ad041323c9def0fd129300,causal_conv3d_cat_pad__native_2,73.535,50.623000000000005,1.4526005965667779,True
causal_conv3d_cat_pad,repeat-3,a7289517d6092002d8ad041323c9def0fd129300,causal_conv3d_cat_pad__native_3,73.47049999999999,50.447500000000005,1.4563754398136675,True
causal_conv3d_cat_pad,repeat-3,a7289517d6092002d8ad041323c9def0fd129300,causal_conv3d_cat_pad__native_4,214.04500000000002,148.142,1.4448637118440417,True
causal_conv3d_cat_pad,repeat-3,a7289517d6092002d8ad041323c9def0fd129300,causal_conv3d_cat_pad__native_5,419.77,287.0035,1.462595403888803,True
causal_conv3d_cat_pad,repeat-3,a7289517d6092002d8ad041323c9def0fd129300,causal_conv3d_cat_pad__native_6,17.728,17.696,1.0018083182640145,True
causal_conv3d_cat_pad,repeat-3,a7289517d6092002d8ad041323c9def0fd129300,causal_conv3d_cat_pad__native_7,17.791,17.728,1.0035537003610109,True
causal_conv3d_cat_pad,repeat-3,a7289517d6092002d8ad041323c9def0fd129300,causal_conv3d_cat_pad__native_8,78.591,57.343500000000006,1.370530225744853,True
causal_conv3d_cat_pad,repeat-3,a7289517d6092002d8ad041323c9def0fd129300,causal_conv3d_cat_pad__native_9,223.58,160.1255,1.3962797930373365,True
causal_conv3d_cat_pad,repeat-3,a7289517d6092002d8ad041323c9def0fd129300,causal_conv3d_cat_pad__native_10,436.3935,305.66,1.4277088922332,True
causal_conv3d_cat_pad,repeat-3,a7289517d6092002d8ad041323c9def0fd129300,causal_conv3d_cat_pad__contract_11,2.2079999999999997,2.2079999999999997,1.0,True
causal_conv3d_cat_pad,repeat-3,a7289517d6092002d8ad041323c9def0fd129300,causal_conv3d_cat_pad__contract_12,2.176,2.176,1.0,True
causal_conv3d_cat_pad,repeat-3,a7289517d6092002d8ad041323c9def0fd129300,causal_conv3d_cat_pad__contract_13,2.2079999999999997,2.1915,1.0075290896646132,True
causal_conv3d_cat_pad,repeat-3,a7289517d6092002d8ad041323c9def0fd129300,causal_conv3d_cat_pad__contract_14,2.176,2.176,1.0,True
causal_conv3d_cat_pad,repeat-3,a7289517d6092002d8ad041323c9def0fd129300,causal_conv3d_cat_pad__contract_15,2.0315000000000003,1.9845000000000002,1.0236835474930714,True
causal_conv3d_cat_pad,repeat-3,a7289517d6092002d8ad041323c9def0fd129300,causal_conv3d_cat_pad__contract_16,2.048,2.048,1.0,True
norm_infer,repeat-1,7d5cde801bc8a1c093542d527399be384d1ce84c,norm_infer__native_0,11.2,8.48,1.320754716981132,True
norm_infer,repeat-1,7d5cde801bc8a1c093542d527399be384d1ce84c,norm_infer__native_1,26.000000000000004,24.639999999999997,1.0551948051948052,True
norm_infer,repeat-1,7d5cde801bc8a1c093542d527399be384d1ce84c,norm_infer__native_2,88.544,87.952,1.0067309441513552,True
norm_infer,repeat-1,7d5cde801bc8a1c093542d527399be384d1ce84c,norm_infer__contract_3,1.856,1.664,1.1153846153846154,True
norm_infer,repeat-1,7d5cde801bc8a1c093542d527399be384d1ce84c,norm_infer__contract_4,1.696,1.52,1.1157894736842104,True
norm_infer,repeat-1,7d5cde801bc8a1c093542d527399be384d1ce84c,norm_infer__contract_5,1.216,1.184,1.0270270270270272,True
norm_infer,repeat-2,7d5cde801bc8a1c093542d527399be384d1ce84c,norm_infer__native_0,11.216000000000001,8.48,1.3226415094339623,True
norm_infer,repeat-2,7d5cde801bc8a1c093542d527399be384d1ce84c,norm_infer__native_1,25.984,24.656499999999998,1.0538397582787502,True
norm_infer,repeat-2,7d5cde801bc8a1c093542d527399be384d1ce84c,norm_infer__native_2,88.608,87.936,1.00764192139738,True
norm_infer,repeat-2,7d5cde801bc8a1c093542d527399be384d1ce84c,norm_infer__contract_3,1.856,1.664,1.1153846153846154,True
norm_infer,repeat-2,7d5cde801bc8a1c093542d527399be384d1ce84c,norm_infer__contract_4,1.712,1.52,1.1263157894736842,True
norm_infer,repeat-2,7d5cde801bc8a1c093542d527399be384d1ce84c,norm_infer__contract_5,1.2325000000000002,1.2155,1.013986013986014,True
norm_infer,repeat-3,7d5cde801bc8a1c093542d527399be384d1ce84c,norm_infer__native_0,11.216000000000001,8.48,1.3226415094339623,True
norm_infer,repeat-3,7d5cde801bc8a1c093542d527399be384d1ce84c,norm_infer__native_1,26.0475,24.639999999999997,1.057122564935065,True
norm_infer,repeat-3,7d5cde801bc8a1c093542d527399be384d1ce84c,norm_infer__native_2,88.4955,87.904,1.0067289315617038,True
norm_infer,repeat-3,7d5cde801bc8a1c093542d527399be384d1ce84c,norm_infer__contract_3,1.8245000000000002,1.664,1.096454326923077,True
norm_infer,repeat-3,7d5cde801bc8a1c093542d527399be384d1ce84c,norm_infer__contract_4,1.7274999999999998,1.536,1.1246744791666665,True
norm_infer,repeat-3,7d5cde801bc8a1c093542d527399be384d1ce84c,norm_infer__contract_5,1.2474999999999998,1.184,1.0536317567567568,True
helios_qk_rope,repeat-1,1e94dde68055c8f5e1b2258d39cefad57f6adbc4,helios_qk_rope__native_0,39.904,31.264,1.2763561924257933,True
helios_qk_rope,repeat-1,1e94dde68055c8f5e1b2258d39cefad57f6adbc4,helios_qk_rope__native_1,61.55199999999999,47.184000000000005,1.3045100033909798,True
helios_qk_rope,repeat-1,1e94dde68055c8f5e1b2258d39cefad57f6adbc4,helios_qk_rope__native_2,145.6155,111.648,1.3042374247635427,True
helios_qk_rope,repeat-1,1e94dde68055c8f5e1b2258d39cefad57f6adbc4,helios_qk_rope__contract_3,1.3110000000000002,1.3439999999999999,0.9754464285714287,True
helios_qk_rope,repeat-1,1e94dde68055c8f5e1b2258d39cefad57f6adbc4,helios_qk_rope__contract_4,1.4234999999999998,1.3760000000000001,1.0345203488372092,True
helios_qk_rope,repeat-1,1e94dde68055c8f5e1b2258d39cefad57f6adbc4,helios_qk_rope__contract_5,1.4400000000000002,1.4400000000000002,1.0,True
helios_qk_rope,repeat-2,1e94dde68055c8f5e1b2258d39cefad57f6adbc4,helios_qk_rope__native_0,39.872,31.12,1.2812339331619536,True
helios_qk_rope,repeat-2,1e94dde68055c8f5e1b2258d39cefad57f6adbc4,helios_qk_rope__native_1,61.440000000000005,47.232000000000006,1.3008130081300813,True
helios_qk_rope,repeat-2,1e94dde68055c8f5e1b2258d39cefad57f6adbc4,helios_qk_rope__native_2,145.535,111.5835,1.304269896534882,True
helios_qk_rope,repeat-2,1e94dde68055c8f5e1b2258d39cefad57f6adbc4,helios_qk_rope__contract_3,1.312,1.3760000000000001,0.9534883720930233,True
helios_qk_rope,repeat-2,1e94dde68055c8f5e1b2258d39cefad57f6adbc4,helios_qk_rope__contract_4,1.4400000000000002,1.3760000000000001,1.0465116279069768,True
helios_qk_rope,repeat-2,1e94dde68055c8f5e1b2258d39cefad57f6adbc4,helios_qk_rope__contract_5,1.4395,1.4400000000000002,0.9996527777777777,True
helios_qk_rope,repeat-3,1e94dde68055c8f5e1b2258d39cefad57f6adbc4,helios_qk_rope__native_0,39.8715,31.136,1.2805594809866392,True
helios_qk_rope,repeat-3,1e94dde68055c8f5e1b2258d39cefad57f6adbc4,helios_qk_rope__native_1,61.439,47.216,1.3012326330057606,True
helios_qk_rope,repeat-3,1e94dde68055c8f5e1b2258d39cefad57f6adbc4,helios_qk_rope__native_2,145.5515,111.584,1.3044119228563236,True
helios_qk_rope,repeat-3,1e94dde68055c8f5e1b2258d39cefad57f6adbc4,helios_qk_rope__contract_3,1.296,1.3439999999999999,0.9642857142857144,True
helios_qk_rope,repeat-3,1e94dde68055c8f5e1b2258d39cefad57f6adbc4,helios_qk_rope__contract_4,1.408,1.3445,1.0472294533283748,True
helios_qk_rope,repeat-3,1e94dde68055c8f5e1b2258d39cefad57f6adbc4,helios_qk_rope__contract_5,1.4400000000000002,1.4715000000000003,0.9785932721712538,True
ulysses_qkv_pack,repeat-1,1730ffa1c3a67510aa6e0f3b735c3b95addc60f6,ulysses_qkv_pack__native_0,173.055,171.82399999999998,1.007164307663656,True
ulysses_qkv_pack,repeat-1,1730ffa1c3a67510aa6e0f3b735c3b95addc60f6,ulysses_qkv_pack__contract_1,1.3605000000000003,1.216,1.1188322368421053,True
ulysses_qkv_pack,repeat-1,1730ffa1c3a67510aa6e0f3b735c3b95addc60f6,ulysses_qkv_pack__contract_2,1.984,1.5675,1.2657097288676238,True
ulysses_qkv_pack,repeat-1,1730ffa1c3a67510aa6e0f3b735c3b95addc60f6,ulysses_qkv_pack__contract_3,39.27949999999999,31.920000000000005,1.2305607769423557,True
ulysses_qkv_pack,repeat-1,1730ffa1c3a67510aa6e0f3b735c3b95addc60f6,ulysses_qkv_pack__contract_4,1.3760000000000001,1.216,1.131578947368421,True
ulysses_qkv_pack,repeat-1,1730ffa1c3a67510aa6e0f3b735c3b95addc60f6,ulysses_qkv_pack__contract_5,1.984,1.5514999999999999,1.278762487914921,True
ulysses_qkv_pack,repeat-1,1730ffa1c3a67510aa6e0f3b735c3b95addc60f6,ulysses_qkv_pack__contract_6,39.296,31.952,1.229844767150726,True
ulysses_qkv_pack,repeat-1,1730ffa1c3a67510aa6e0f3b735c3b95addc60f6,ulysses_qkv_pack__contract_7,1.4400000000000002,1.264,1.139240506329114,True
ulysses_qkv_pack,repeat-1,1730ffa1c3a67510aa6e0f3b735c3b95addc60f6,ulysses_qkv_pack__contract_8,2.0799999999999996,1.5685,1.326107746254383,True
ulysses_qkv_pack,repeat-1,1730ffa1c3a67510aa6e0f3b735c3b95addc60f6,ulysses_qkv_pack__contract_9,62.192,56.368,1.103321033210332,True
ulysses_qkv_pack,repeat-1,1730ffa1c3a67510aa6e0f3b735c3b95addc60f6,ulysses_qkv_pack__contract_10,1.488,1.4085,1.0564430244941427,True
ulysses_qkv_pack,repeat-2,1730ffa1c3a67510aa6e0f3b735c3b95addc60f6,ulysses_qkv_pack__native_0,173.023,171.839,1.006890170450247,True
ulysses_qkv_pack,repeat-2,1730ffa1c3a67510aa6e0f3b735c3b95addc60f6,ulysses_qkv_pack__contract_1,1.3439999999999999,1.248,1.0769230769230769,True
ulysses_qkv_pack,repeat-2,1730ffa1c3a67510aa6e0f3b735c3b95addc60f6,ulysses_qkv_pack__contract_2,2.0,1.536,1.3020833333333333,True
ulysses_qkv_pack,repeat-2,1730ffa1c3a67510aa6e0f3b735c3b95addc60f6,ulysses_qkv_pack__contract_3,39.5195,31.9835,1.2356214923319837,True
ulysses_qkv_pack,repeat-2,1730ffa1c3a67510aa6e0f3b735c3b95addc60f6,ulysses_qkv_pack__contract_4,1.36,1.216,1.118421052631579,True
ulysses_qkv_pack,repeat-2,1730ffa1c3a67510aa6e0f3b735c3b95addc60f6,ulysses_qkv_pack__contract_5,1.984,1.536,1.2916666666666667,True
ulysses_qkv_pack,repeat-2,1730ffa1c3a67510aa6e0f3b735c3b95addc60f6,ulysses_qkv_pack__contract_6,39.488,31.952,1.2358537806710066,True
ulysses_qkv_pack,repeat-2,1730ffa1c3a67510aa6e0f3b735c3b95addc60f6,ulysses_qkv_pack__contract_7,1.408,1.28,1.0999999999999999,True
ulysses_qkv_pack,repeat-2,1730ffa1c3a67510aa6e0f3b735c3b95addc60f6,ulysses_qkv_pack__contract_8,2.0799999999999996,1.568,1.3265306122448979,True
ulysses_qkv_pack,repeat-2,1730ffa1c3a67510aa6e0f3b735c3b95addc60f6,ulysses_qkv_pack__contract_9,62.16,56.4,1.102127659574468,True
ulysses_qkv_pack,repeat-2,1730ffa1c3a67510aa6e0f3b735c3b95addc60f6,ulysses_qkv_pack__contract_10,1.504,1.408,1.0681818181818181,True
ulysses_qkv_pack,repeat-3,1730ffa1c3a67510aa6e0f3b735c3b95addc60f6,ulysses_qkv_pack__native_0,173.02349999999998,171.807,1.0070806195323823,True
ulysses_qkv_pack,repeat-3,1730ffa1c3a67510aa6e0f3b735c3b95addc60f6,ulysses_qkv_pack__contract_1,1.3755,1.232,1.1164772727272727,True
ulysses_qkv_pack,repeat-3,1730ffa1c3a67510aa6e0f3b735c3b95addc60f6,ulysses_qkv_pack__contract_2,1.9845000000000002,1.568,1.2656250000000002,True
ulysses_qkv_pack,repeat-3,1730ffa1c3a67510aa6e0f3b735c3b95addc60f6,ulysses_qkv_pack__contract_3,39.3115,31.9515,1.2303491228893793,True
ulysses_qkv_pack,repeat-3,1730ffa1c3a67510aa6e0f3b735c3b95addc60f6,ulysses_qkv_pack__contract_4,1.36,1.216,1.118421052631579,True
ulysses_qkv_pack,repeat-3,1730ffa1c3a67510aa6e0f3b735c3b95addc60f6,ulysses_qkv_pack__contract_5,2.0155,1.552,1.2986469072164948,True
ulysses_qkv_pack,repeat-3,1730ffa1c3a67510aa6e0f3b735c3b95addc60f6,ulysses_qkv_pack__contract_6,39.328,31.968000000000004,1.2302302302302301,True
ulysses_qkv_pack,repeat-3,1730ffa1c3a67510aa6e0f3b735c3b95addc60f6,ulysses_qkv_pack__contract_7,1.408,1.296,1.0864197530864197,True
ulysses_qkv_pack,repeat-3,1730ffa1c3a67510aa6e0f3b735c3b95addc60f6,ulysses_qkv_pack__contract_8,2.112,1.6,1.32,True
ulysses_qkv_pack,repeat-3,1730ffa1c3a67510aa6e0f3b735c3b95addc60f6,ulysses_qkv_pack__contract_9,62.256,56.3675,1.1044662261054685,True
ulysses_qkv_pack,repeat-3,1730ffa1c3a67510aa6e0f3b735c3b95addc60f6,ulysses_qkv_pack__contract_10,1.504,1.4400000000000002,1.0444444444444443,True
dup_up3d_add,repeat-1,cbd3380ccfcedcc4c54b27f8b75dfdaa52ca7a94,dup_up3d_add__native_0,38.9925,23.4405,1.6634670762142445,True
dup_up3d_add,repeat-1,cbd3380ccfcedcc4c54b27f8b75dfdaa52ca7a94,dup_up3d_add__native_1,149.664,82.912,1.8050945580856812,True
dup_up3d_add,repeat-1,cbd3380ccfcedcc4c54b27f8b75dfdaa52ca7a94,dup_up3d_add__native_2,296.576,161.632,1.8348841813502277,True
dup_up3d_add,repeat-1,cbd3380ccfcedcc4c54b27f8b75dfdaa52ca7a94,dup_up3d_add__native_3,580.3525000000001,347.68,1.6692145075931892,True
dup_up3d_add,repeat-1,cbd3380ccfcedcc4c54b27f8b75dfdaa52ca7a94,dup_up3d_add__contract_4,1.632,1.168,1.3972602739726028,True
dup_up3d_add,repeat-1,cbd3380ccfcedcc4c54b27f8b75dfdaa52ca7a94,dup_up3d_add__contract_5,1.7125000000000001,1.4400000000000002,1.1892361111111112,True
dup_up3d_add,repeat-2,cbd3380ccfcedcc4c54b27f8b75dfdaa52ca7a94,dup_up3d_add__native_0,39.04,23.424,1.6666666666666665,True
dup_up3d_add,repeat-2,cbd3380ccfcedcc4c54b27f8b75dfdaa52ca7a94,dup_up3d_add__native_1,150.20850000000002,82.896,1.8120114360162134,True
dup_up3d_add,repeat-2,cbd3380ccfcedcc4c54b27f8b75dfdaa52ca7a94,dup_up3d_add__native_2,295.648,161.66400000000002,1.8287806809184481,True
dup_up3d_add,repeat-2,cbd3380ccfcedcc4c54b27f8b75dfdaa52ca7a94,dup_up3d_add__native_3,580.2724999999999,347.632,1.6692148593915404,True
dup_up3d_add,repeat-2,cbd3380ccfcedcc4c54b27f8b75dfdaa52ca7a94,dup_up3d_add__contract_4,1.616,1.1199999999999999,1.442857142857143,True
dup_up3d_add,repeat-2,cbd3380ccfcedcc4c54b27f8b75dfdaa52ca7a94,dup_up3d_add__contract_5,1.712,1.472,1.1630434782608696,True
dup_up3d_add,repeat-3,cbd3380ccfcedcc4c54b27f8b75dfdaa52ca7a94,dup_up3d_add__native_0,38.944,23.44,1.661433447098976,True
dup_up3d_add,repeat-3,cbd3380ccfcedcc4c54b27f8b75dfdaa52ca7a94,dup_up3d_add__native_1,149.7765,82.865,1.8074760152054548,True
dup_up3d_add,repeat-3,cbd3380ccfcedcc4c54b27f8b75dfdaa52ca7a94,dup_up3d_add__native_2,296.8,161.66400000000002,1.8359065716547902,True
dup_up3d_add,repeat-3,cbd3380ccfcedcc4c54b27f8b75dfdaa52ca7a94,dup_up3d_add__native_3,580.3685,347.616,1.6695678564853174,True
dup_up3d_add,repeat-3,cbd3380ccfcedcc4c54b27f8b75dfdaa52ca7a94,dup_up3d_add__contract_4,1.664,1.1199999999999999,1.4857142857142858,True
dup_up3d_add,repeat-3,cbd3380ccfcedcc4c54b27f8b75dfdaa52ca7a94,dup_up3d_add__contract_5,1.728,1.4405,1.199583477959042,True
glm_qk_head_layernorm,repeat-1,98ff2d4c2bc3a026a87afa169ba6908b19261fe0,glm_qk_head_layernorm__native_0,57.664,36.288000000000004,1.5890652557319223,True
glm_qk_head_layernorm,repeat-1,98ff2d4c2bc3a026a87afa169ba6908b19261fe0,glm_qk_head_layernorm__contract_1,4.224,1.664,2.5384615384615388,True
glm_qk_head_layernorm,repeat-1,98ff2d4c2bc3a026a87afa169ba6908b19261fe0,glm_qk_head_layernorm__contract_2,5.4079999999999995,1.856,2.913793103448276,True
glm_qk_head_layernorm,repeat-2,98ff2d4c2bc3a026a87afa169ba6908b19261fe0,glm_qk_head_layernorm__native_0,57.696,36.25599999999999,1.59135039717564,True
glm_qk_head_layernorm,repeat-2,98ff2d4c2bc3a026a87afa169ba6908b19261fe0,glm_qk_head_layernorm__contract_1,4.224,1.664,2.5384615384615388,True
glm_qk_head_layernorm,repeat-2,98ff2d4c2bc3a026a87afa169ba6908b19261fe0,glm_qk_head_layernorm__contract_2,5.4079999999999995,1.856,2.913793103448276,True
glm_qk_head_layernorm,repeat-3,98ff2d4c2bc3a026a87afa169ba6908b19261fe0,glm_qk_head_layernorm__native_0,57.583999999999996,36.352500000000006,1.584045113816106,True
glm_qk_head_layernorm,repeat-3,98ff2d4c2bc3a026a87afa169ba6908b19261fe0,glm_qk_head_layernorm__contract_1,4.224,1.664,2.5384615384615388,True
glm_qk_head_layernorm,repeat-3,98ff2d4c2bc3a026a87afa169ba6908b19261fe0,glm_qk_head_layernorm__contract_2,5.4079999999999995,1.888,2.864406779661017,True
layernorm_modulate,repeat-1,98ff2d4c2bc3a026a87afa169ba6908b19261fe0,layernorm_modulate__native_0,26.432000000000002,24.288,1.088274044795784,True
layernorm_modulate,repeat-1,98ff2d4c2bc3a026a87afa169ba6908b19261fe0,layernorm_modulate__native_1,6.496,4.4799999999999995,1.4500000000000002,True
layernorm_modulate,repeat-1,98ff2d4c2bc3a026a87afa169ba6908b19261fe0,layernorm_modulate__native_2,26.383999999999997,24.32,1.0848684210526314,True
layernorm_modulate,repeat-1,98ff2d4c2bc3a026a87afa169ba6908b19261fe0,layernorm_modulate__native_3,6.432,4.4795,1.4358745395691483,True
layernorm_modulate,repeat-1,98ff2d4c2bc3a026a87afa169ba6908b19261fe0,layernorm_modulate__native_4,28.224,26.56,1.0626506024096385,True
layernorm_modulate,repeat-1,98ff2d4c2bc3a026a87afa169ba6908b19261fe0,layernorm_modulate__native_5,26.336,24.271500000000003,1.085058607832231,True
layernorm_modulate,repeat-1,98ff2d4c2bc3a026a87afa169ba6908b19261fe0,layernorm_modulate__native_6,26.160000000000004,24.304,1.076366030283081,True
layernorm_modulate,repeat-1,98ff2d4c2bc3a026a87afa169ba6908b19261fe0,layernorm_modulate__native_7,28.272,26.528,1.065741857659831,True
layernorm_modulate,repeat-1,98ff2d4c2bc3a026a87afa169ba6908b19261fe0,layernorm_modulate__contract_8,2.5925000000000002,2.2720000000000002,1.1410651408450705,True
layernorm_modulate,repeat-1,98ff2d4c2bc3a026a87afa169ba6908b19261fe0,layernorm_modulate__contract_9,2.624,2.2399999999999998,1.1714285714285715,True
layernorm_modulate,repeat-1,98ff2d4c2bc3a026a87afa169ba6908b19261fe0,layernorm_modulate__contract_10,3.2,2.656,1.2048192771084338,True
layernorm_modulate,repeat-1,98ff2d4c2bc3a026a87afa169ba6908b19261fe0,layernorm_modulate__contract_11,3.2645,2.656,1.2291039156626506,True
layernorm_modulate,repeat-1,98ff2d4c2bc3a026a87afa169ba6908b19261fe0,layernorm_modulate__contract_12,6.656,5.056,1.3164556962025316,True
layernorm_modulate,repeat-1,98ff2d4c2bc3a026a87afa169ba6908b19261fe0,layernorm_modulate__contract_13,7.104,5.728,1.240223463687151,True
layernorm_modulate,repeat-1,98ff2d4c2bc3a026a87afa169ba6908b19261fe0,layernorm_modulate__contract_14,19.008,6.88,2.7627906976744185,True
layernorm_modulate,repeat-1,98ff2d4c2bc3a026a87afa169ba6908b19261fe0,layernorm_modulate__contract_15,18.223999999999997,7.648000000000001,2.3828451882845183,True
layernorm_modulate,repeat-2,98ff2d4c2bc3a026a87afa169ba6908b19261fe0,layernorm_modulate__native_0,26.4635,24.288,1.0895709815546772,True
layernorm_modulate,repeat-2,98ff2d4c2bc3a026a87afa169ba6908b19261fe0,layernorm_modulate__native_1,6.4799999999999995,4.4799999999999995,1.4464285714285714,True
layernorm_modulate,repeat-2,98ff2d4c2bc3a026a87afa169ba6908b19261fe0,layernorm_modulate__native_2,26.432000000000002,24.304,1.087557603686636,True
layernorm_modulate,repeat-2,98ff2d4c2bc3a026a87afa169ba6908b19261fe0,layernorm_modulate__native_3,6.4,4.449,1.4385255113508655,True
layernorm_modulate,repeat-2,98ff2d4c2bc3a026a87afa169ba6908b19261fe0,layernorm_modulate__native_4,28.255499999999998,26.543999999999997,1.0644778481012658,True
layernorm_modulate,repeat-2,98ff2d4c2bc3a026a87afa169ba6908b19261fe0,layernorm_modulate__native_5,26.32,24.2235,1.0865481866782256,True
layernorm_modulate,repeat-2,98ff2d4c2bc3a026a87afa169ba6908b19261fe0,layernorm_modulate__native_6,26.208,24.32,1.0776315789473683,True
layernorm_modulate,repeat-2,98ff2d4c2bc3a026a87afa169ba6908b19261fe0,layernorm_modulate__native_7,28.191999999999997,26.496,1.0640096618357489,True
layernorm_modulate,repeat-2,98ff2d4c2bc3a026a87afa169ba6908b19261fe0,layernorm_modulate__contract_8,2.624,2.2720000000000002,1.1549295774647887,True
layernorm_modulate,repeat-2,98ff2d4c2bc3a026a87afa169ba6908b19261fe0,layernorm_modulate__contract_9,2.6245000000000003,2.2399999999999998,1.1716517857142859,True
layernorm_modulate,repeat-2,98ff2d4c2bc3a026a87afa169ba6908b19261fe0,layernorm_modulate__contract_10,3.2,2.656,1.2048192771084338,True
layernorm_modulate,repeat-2,98ff2d4c2bc3a026a87afa169ba6908b19261fe0,layernorm_modulate__contract_11,3.2965,2.6879999999999997,1.2263764880952381,True
layernorm_modulate,repeat-2,98ff2d4c2bc3a026a87afa169ba6908b19261fe0,layernorm_modulate__contract_12,6.6235,5.056,1.3100276898734178,True
layernorm_modulate,repeat-2,98ff2d4c2bc3a026a87afa169ba6908b19261fe0,layernorm_modulate__contract_13,7.136,5.728,1.245810055865922,True
layernorm_modulate,repeat-2,98ff2d4c2bc3a026a87afa169ba6908b19261fe0,layernorm_modulate__contract_14,18.976,6.88,2.7581395348837208,True
layernorm_modulate,repeat-2,98ff2d4c2bc3a026a87afa169ba6908b19261fe0,layernorm_modulate__contract_15,18.256,7.648000000000001,2.3870292887029287,True
layernorm_modulate,repeat-3,98ff2d4c2bc3a026a87afa169ba6908b19261fe0,layernorm_modulate__native_0,26.464000000000002,24.256,1.091029023746702,True
layernorm_modulate,repeat-3,98ff2d4c2bc3a026a87afa169ba6908b19261fe0,layernorm_modulate__native_1,6.496,4.4799999999999995,1.4500000000000002,True
layernorm_modulate,repeat-3,98ff2d4c2bc3a026a87afa169ba6908b19261fe0,layernorm_modulate__native_2,26.336,24.352,1.0814717477003941,True
layernorm_modulate,repeat-3,98ff2d4c2bc3a026a87afa169ba6908b19261fe0,layernorm_modulate__native_3,6.4315,4.4799999999999995,1.4356026785714286,True
layernorm_modulate,repeat-3,98ff2d4c2bc3a026a87afa169ba6908b19261fe0,layernorm_modulate__native_4,28.256,26.624,1.061298076923077,True
layernorm_modulate,repeat-3,98ff2d4c2bc3a026a87afa169ba6908b19261fe0,layernorm_modulate__native_5,26.368,24.335500000000003,1.0835199605514576,True
layernorm_modulate,repeat-3,98ff2d4c2bc3a026a87afa169ba6908b19261fe0,layernorm_modulate__native_6,26.08,24.2875,1.0738033968090581,True
layernorm_modulate,repeat-3,98ff2d4c2bc3a026a87afa169ba6908b19261fe0,layernorm_modulate__native_7,28.224,26.5115,1.0645946098862757,True
layernorm_modulate,repeat-3,98ff2d4c2bc3a026a87afa169ba6908b19261fe0,layernorm_modulate__contract_8,2.6085,2.2720000000000002,1.148107394366197,True
layernorm_modulate,repeat-3,98ff2d4c2bc3a026a87afa169ba6908b19261fe0,layernorm_modulate__contract_9,2.656,2.2399999999999998,1.1857142857142857,True
layernorm_modulate,repeat-3,98ff2d4c2bc3a026a87afa169ba6908b19261fe0,layernorm_modulate__contract_10,3.2,2.656,1.2048192771084338,True
layernorm_modulate,repeat-3,98ff2d4c2bc3a026a87afa169ba6908b19261fe0,layernorm_modulate__contract_11,3.328,2.6870000000000003,1.2385560104205433,True
layernorm_modulate,repeat-3,98ff2d4c2bc3a026a87afa169ba6908b19261fe0,layernorm_modulate__contract_12,6.64,5.056,1.3132911392405064,True
layernorm_modulate,repeat-3,98ff2d4c2bc3a026a87afa169ba6908b19261fe0,layernorm_modulate__contract_13,7.1205,5.728,1.2431040502793298,True
layernorm_modulate,repeat-3,98ff2d4c2bc3a026a87afa169ba6908b19261fe0,layernorm_modulate__contract_14,19.040000000000003,6.88,2.7674418604651168,True
layernorm_modulate,repeat-3,98ff2d4c2bc3a026a87afa169ba6908b19261fe0,layernorm_modulate__contract_15,18.272,7.648000000000001,2.3891213389121337,True
layernorm_modulate_fp8,repeat-1,98ff2d4c2bc3a026a87afa169ba6908b19261fe0,layernorm_modulate_fp8__native_0,56.8795,53.4395,1.064371859766652,True
layernorm_modulate_fp8,repeat-1,98ff2d4c2bc3a026a87afa169ba6908b19261fe0,layernorm_modulate_fp8__native_1,15.4555,9.6,1.6099479166666668,True
layernorm_modulate_fp8,repeat-1,98ff2d4c2bc3a026a87afa169ba6908b19261fe0,layernorm_modulate_fp8__native_2,56.6875,53.2955,1.0636451482770592,True
layernorm_modulate_fp8,repeat-1,98ff2d4c2bc3a026a87afa169ba6908b19261fe0,layernorm_modulate_fp8__native_3,15.184,9.6,1.5816666666666668,True
layernorm_modulate_fp8,repeat-1,98ff2d4c2bc3a026a87afa169ba6908b19261fe0,layernorm_modulate_fp8__native_4,66.83200000000001,57.983999999999995,1.1525938189845477,True
layernorm_modulate_fp8,repeat-1,98ff2d4c2bc3a026a87afa169ba6908b19261fe0,layernorm_modulate_fp8__native_5,56.719500000000004,53.296,1.0642355899129392,True
layernorm_modulate_fp8,repeat-1,98ff2d4c2bc3a026a87afa169ba6908b19261fe0,layernorm_modulate_fp8__native_6,56.735,53.0235,1.0699972653634708,True
layernorm_modulate_fp8,repeat-1,98ff2d4c2bc3a026a87afa169ba6908b19261fe0,layernorm_modulate_fp8__native_7,66.68750000000001,57.824,1.1532841034864418,True
layernorm_modulate_fp8,repeat-1,98ff2d4c2bc3a026a87afa169ba6908b19261fe0,layernorm_modulate_fp8__contract_8,3.584,2.608,1.3742331288343557,True
layernorm_modulate_fp8,repeat-1,98ff2d4c2bc3a026a87afa169ba6908b19261fe0,layernorm_modulate_fp8__contract_9,26.352,13.664000000000001,1.9285714285714284,True
layernorm_modulate_fp8,repeat-1,98ff2d4c2bc3a026a87afa169ba6908b19261fe0,layernorm_modulate_fp8__contract_10,23.456,15.136000000000001,1.5496828752642706,True
layernorm_modulate_fp8,repeat-2,98ff2d4c2bc3a026a87afa169ba6908b19261fe0,layernorm_modulate_fp8__native_0,56.703500000000005,53.104,1.0677820879783069,True
layernorm_modulate_fp8,repeat-2,98ff2d4c2bc3a026a87afa169ba6908b19261fe0,layernorm_modulate_fp8__native_1,15.4555,9.536,1.6207529362416109,True
layernorm_modulate_fp8,repeat-2,98ff2d4c2bc3a026a87afa169ba6908b19261fe0,layernorm_modulate_fp8__native_2,56.751999999999995,52.944,1.0719250528860682,True
layernorm_modulate_fp8,repeat-2,98ff2d4c2bc3a026a87afa169ba6908b19261fe0,layernorm_modulate_fp8__native_3,15.168,9.536,1.5906040268456376,True
layernorm_modulate_fp8,repeat-2,98ff2d4c2bc3a026a87afa169ba6908b19261fe0,layernorm_modulate_fp8__native_4,66.88,57.99999999999999,1.153103448275862,True
layernorm_modulate_fp8,repeat-2,98ff2d4c2bc3a026a87afa169ba6908b19261fe0,layernorm_modulate_fp8__native_5,56.5595,52.896,1.0692585450695704,True
layernorm_modulate_fp8,repeat-2,98ff2d4c2bc3a026a87afa169ba6908b19261fe0,layernorm_modulate_fp8__native_6,56.863499999999995,53.024,1.0724106065178032,True
layernorm_modulate_fp8,repeat-2,98ff2d4c2bc3a026a87afa169ba6908b19261fe0,layernorm_modulate_fp8__native_7,66.496,57.808,1.1502906172156104,True
layernorm_modulate_fp8,repeat-2,98ff2d4c2bc3a026a87afa169ba6908b19261fe0,layernorm_modulate_fp8__contract_8,3.584,2.624,1.3658536585365852,True
layernorm_modulate_fp8,repeat-2,98ff2d4c2bc3a026a87afa169ba6908b19261fe0,layernorm_modulate_fp8__contract_9,27.040000000000003,13.680000000000001,1.976608187134503,True
layernorm_modulate_fp8,repeat-2,98ff2d4c2bc3a026a87afa169ba6908b19261fe0,layernorm_modulate_fp8__contract_10,23.584,15.1515,1.5565455565455566,True
layernorm_modulate_fp8,repeat-3,98ff2d4c2bc3a026a87afa169ba6908b19261fe0,layernorm_modulate_fp8__native_0,56.928,53.2645,1.0687793934046128,True
layernorm_modulate_fp8,repeat-3,98ff2d4c2bc3a026a87afa169ba6908b19261fe0,layernorm_modulate_fp8__native_1,15.424,9.584499999999998,1.6092649590484638,True
layernorm_modulate_fp8,repeat-3,98ff2d4c2bc3a026a87afa169ba6908b19261fe0,layernorm_modulate_fp8__native_2,56.736000000000004,53.28,1.0648648648648649,True
layernorm_modulate_fp8,repeat-3,98ff2d4c2bc3a026a87afa169ba6908b19261fe0,layernorm_modulate_fp8__native_3,15.184,9.536,1.592281879194631,True
layernorm_modulate_fp8,repeat-3,98ff2d4c2bc3a026a87afa169ba6908b19261fe0,layernorm_modulate_fp8__native_4,66.8955,58.256,1.1483023207909915,True
layernorm_modulate_fp8,repeat-3,98ff2d4c2bc3a026a87afa169ba6908b19261fe0,layernorm_modulate_fp8__native_5,56.672,53.136,1.0665462210177656,True
layernorm_modulate_fp8,repeat-3,98ff2d4c2bc3a026a87afa169ba6908b19261fe0,layernorm_modulate_fp8__native_6,56.943999999999996,52.96,1.075226586102719,True
layernorm_modulate_fp8,repeat-3,98ff2d4c2bc3a026a87afa169ba6908b19261fe0,layernorm_modulate_fp8__native_7,66.6235,57.8235,1.1521872595052185,True
layernorm_modulate_fp8,repeat-3,98ff2d4c2bc3a026a87afa169ba6908b19261fe0,layernorm_modulate_fp8__contract_8,3.568,2.592,1.376543209876543,True
layernorm_modulate_fp8,repeat-3,98ff2d4c2bc3a026a87afa169ba6908b19261fe0,layernorm_modulate_fp8__contract_9,27.2,13.664000000000001,1.9906323185011707,True
layernorm_modulate_fp8,repeat-3,98ff2d4c2bc3a026a87afa169ba6908b19261fe0,layernorm_modulate_fp8__contract_10,23.552,15.12,1.5576719576719578,True
vdn_gather_linear_state,repeat-1,2ee1b7fdf37fd35d82eab1b85fe3073f5a7f1b83,vdn_gather_linear_state__native_0,161.79100000000003,18.4,8.792989130434783,True
vdn_gather_linear_state,repeat-1,2ee1b7fdf37fd35d82eab1b85fe3073f5a7f1b83,vdn_gather_linear_state__contract_1,83.07149999999999,1.696,48.980837264150935,True
vdn_gather_linear_state,repeat-1,2ee1b7fdf37fd35d82eab1b85fe3073f5a7f1b83,vdn_gather_linear_state__contract_2,152.78349999999998,3.584,42.629324776785715,True
vdn_gather_linear_state,repeat-2,2ee1b7fdf37fd35d82eab1b85fe3073f5a7f1b83,vdn_gather_linear_state__native_0,161.4235,18.464000000000002,8.742607235701906,True
vdn_gather_linear_state,repeat-2,2ee1b7fdf37fd35d82eab1b85fe3073f5a7f1b83,vdn_gather_linear_state__contract_1,82.3835,1.696,48.57517688679245,True
vdn_gather_linear_state,repeat-2,2ee1b7fdf37fd35d82eab1b85fe3073f5a7f1b83,vdn_gather_linear_state__contract_2,151.85500000000002,3.584,42.37025669642858,True
vdn_gather_linear_state,repeat-3,2ee1b7fdf37fd35d82eab1b85fe3073f5a7f1b83,vdn_gather_linear_state__native_0,160.33599999999998,18.4325,8.698548758985487,True
vdn_gather_linear_state,repeat-3,2ee1b7fdf37fd35d82eab1b85fe3073f5a7f1b83,vdn_gather_linear_state__contract_1,81.1835,1.696,47.86762971698113,True
vdn_gather_linear_state,repeat-3,2ee1b7fdf37fd35d82eab1b85fe3073f5a7f1b83,vdn_gather_linear_state__contract_2,150.8315,3.568,42.27340246636771,True
wan_causal_cache,repeat-1,cbd3380ccfcedcc4c54b27f8b75dfdaa52ca7a94,wan_causal_cache__0,1.568,1.4400000000000002,1.0888888888888888,True
wan_causal_cache,repeat-1,cbd3380ccfcedcc4c54b27f8b75dfdaa52ca7a94,wan_causal_cache__1,1.664,1.4715000000000003,1.1308188922867821,True
wan_causal_cache,repeat-1,cbd3380ccfcedcc4c54b27f8b75dfdaa52ca7a94,wan_causal_cache__2,1.6155000000000002,1.4884999999999997,1.0853207927443738,True
wan_causal_cache,repeat-1,cbd3380ccfcedcc4c54b27f8b75dfdaa52ca7a94,wan_causal_cache__3,1.664,1.567,1.0619017230376515,True
wan_causal_cache,repeat-1,cbd3380ccfcedcc4c54b27f8b75dfdaa52ca7a94,wan_causal_cache__4,24.927999999999997,15.456,1.6128364389233953,True
wan_causal_cache,repeat-1,cbd3380ccfcedcc4c54b27f8b75dfdaa52ca7a94,wan_causal_cache__5,104.70400000000001,75.8405,1.3805816153638228,True
wan_causal_cache,repeat-1,cbd3380ccfcedcc4c54b27f8b75dfdaa52ca7a94,wan_causal_cache__6,31.2,29.728,1.0495156081808394,True
wan_causal_cache,repeat-1,cbd3380ccfcedcc4c54b27f8b75dfdaa52ca7a94,wan_causal_cache__7,19.168,14.2725,1.3430022771063235,True
wan_causal_cache,repeat-2,cbd3380ccfcedcc4c54b27f8b75dfdaa52ca7a94,wan_causal_cache__0,1.5685,1.408,1.1139914772727273,True
wan_causal_cache,repeat-2,cbd3380ccfcedcc4c54b27f8b75dfdaa52ca7a94,wan_causal_cache__1,1.664,1.471,1.1312032630863358,True
wan_causal_cache,repeat-2,cbd3380ccfcedcc4c54b27f8b75dfdaa52ca7a94,wan_causal_cache__2,1.631,1.4884999999999997,1.0957339603627816,True
wan_causal_cache,repeat-2,cbd3380ccfcedcc4c54b27f8b75dfdaa52ca7a94,wan_causal_cache__3,1.664,1.568,1.0612244897959184,True
wan_causal_cache,repeat-2,cbd3380ccfcedcc4c54b27f8b75dfdaa52ca7a94,wan_causal_cache__4,24.927999999999997,15.488,1.609504132231405,True
wan_causal_cache,repeat-2,cbd3380ccfcedcc4c54b27f8b75dfdaa52ca7a94,wan_causal_cache__5,104.672,75.84,1.380168776371308,True
wan_causal_cache,repeat-2,cbd3380ccfcedcc4c54b27f8b75dfdaa52ca7a94,wan_causal_cache__6,31.168000000000003,29.729,1.0484039153688318,True
wan_causal_cache,repeat-2,cbd3380ccfcedcc4c54b27f8b75dfdaa52ca7a94,wan_causal_cache__7,19.1205,14.272,1.3397211322869955,True
wan_causal_cache,repeat-3,cbd3380ccfcedcc4c54b27f8b75dfdaa52ca7a94,wan_causal_cache__0,1.6,1.408,1.1363636363636365,True
wan_causal_cache,repeat-3,cbd3380ccfcedcc4c54b27f8b75dfdaa52ca7a94,wan_causal_cache__1,1.633,1.4400000000000002,1.1340277777777776,True
wan_causal_cache,repeat-3,cbd3380ccfcedcc4c54b27f8b75dfdaa52ca7a94,wan_causal_cache__2,1.632,1.504,1.0851063829787235,True
wan_causal_cache,repeat-3,cbd3380ccfcedcc4c54b27f8b75dfdaa52ca7a94,wan_causal_cache__3,1.664,1.568,1.0612244897959184,True
wan_causal_cache,repeat-3,cbd3380ccfcedcc4c54b27f8b75dfdaa52ca7a94,wan_causal_cache__4,24.9435,15.488,1.6105049070247934,True
wan_causal_cache,repeat-3,cbd3380ccfcedcc4c54b27f8b75dfdaa52ca7a94,wan_causal_cache__5,104.64,75.85600000000001,1.3794558110103352,True
wan_causal_cache,repeat-3,cbd3380ccfcedcc4c54b27f8b75dfdaa52ca7a94,wan_causal_cache__6,31.232,29.76,1.0494623655913977,True
wan_causal_cache,repeat-3,cbd3380ccfcedcc4c54b27f8b75dfdaa52ca7a94,wan_causal_cache__7,19.136,14.272,1.3408071748878925,True
sanawm_bigdn,repeat-1,eeef3e32fa67177ea2b8fb49ee5777d0d4e1e080,sanawm_bigdn__native_0,708.0645000000001,403.24850000000004,1.7559011378839602,True
sanawm_bigdn,repeat-1,eeef3e32fa67177ea2b8fb49ee5777d0d4e1e080,sanawm_bigdn__contract_1,200.30399999999997,73.504,2.7250761863299955,True
sanawm_bigdn,repeat-1,eeef3e32fa67177ea2b8fb49ee5777d0d4e1e080,sanawm_bigdn__contract_2,201.504,76.9125,2.619912237932716,True
sanawm_bigdn,repeat-1,eeef3e32fa67177ea2b8fb49ee5777d0d4e1e080,sanawm_bigdn__contract_3,204.75199999999998,89.1995,2.2954388757784514,True
sanawm_bigdn,repeat-1,eeef3e32fa67177ea2b8fb49ee5777d0d4e1e080,sanawm_bigdn__contract_4,208.03199999999998,98.4,2.1141463414634147,True
sanawm_bigdn,repeat-1,eeef3e32fa67177ea2b8fb49ee5777d0d4e1e080,sanawm_bigdn__contract_5,253.537,149.2325,1.6989395741544238,True
sanawm_bigdn,repeat-2,eeef3e32fa67177ea2b8fb49ee5777d0d4e1e080,sanawm_bigdn__native_0,708.7515,403.6645,1.7557934869179728,True
sanawm_bigdn,repeat-2,eeef3e32fa67177ea2b8fb49ee5777d0d4e1e080,sanawm_bigdn__contract_1,198.81650000000002,72.9755,2.724428061472686,True
sanawm_bigdn,repeat-2,eeef3e32fa67177ea2b8fb49ee5777d0d4e1e080,sanawm_bigdn__contract_2,200.56,75.424,2.659100551548579,True
sanawm_bigdn,repeat-2,eeef3e32fa67177ea2b8fb49ee5777d0d4e1e080,sanawm_bigdn__contract_3,203.00799999999998,87.536,2.319137269237799,True
sanawm_bigdn,repeat-2,eeef3e32fa67177ea2b8fb49ee5777d0d4e1e080,sanawm_bigdn__contract_4,205.488,97.536,2.1067913385826773,True
sanawm_bigdn,repeat-2,eeef3e32fa67177ea2b8fb49ee5777d0d4e1e080,sanawm_bigdn__contract_5,252.41599999999997,149.84,1.6845702082221035,True
sanawm_bigdn,repeat-3,eeef3e32fa67177ea2b8fb49ee5777d0d4e1e080,sanawm_bigdn__native_0,707.3285000000001,403.296,1.7538693664206937,True
sanawm_bigdn,repeat-3,eeef3e32fa67177ea2b8fb49ee5777d0d4e1e080,sanawm_bigdn__contract_1,197.6805,72.81599999999999,2.714794825313118,True
sanawm_bigdn,repeat-3,eeef3e32fa67177ea2b8fb49ee5777d0d4e1e080,sanawm_bigdn__contract_2,198.79999999999998,75.376,2.637444279346211,True
sanawm_bigdn,repeat-3,eeef3e32fa67177ea2b8fb49ee5777d0d4e1e080,sanawm_bigdn__contract_3,202.19199999999998,87.504,2.3106600841104403,True
sanawm_bigdn,repeat-3,eeef3e32fa67177ea2b8fb49ee5777d0d4e1e080,sanawm_bigdn__contract_4,204.5285,97.3285,2.10142455704136,True
sanawm_bigdn,repeat-3,eeef3e32fa67177ea2b8fb49ee5777d0d4e1e080,sanawm_bigdn__contract_5,251.0405,148.64,1.6889161733046287,True
qknorm_complex_rope,repeat-1,da15e6faea2ccdc474b8bafc202e27061bdd7bc4,qknorm_complex_rope__native_0,24.256,21.631999999999998,1.121301775147929,True
qknorm_complex_rope,repeat-1,da15e6faea2ccdc474b8bafc202e27061bdd7bc4,qknorm_complex_rope__native_1,23.92,21.456500000000002,1.1148136928203574,True
qknorm_complex_rope,repeat-1,da15e6faea2ccdc474b8bafc202e27061bdd7bc4,qknorm_complex_rope__native_2,1.696,1.6,1.06,True
qknorm_complex_rope,repeat-1,da15e6faea2ccdc474b8bafc202e27061bdd7bc4,qknorm_complex_rope__native_3,23.968,21.568,1.1112759643916914,True
qknorm_complex_rope,repeat-1,da15e6faea2ccdc474b8bafc202e27061bdd7bc4,qknorm_complex_rope__contract_4,1.4400000000000002,1.3760000000000001,1.0465116279069768,True
qknorm_complex_rope,repeat-1,da15e6faea2ccdc474b8bafc202e27061bdd7bc4,qknorm_complex_rope__contract_5,1.4244999999999999,1.3765,1.0348710497638938,True
qknorm_complex_rope,repeat-2,da15e6faea2ccdc474b8bafc202e27061bdd7bc4,qknorm_complex_rope__native_0,24.2725,21.631999999999998,1.1220645340236688,True
qknorm_complex_rope,repeat-2,da15e6faea2ccdc474b8bafc202e27061bdd7bc4,qknorm_complex_rope__native_1,23.904,21.503999999999998,1.111607142857143,True
qknorm_complex_rope,repeat-2,da15e6faea2ccdc474b8bafc202e27061bdd7bc4,qknorm_complex_rope__native_2,1.696,1.6,1.06,True
qknorm_complex_rope,repeat-2,da15e6faea2ccdc474b8bafc202e27061bdd7bc4,qknorm_complex_rope__native_3,24.032,21.568,1.1142433234421365,True
qknorm_complex_rope,repeat-2,da15e6faea2ccdc474b8bafc202e27061bdd7bc4,qknorm_complex_rope__contract_4,1.472,1.392,1.0574712643678161,True
qknorm_complex_rope,repeat-2,da15e6faea2ccdc474b8bafc202e27061bdd7bc4,qknorm_complex_rope__contract_5,1.4400000000000002,1.3760000000000001,1.0465116279069768,True
qknorm_complex_rope,repeat-3,da15e6faea2ccdc474b8bafc202e27061bdd7bc4,qknorm_complex_rope__native_0,24.3195,21.631999999999998,1.1242372411242605,True
qknorm_complex_rope,repeat-3,da15e6faea2ccdc474b8bafc202e27061bdd7bc4,qknorm_complex_rope__native_1,23.872,21.472,1.11177347242921,True
qknorm_complex_rope,repeat-3,da15e6faea2ccdc474b8bafc202e27061bdd7bc4,qknorm_complex_rope__native_2,1.696,1.6,1.06,True
qknorm_complex_rope,repeat-3,da15e6faea2ccdc474b8bafc202e27061bdd7bc4,qknorm_complex_rope__native_3,24.0,21.6,1.1111111111111112,True
qknorm_complex_rope,repeat-3,da15e6faea2ccdc474b8bafc202e27061bdd7bc4,qknorm_complex_rope__contract_4,1.456,1.3760000000000001,1.058139534883721,True
qknorm_complex_rope,repeat-3,da15e6faea2ccdc474b8bafc202e27061bdd7bc4,qknorm_complex_rope__contract_5,1.4565,1.392,1.0463362068965516,True
qknorm_complex_rope_kv,repeat-1,da15e6faea2ccdc474b8bafc202e27061bdd7bc4,qknorm_complex_rope_kv__native_0,69.184,69.248,0.999075785582255,True
qknorm_complex_rope_kv,repeat-1,da15e6faea2ccdc474b8bafc202e27061bdd7bc4,qknorm_complex_rope_kv__native_1,38.559999999999995,38.303999999999995,1.0066833751044277,True
qknorm_complex_rope_kv,repeat-1,da15e6faea2ccdc474b8bafc202e27061bdd7bc4,qknorm_complex_rope_kv__contract_2,1.952,1.456,1.3406593406593406,True
qknorm_complex_rope_kv,repeat-1,da15e6faea2ccdc474b8bafc202e27061bdd7bc4,qknorm_complex_rope_kv__contract_3,1.9200000000000002,1.472,1.3043478260869565,True
qknorm_complex_rope_kv,repeat-2,da15e6faea2ccdc474b8bafc202e27061bdd7bc4,qknorm_complex_rope_kv__native_0,69.1365,69.26350000000001,0.9981664224302843,True
qknorm_complex_rope_kv,repeat-2,da15e6faea2ccdc474b8bafc202e27061bdd7bc4,qknorm_complex_rope_kv__native_1,38.592,38.2725,1.0083480305702528,True
qknorm_complex_rope_kv,repeat-2,da15e6faea2ccdc474b8bafc202e27061bdd7bc4,qknorm_complex_rope_kv__contract_2,1.952,1.4400000000000002,1.3555555555555554,True
qknorm_complex_rope_kv,repeat-2,da15e6faea2ccdc474b8bafc202e27061bdd7bc4,qknorm_complex_rope_kv__contract_3,1.9044999999999999,1.504,1.2662898936170213,True
qknorm_complex_rope_kv,repeat-3,da15e6faea2ccdc474b8bafc202e27061bdd7bc4,qknorm_complex_rope_kv__native_0,69.152,69.2,0.999306358381503,True
qknorm_complex_rope_kv,repeat-3,da15e6faea2ccdc474b8bafc202e27061bdd7bc4,qknorm_complex_rope_kv__native_1,38.5915,38.336,1.0066647537562603,True
qknorm_complex_rope_kv,repeat-3,da15e6faea2ccdc474b8bafc202e27061bdd7bc4,qknorm_complex_rope_kv__contract_2,1.952,1.488,1.3118279569892473,True
qknorm_complex_rope_kv,repeat-3,da15e6faea2ccdc474b8bafc202e27061bdd7bc4,qknorm_complex_rope_kv__contract_3,1.9200000000000002,1.504,1.2765957446808511,True
groupnorm_nchw,repeat-1,9436dcf3248d41ca7931def3a0868da13e8650e0,groupnorm_nchw__0,2.56,2.496,1.0256410256410258,True
groupnorm_nchw,repeat-1,9436dcf3248d41ca7931def3a0868da13e8650e0,groupnorm_nchw__1,2.48,2.48,1.0,True
groupnorm_nchw,repeat-1,9436dcf3248d41ca7931def3a0868da13e8650e0,groupnorm_nchw__2,1.6324999999999998,1.664,0.9810697115384615,True
groupnorm_nchw,repeat-1,9436dcf3248d41ca7931def3a0868da13e8650e0,groupnorm_nchw__3,255.59900000000002,255.5035,1.000373771787862,True
groupnorm_nchw,repeat-1,9436dcf3248d41ca7931def3a0868da13e8650e0,groupnorm_nchw__4,48.815999999999995,48.16,1.013621262458472,True
groupnorm_nchw,repeat-1,9436dcf3248d41ca7931def3a0868da13e8650e0,groupnorm_nchw__5,49.2,48.352,1.0175380542686963,True
groupnorm_nchw,repeat-1,9436dcf3248d41ca7931def3a0868da13e8650e0,groupnorm_nchw__6,6.912,6.88,1.0046511627906978,True
groupnorm_nchw,repeat-1,9436dcf3248d41ca7931def3a0868da13e8650e0,groupnorm_nchw__7,21.248,21.184,1.0030211480362536,True
groupnorm_nchw,repeat-1,9436dcf3248d41ca7931def3a0868da13e8650e0,groupnorm_nchw__8,70.064,68.48,1.0231308411214952,True
groupnorm_nchw,repeat-1,9436dcf3248d41ca7931def3a0868da13e8650e0,groupnorm_nchw__9,88.8635,87.552,1.014979669225146,True
groupnorm_nchw,repeat-1,9436dcf3248d41ca7931def3a0868da13e8650e0,groupnorm_nchw__10,62.608,62.57599999999999,1.0005113781641524,True
groupnorm_nchw,repeat-1,9436dcf3248d41ca7931def3a0868da13e8650e0,groupnorm_nchw__11,21.743499999999997,21.6965,1.002166248012352,True
groupnorm_nchw,repeat-1,9436dcf3248d41ca7931def3a0868da13e8650e0,groupnorm_nchw__12,35.232,35.344,0.996831145314622,True
groupnorm_nchw,repeat-2,9436dcf3248d41ca7931def3a0868da13e8650e0,groupnorm_nchw__0,2.56,2.496,1.0256410256410258,True
groupnorm_nchw,repeat-2,9436dcf3248d41ca7931def3a0868da13e8650e0,groupnorm_nchw__1,2.496,2.464,1.0129870129870129,True
groupnorm_nchw,repeat-2,9436dcf3248d41ca7931def3a0868da13e8650e0,groupnorm_nchw__2,1.632,1.696,0.9622641509433962,True
groupnorm_nchw,repeat-2,9436dcf3248d41ca7931def3a0868da13e8650e0,groupnorm_nchw__3,255.21499999999997,255.359,0.9994360880172618,True
groupnorm_nchw,repeat-2,9436dcf3248d41ca7931def3a0868da13e8650e0,groupnorm_nchw__4,49.10399999999999,48.271499999999996,1.0172462011746062,True
groupnorm_nchw,repeat-2,9436dcf3248d41ca7931def3a0868da13e8650e0,groupnorm_nchw__5,49.04,48.208,1.0172585462993693,True
groupnorm_nchw,repeat-2,9436dcf3248d41ca7931def3a0868da13e8650e0,groupnorm_nchw__6,6.88,6.848,1.0046728971962617,True
groupnorm_nchw,repeat-2,9436dcf3248d41ca7931def3a0868da13e8650e0,groupnorm_nchw__7,21.248,21.215999999999998,1.0015082956259427,True
groupnorm_nchw,repeat-2,9436dcf3248d41ca7931def3a0868da13e8650e0,groupnorm_nchw__8,69.919,68.383,1.0224617229428365,True
groupnorm_nchw,repeat-2,9436dcf3248d41ca7931def3a0868da13e8650e0,groupnorm_nchw__9,88.52749999999999,87.184,1.01540993760323,True
groupnorm_nchw,repeat-2,9436dcf3248d41ca7931def3a0868da13e8650e0,groupnorm_nchw__10,62.4315,62.287499999999994,1.0023118603251056,True
groupnorm_nchw,repeat-2,9436dcf3248d41ca7931def3a0868da13e8650e0,groupnorm_nchw__11,21.791,21.696,1.0043786873156342,True
groupnorm_nchw,repeat-2,9436dcf3248d41ca7931def3a0868da13e8650e0,groupnorm_nchw__12,35.568000000000005,35.583999999999996,0.9995503597122304,True
groupnorm_nchw,repeat-3,9436dcf3248d41ca7931def3a0868da13e8650e0,groupnorm_nchw__0,2.56,2.496,1.0256410256410258,True
groupnorm_nchw,repeat-3,9436dcf3248d41ca7931def3a0868da13e8650e0,groupnorm_nchw__1,2.464,2.496,0.9871794871794872,True
groupnorm_nchw,repeat-3,9436dcf3248d41ca7931def3a0868da13e8650e0,groupnorm_nchw__2,1.648,1.6965000000000001,0.9714117300324197,True
groupnorm_nchw,repeat-3,9436dcf3248d41ca7931def3a0868da13e8650e0,groupnorm_nchw__3,255.40699999999998,255.27849999999995,1.0005033718076533,True
groupnorm_nchw,repeat-3,9436dcf3248d41ca7931def3a0868da13e8650e0,groupnorm_nchw__4,49.503499999999995,48.576,1.0190937911725955,True
groupnorm_nchw,repeat-3,9436dcf3248d41ca7931def3a0868da13e8650e0,groupnorm_nchw__5,49.4555,48.4,1.0218078512396696,True
groupnorm_nchw,repeat-3,9436dcf3248d41ca7931def3a0868da13e8650e0,groupnorm_nchw__6,6.88,6.848,1.0046728971962617,True
groupnorm_nchw,repeat-3,9436dcf3248d41ca7931def3a0868da13e8650e0,groupnorm_nchw__7,21.232,21.2,1.001509433962264,True
groupnorm_nchw,repeat-3,9436dcf3248d41ca7931def3a0868da13e8650e0,groupnorm_nchw__8,70.176,68.592,1.0230930720783764,True
groupnorm_nchw,repeat-3,9436dcf3248d41ca7931def3a0868da13e8650e0,groupnorm_nchw__9,88.48,87.16799999999999,1.0150513950073423,True
groupnorm_nchw,repeat-3,9436dcf3248d41ca7931def3a0868da13e8650e0,groupnorm_nchw__10,62.736,62.72,1.0002551020408164,True
groupnorm_nchw,repeat-3,9436dcf3248d41ca7931def3a0868da13e8650e0,groupnorm_nchw__11,21.775500000000005,21.728,1.002186119293078,True
groupnorm_nchw,repeat-3,9436dcf3248d41ca7931def3a0868da13e8650e0,groupnorm_nchw__12,35.824,35.36,1.013122171945701,True
mxfp8_producers,repeat-1,7adcfa610c2977f8ddbd311838c6af57b27ad87f,mxfp8_producers__contract_0,27.248,1.1354999999999997,23.99647732276531,True
mxfp8_producers,repeat-1,7adcfa610c2977f8ddbd311838c6af57b27ad87f,mxfp8_producers__contract_1,27.7595,1.216,22.828536184210524,True
mxfp8_producers,repeat-1,7adcfa610c2977f8ddbd311838c6af57b27ad87f,mxfp8_producers__contract_2,28.0,1.7925,15.620641562064156,True
mxfp8_producers,repeat-1,7adcfa610c2977f8ddbd311838c6af57b27ad87f,mxfp8_producers__contract_3,27.9035,1.568,17.79559948979592,True
mxfp8_producers,repeat-1,7adcfa610c2977f8ddbd311838c6af57b27ad87f,mxfp8_producers__contract_4,28.976000000000003,1.472,19.684782608695652,True
mxfp8_producers,repeat-1,7adcfa610c2977f8ddbd311838c6af57b27ad87f,mxfp8_producers__contract_5,28.879500000000004,1.536,18.8017578125,True
mxfp8_producers,repeat-1,7adcfa610c2977f8ddbd311838c6af57b27ad87f,mxfp8_producers__contract_6,28.927500000000002,2.0484999999999998,14.121308274347085,True
mxfp8_producers,repeat-1,7adcfa610c2977f8ddbd311838c6af57b27ad87f,mxfp8_producers__contract_7,29.12,2.048,14.21875,True
mxfp8_producers,repeat-1,7adcfa610c2977f8ddbd311838c6af57b27ad87f,mxfp8_producers__contract_8,32.639500000000005,4.128,7.9068556201550395,True
mxfp8_producers,repeat-1,7adcfa610c2977f8ddbd311838c6af57b27ad87f,mxfp8_producers__contract_9,35.104000000000006,5.952,5.897849462365592,True
mxfp8_producers,repeat-1,7adcfa610c2977f8ddbd311838c6af57b27ad87f,mxfp8_producers__contract_10,39.408,7.296,5.401315789473684,True
mxfp8_producers,repeat-1,7adcfa610c2977f8ddbd311838c6af57b27ad87f,mxfp8_producers__contract_11,38.896,6.144,6.330729166666666,True
mxfp8_producers,repeat-1,7adcfa610c2977f8ddbd311838c6af57b27ad87f,mxfp8_producers__contract_12,57.856,21.823999999999998,2.651026392961877,True
mxfp8_producers,repeat-1,7adcfa610c2977f8ddbd311838c6af57b27ad87f,mxfp8_producers__contract_13,81.63199999999999,37.583999999999996,2.171988080034057,True
mxfp8_producers,repeat-1,7adcfa610c2977f8ddbd311838c6af57b27ad87f,mxfp8_producers__contract_14,128.83149999999998,52.48,2.454868521341463,True
mxfp8_producers,repeat-1,7adcfa610c2977f8ddbd311838c6af57b27ad87f,mxfp8_producers__contract_15,115.60000000000001,45.0075,2.5684608120868746,True
mxfp8_producers,repeat-2,7adcfa610c2977f8ddbd311838c6af57b27ad87f,mxfp8_producers__contract_0,25.2,1.136,22.1830985915493,True
mxfp8_producers,repeat-2,7adcfa610c2977f8ddbd311838c6af57b27ad87f,mxfp8_producers__contract_1,26.096,1.216,21.460526315789473,True
mxfp8_producers,repeat-2,7adcfa610c2977f8ddbd311838c6af57b27ad87f,mxfp8_producers__contract_2,25.328,1.808,14.008849557522122,True
mxfp8_producers,repeat-2,7adcfa610c2977f8ddbd311838c6af57b27ad87f,mxfp8_producers__contract_3,25.36,1.568,16.1734693877551,True
mxfp8_producers,repeat-2,7adcfa610c2977f8ddbd311838c6af57b27ad87f,mxfp8_producers__contract_4,26.928,1.472,18.293478260869566,True
mxfp8_producers,repeat-2,7adcfa610c2977f8ddbd311838c6af57b27ad87f,mxfp8_producers__contract_5,27.248,1.5514999999999999,17.562359007412184,True
mxfp8_producers,repeat-2,7adcfa610c2977f8ddbd311838c6af57b27ad87f,mxfp8_producers__contract_6,26.768,2.0799999999999996,12.86923076923077,True
mxfp8_producers,repeat-2,7adcfa610c2977f8ddbd311838c6af57b27ad87f,mxfp8_producers__contract_7,26.816,2.048,13.09375,True
mxfp8_producers,repeat-2,7adcfa610c2977f8ddbd311838c6af57b27ad87f,mxfp8_producers__contract_8,30.56,4.1274999999999995,7.403997577225925,True
mxfp8_producers,repeat-2,7adcfa610c2977f8ddbd311838c6af57b27ad87f,mxfp8_producers__contract_9,33.44,5.952,5.618279569892473,True
mxfp8_producers,repeat-2,7adcfa610c2977f8ddbd311838c6af57b27ad87f,mxfp8_producers__contract_10,37.26350000000001,7.263999999999999,5.129887114537446,True
mxfp8_producers,repeat-2,7adcfa610c2977f8ddbd311838c6af57b27ad87f,mxfp8_producers__contract_11,36.639,6.144,5.963378906250001,True
mxfp8_producers,repeat-2,7adcfa610c2977f8ddbd311838c6af57b27ad87f,mxfp8_producers__contract_12,76.17550000000001,21.823999999999998,3.490446297653959,True
mxfp8_producers,repeat-2,7adcfa610c2977f8ddbd311838c6af57b27ad87f,mxfp8_producers__contract_13,79.888,37.519999999999996,2.129211087420043,True
mxfp8_producers,repeat-2,7adcfa610c2977f8ddbd311838c6af57b27ad87f,mxfp8_producers__contract_14,126.832,52.192,2.430104230533415,True
mxfp8_producers,repeat-2,7adcfa610c2977f8ddbd311838c6af57b27ad87f,mxfp8_producers__contract_15,113.0885,45.1845,2.5028162312297355,True
mxfp8_producers,repeat-3,7adcfa610c2977f8ddbd311838c6af57b27ad87f,mxfp8_producers__contract_0,25.584000000000003,1.1515,22.21797655232306,True
mxfp8_producers,repeat-3,7adcfa610c2977f8ddbd311838c6af57b27ad87f,mxfp8_producers__contract_1,26.5595,1.216,21.841694078947366,True
mxfp8_producers,repeat-3,7adcfa610c2977f8ddbd311838c6af57b27ad87f,mxfp8_producers__contract_2,26.288,1.824,14.412280701754385,True
mxfp8_producers,repeat-3,7adcfa610c2977f8ddbd311838c6af57b27ad87f,mxfp8_producers__contract_3,26.368,1.568,16.816326530612244,True
mxfp8_producers,repeat-3,7adcfa610c2977f8ddbd311838c6af57b27ad87f,mxfp8_producers__contract_4,27.4555,1.472,18.651834239130434,True
mxfp8_producers,repeat-3,7adcfa610c2977f8ddbd311838c6af57b27ad87f,mxfp8_producers__contract_5,27.6155,1.536,17.978841145833332,True
mxfp8_producers,repeat-3,7adcfa610c2977f8ddbd311838c6af57b27ad87f,mxfp8_producers__contract_6,27.504,2.0645,13.322354080891257,True
mxfp8_producers,repeat-3,7adcfa610c2977f8ddbd311838c6af57b27ad87f,mxfp8_producers__contract_7,27.616000000000003,2.048,13.484375000000002,True
mxfp8_producers,repeat-3,7adcfa610c2977f8ddbd311838c6af57b27ad87f,mxfp8_producers__contract_8,30.720000000000002,4.128,7.44186046511628,True
mxfp8_producers,repeat-3,7adcfa610c2977f8ddbd311838c6af57b27ad87f,mxfp8_producers__contract_9,33.44,5.952,5.618279569892473,True
mxfp8_producers,repeat-3,7adcfa610c2977f8ddbd311838c6af57b27ad87f,mxfp8_producers__contract_10,37.504000000000005,7.3115000000000006,5.129453600492375,True
mxfp8_producers,repeat-3,7adcfa610c2977f8ddbd311838c6af57b27ad87f,mxfp8_producers__contract_11,37.040000000000006,6.144,6.028645833333334,True
mxfp8_producers,repeat-3,7adcfa610c2977f8ddbd311838c6af57b27ad87f,mxfp8_producers__contract_12,55.903999999999996,21.8235,2.5616422663642404,True
mxfp8_producers,repeat-3,7adcfa610c2977f8ddbd311838c6af57b27ad87f,mxfp8_producers__contract_13,79.808,37.568000000000005,2.1243611584327087,True
mxfp8_producers,repeat-3,7adcfa610c2977f8ddbd311838c6af57b27ad87f,mxfp8_producers__contract_14,126.81550000000003,52.4165,2.419381301689354,True
mxfp8_producers,repeat-3,7adcfa610c2977f8ddbd311838c6af57b27ad87f,mxfp8_producers__contract_15,113.52,45.0885,2.517715160184969,True
vdn_delta_factors,repeat-1,7a69cc734dec008a556731ba49ebb2205247ba45,vdn_delta_factors__native_0,158.97549999999998,157.456,1.0096503150086373,True
vdn_delta_factors,repeat-1,7a69cc734dec008a556731ba49ebb2205247ba45,vdn_delta_factors__contract_1,83.6315,83.552,1.0009515032554577,True
vdn_delta_factors,repeat-1,7a69cc734dec008a556731ba49ebb2205247ba45,vdn_delta_factors__contract_2,84.768,84.65549999999999,1.0013289154278222,True
vdn_delta_factors,repeat-2,7a69cc734dec008a556731ba49ebb2205247ba45,vdn_delta_factors__native_0,159.168,157.632,1.0097442143727162,True
vdn_delta_factors,repeat-2,7a69cc734dec008a556731ba49ebb2205247ba45,vdn_delta_factors__contract_1,82.752,82.62400000000001,1.0015491866769946,True
vdn_delta_factors,repeat-2,7a69cc734dec008a556731ba49ebb2205247ba45,vdn_delta_factors__contract_2,83.8715,83.71199999999999,1.0019053421253823,True
vdn_delta_factors,repeat-3,7a69cc734dec008a556731ba49ebb2205247ba45,vdn_delta_factors__native_0,159.0235,157.50400000000002,1.0096473740349452,True
vdn_delta_factors,repeat-3,7a69cc734dec008a556731ba49ebb2205247ba45,vdn_delta_factors__contract_1,84.68800000000002,84.591,1.0011466940927523,True
vdn_delta_factors,repeat-3,7a69cc734dec008a556731ba49ebb2205247ba45,vdn_delta_factors__contract_2,85.712,85.43900000000001,1.0031952621168319,True
interleaved_rope_fp64,repeat-1,61d241b9143f9198de449efbfcfb86bb6eaec401,interleaved_rope_fp64__native_0,63.93600000000001,39.967999999999996,1.5996797437950363,True
interleaved_rope_fp64,repeat-1,61d241b9143f9198de449efbfcfb86bb6eaec401,interleaved_rope_fp64__contract_1,1.408,1.4400000000000002,0.9777777777777777,True
interleaved_rope_fp64,repeat-1,61d241b9143f9198de449efbfcfb86bb6eaec401,interleaved_rope_fp64__contract_2,1.4400000000000002,1.5514999999999999,0.928134063809217,True
interleaved_rope_fp64,repeat-1,61d241b9143f9198de449efbfcfb86bb6eaec401,interleaved_rope_fp64__contract_3,4.128,4.0,1.0319999999999998,True
interleaved_rope_fp64,repeat-1,61d241b9143f9198de449efbfcfb86bb6eaec401,interleaved_rope_fp64__contract_4,5.92,5.824,1.0164835164835164,True
interleaved_rope_fp64,repeat-1,61d241b9143f9198de449efbfcfb86bb6eaec401,interleaved_rope_fp64__contract_5,1.4085,1.4400000000000002,0.9781249999999999,True
interleaved_rope_fp64,repeat-1,61d241b9143f9198de449efbfcfb86bb6eaec401,interleaved_rope_fp64__contract_6,1.536,1.568,0.979591836734694,True
interleaved_rope_fp64,repeat-1,61d241b9143f9198de449efbfcfb86bb6eaec401,interleaved_rope_fp64__contract_7,6.08,6.176,0.9844559585492229,True
interleaved_rope_fp64,repeat-1,61d241b9143f9198de449efbfcfb86bb6eaec401,interleaved_rope_fp64__contract_8,9.584,9.6,0.9983333333333333,True
interleaved_rope_fp64,repeat-2,61d241b9143f9198de449efbfcfb86bb6eaec401,interleaved_rope_fp64__native_0,64.08,39.919999999999995,1.6052104208416835,True
interleaved_rope_fp64,repeat-2,61d241b9143f9198de449efbfcfb86bb6eaec401,interleaved_rope_fp64__contract_1,1.408,1.4400000000000002,0.9777777777777777,True
interleaved_rope_fp64,repeat-2,61d241b9143f9198de449efbfcfb86bb6eaec401,interleaved_rope_fp64__contract_2,1.4244999999999999,1.536,0.9274088541666666,True
interleaved_rope_fp64,repeat-2,61d241b9143f9198de449efbfcfb86bb6eaec401,interleaved_rope_fp64__contract_3,4.0965,4.0,1.0241249999999997,True
interleaved_rope_fp64,repeat-2,61d241b9143f9198de449efbfcfb86bb6eaec401,interleaved_rope_fp64__contract_4,5.921,5.8405000000000005,1.0137830665182774,True
interleaved_rope_fp64,repeat-2,61d241b9143f9198de449efbfcfb86bb6eaec401,interleaved_rope_fp64__contract_5,1.408,1.4400000000000002,0.9777777777777777,True
interleaved_rope_fp64,repeat-2,61d241b9143f9198de449efbfcfb86bb6eaec401,interleaved_rope_fp64__contract_6,1.488,1.5675,0.9492822966507177,True
interleaved_rope_fp64,repeat-2,61d241b9143f9198de449efbfcfb86bb6eaec401,interleaved_rope_fp64__contract_7,6.08,6.176,0.9844559585492229,True
interleaved_rope_fp64,repeat-2,61d241b9143f9198de449efbfcfb86bb6eaec401,interleaved_rope_fp64__contract_8,9.6,9.6,1.0,True
interleaved_rope_fp64,repeat-3,61d241b9143f9198de449efbfcfb86bb6eaec401,interleaved_rope_fp64__native_0,63.839999999999996,40.0,1.5959999999999999,True
interleaved_rope_fp64,repeat-3,61d241b9143f9198de449efbfcfb86bb6eaec401,interleaved_rope_fp64__contract_1,1.408,1.4400000000000002,0.9777777777777777,True
interleaved_rope_fp64,repeat-3,61d241b9143f9198de449efbfcfb86bb6eaec401,interleaved_rope_fp64__contract_2,1.4085,1.52,0.9266447368421052,True
interleaved_rope_fp64,repeat-3,61d241b9143f9198de449efbfcfb86bb6eaec401,interleaved_rope_fp64__contract_3,4.111999999999999,4.0,1.0279999999999998,True
interleaved_rope_fp64,repeat-3,61d241b9143f9198de449efbfcfb86bb6eaec401,interleaved_rope_fp64__contract_4,5.92,5.825,1.0163090128755363,True
interleaved_rope_fp64,repeat-3,61d241b9143f9198de449efbfcfb86bb6eaec401,interleaved_rope_fp64__contract_5,1.408,1.4400000000000002,0.9777777777777777,True
interleaved_rope_fp64,repeat-3,61d241b9143f9198de449efbfcfb86bb6eaec401,interleaved_rope_fp64__contract_6,1.504,1.536,0.9791666666666666,True
interleaved_rope_fp64,repeat-3,61d241b9143f9198de449efbfcfb86bb6eaec401,interleaved_rope_fp64__contract_7,6.08,6.176,0.9844559585492229,True
interleaved_rope_fp64,repeat-3,61d241b9143f9198de449efbfcfb86bb6eaec401,interleaved_rope_fp64__contract_8,9.6,9.6,1.0,True
scaled_residual_add,repeat-1,61d241b9143f9198de449efbfcfb86bb6eaec401,scaled_residual_add__native_0,10.7195,10.687999999999999,1.0029472305389222,True
scaled_residual_add,repeat-1,61d241b9143f9198de449efbfcfb86bb6eaec401,scaled_residual_add__contract_1,1.28,1.248,1.0256410256410258,True
scaled_residual_add,repeat-2,61d241b9143f9198de449efbfcfb86bb6eaec401,scaled_residual_add__native_0,10.72,10.687999999999999,1.0029940119760479,True
scaled_residual_add,repeat-2,61d241b9143f9198de449efbfcfb86bb6eaec401,scaled_residual_add__contract_1,1.248,1.248,1.0,True
scaled_residual_add,repeat-3,61d241b9143f9198de449efbfcfb86bb6eaec401,scaled_residual_add__native_0,10.687999999999999,10.687999999999999,1.0,True
scaled_residual_add,repeat-3,61d241b9143f9198de449efbfcfb86bb6eaec401,scaled_residual_add__contract_1,1.2645,1.2315,1.0267965895249695,True
usp_merge_heads,repeat-1,6ce3fcbdfb7af2d390c007e0f94e41ef71e0ed69,usp_merge_heads__native_0,68.591,58.751,1.1674865108679002,True
usp_merge_heads,repeat-1,6ce3fcbdfb7af2d390c007e0f94e41ef71e0ed69,usp_merge_heads__contract_1,1.632,1.3760000000000001,1.1860465116279069,True
usp_merge_heads,repeat-1,6ce3fcbdfb7af2d390c007e0f94e41ef71e0ed69,usp_merge_heads__contract_2,2.0315000000000003,2.048,0.9919433593750002,True
usp_merge_heads,repeat-1,6ce3fcbdfb7af2d390c007e0f94e41ef71e0ed69,usp_merge_heads__contract_3,12.4475,11.2,1.1113839285714286,True
usp_merge_heads,repeat-1,6ce3fcbdfb7af2d390c007e0f94e41ef71e0ed69,usp_merge_heads__contract_4,1.632,1.3760000000000001,1.1860465116279069,True
usp_merge_heads,repeat-1,6ce3fcbdfb7af2d390c007e0f94e41ef71e0ed69,usp_merge_heads__contract_5,2.016,2.047,0.9848558866634097,True
usp_merge_heads,repeat-1,6ce3fcbdfb7af2d390c007e0f94e41ef71e0ed69,usp_merge_heads__contract_6,12.4635,11.232000000000001,1.109642094017094,True
usp_merge_heads,repeat-1,6ce3fcbdfb7af2d390c007e0f94e41ef71e0ed69,usp_merge_heads__contract_7,1.664,1.408,1.1818181818181819,True
usp_merge_heads,repeat-1,6ce3fcbdfb7af2d390c007e0f94e41ef71e0ed69,usp_merge_heads__contract_8,2.048,2.048,1.0,True
usp_merge_heads,repeat-1,6ce3fcbdfb7af2d390c007e0f94e41ef71e0ed69,usp_merge_heads__contract_9,21.887,19.072,1.1475985738255035,True
usp_merge_heads,repeat-2,6ce3fcbdfb7af2d390c007e0f94e41ef71e0ed69,usp_merge_heads__native_0,68.543,58.783500000000004,1.1660244796584076,True
usp_merge_heads,repeat-2,6ce3fcbdfb7af2d390c007e0f94e41ef71e0ed69,usp_merge_heads__contract_1,1.632,1.3760000000000001,1.1860465116279069,True
usp_merge_heads,repeat-2,6ce3fcbdfb7af2d390c007e0f94e41ef71e0ed69,usp_merge_heads__contract_2,2.016,2.048,0.984375,True
usp_merge_heads,repeat-2,6ce3fcbdfb7af2d390c007e0f94e41ef71e0ed69,usp_merge_heads__contract_3,12.448,11.2,1.1114285714285714,True
usp_merge_heads,repeat-2,6ce3fcbdfb7af2d390c007e0f94e41ef71e0ed69,usp_merge_heads__contract_4,1.632,1.3760000000000001,1.1860465116279069,True
usp_merge_heads,repeat-2,6ce3fcbdfb7af2d390c007e0f94e41ef71e0ed69,usp_merge_heads__contract_5,2.047,2.048,0.9995117187500001,True
usp_merge_heads,repeat-2,6ce3fcbdfb7af2d390c007e0f94e41ef71e0ed69,usp_merge_heads__contract_6,12.448,11.232000000000001,1.1082621082621082,True
usp_merge_heads,repeat-2,6ce3fcbdfb7af2d390c007e0f94e41ef71e0ed69,usp_merge_heads__contract_7,1.664,1.408,1.1818181818181819,True
usp_merge_heads,repeat-2,6ce3fcbdfb7af2d390c007e0f94e41ef71e0ed69,usp_merge_heads__contract_8,2.048,2.048,1.0,True
usp_merge_heads,repeat-2,6ce3fcbdfb7af2d390c007e0f94e41ef71e0ed69,usp_merge_heads__contract_9,21.8875,19.072,1.1476247902684564,True
usp_merge_heads,repeat-3,6ce3fcbdfb7af2d390c007e0f94e41ef71e0ed69,usp_merge_heads__native_0,68.463,58.798500000000004,1.1643664379193346,True
usp_merge_heads,repeat-3,6ce3fcbdfb7af2d390c007e0f94e41ef71e0ed69,usp_merge_heads__contract_1,1.632,1.3760000000000001,1.1860465116279069,True
usp_merge_heads,repeat-3,6ce3fcbdfb7af2d390c007e0f94e41ef71e0ed69,usp_merge_heads__contract_2,2.047,2.048,0.9995117187500001,True
usp_merge_heads,repeat-3,6ce3fcbdfb7af2d390c007e0f94e41ef71e0ed69,usp_merge_heads__contract_3,12.416,11.2,1.1085714285714285,True
usp_merge_heads,repeat-3,6ce3fcbdfb7af2d390c007e0f94e41ef71e0ed69,usp_merge_heads__contract_4,1.632,1.3755,1.1864776444929117,True
usp_merge_heads,repeat-3,6ce3fcbdfb7af2d390c007e0f94e41ef71e0ed69,usp_merge_heads__contract_5,2.016,2.048,0.984375,True
usp_merge_heads,repeat-3,6ce3fcbdfb7af2d390c007e0f94e41ef71e0ed69,usp_merge_heads__contract_6,12.4475,11.2,1.1113839285714286,True
usp_merge_heads,repeat-3,6ce3fcbdfb7af2d390c007e0f94e41ef71e0ed69,usp_merge_heads__contract_7,1.664,1.408,1.1818181818181819,True
usp_merge_heads,repeat-3,6ce3fcbdfb7af2d390c007e0f94e41ef71e0ed69,usp_merge_heads__contract_8,2.048,2.048,1.0,True
usp_merge_heads,repeat-3,6ce3fcbdfb7af2d390c007e0f94e41ef71e0ed69,usp_merge_heads__contract_9,21.8875,19.072,1.1476247902684564,True
