{
  "paired_speedup_vs_main": {
    "denoise_s": {
      "cv": 0.027945863402891114,
      "mean": 1.1253608713039127,
      "stdev": 0.03144918118841767,
      "values": [
        1.1229162651073408,
        1.103938251166828,
        1.1546446048855237,
        1.1588402737855137,
        1.086464961574357
      ]
    },
    "median_step_ms": {
      "cv": 0.02839677775816452,
      "mean": 1.1374414347486077,
      "stdev": 0.032299671635484,
      "values": [
        1.1229290294085463,
        1.144636739319412,
        1.166268359734929,
        1.1644248649548092,
        1.0889481803253425
      ]
    },
    "peak_mem_gb": {
      "cv": 0.0,
      "mean": 1.0,
      "stdev": 0.0,
      "values": [
        1.0,
        1.0,
        1.0,
        1.0,
        1.0
      ]
    },
    "step2_plus_s": {
      "cv": 0.027497293176582217,
      "mean": 1.125722002435992,
      "stdev": 0.03095430793631167,
      "values": [
        1.12373875030249,
        1.1060829798974159,
        1.1536074988671337,
        1.1589623404962375,
        1.0862184426166837
      ]
    },
    "total_s": {
      "cv": 0.028450087696423498,
      "mean": 1.1208461646897674,
      "stdev": 0.031888171679623815,
      "values": [
        1.1197066861635003,
        1.0948337447700407,
        1.1507689773862424,
        1.1547471346174638,
        1.084174280511589
      ]
    }
  },
  "rows": {
    "main": [
      {
        "denoise_s": 10.654162184335291,
        "median_step_ms": 212.7524830866605,
        "path": "/tmp/pr27392_final_b200/main/qwen_main_run1.json",
        "peak_mem_gb": 45.6640625,
        "run": 1,
        "step2_plus_s": 10.215684064198285,
        "total_s": 10.903482627123594,
        "variant": "main"
      },
      {
        "denoise_s": 12.55026234081015,
        "median_step_ms": 254.7904159873724,
        "path": "/tmp/pr27392_final_b200/main/qwen_main_run2.json",
        "peak_mem_gb": 45.6640625,
        "run": 2,
        "step2_plus_s": 12.096659107133746,
        "total_s": 12.80309962714091,
        "variant": "main"
      },
      {
        "denoise_s": 11.103805994149297,
        "median_step_ms": 221.848871326074,
        "path": "/tmp/pr27392_final_b200/main/qwen_main_run3.json",
        "peak_mem_gb": 45.6640625,
        "run": 3,
        "step2_plus_s": 10.645066565833986,
        "total_s": 11.353458658792078,
        "variant": "main"
      },
      {
        "denoise_s": 11.007015755865723,
        "median_step_ms": 220.12398135848343,
        "path": "/tmp/pr27392_final_b200/main/qwen_main_run4.json",
        "peak_mem_gb": 45.6640625,
        "run": 4,
        "step2_plus_s": 10.556361782364547,
        "total_s": 11.256652144249529,
        "variant": "main"
      },
      {
        "denoise_s": 10.603663249872625,
        "median_step_ms": 211.59716346301138,
        "path": "/tmp/pr27392_final_b200/main/qwen_main_run5.json",
        "peak_mem_gb": 45.6640625,
        "run": 5,
        "step2_plus_s": 10.169000275898725,
        "total_s": 10.853128553368151,
        "variant": "main"
      }
    ],
    "pr": [
      {
        "denoise_s": 9.487940032035112,
        "median_step_ms": 189.46209200657904,
        "path": "/tmp/pr27392_final_b200/pr/qwen_pr_run1.json",
        "peak_mem_gb": 45.6640625,
        "run": 1,
        "step2_plus_s": 9.090799851343036,
        "total_s": 9.737802552990615,
        "variant": "pr"
      },
      {
        "denoise_s": 11.36862711980939,
        "median_step_ms": 222.59500087238848,
        "path": "/tmp/pr27392_final_b200/pr/qwen_pr_run2.json",
        "peak_mem_gb": 45.6640625,
        "run": 2,
        "step2_plus_s": 10.936484266538173,
        "total_s": 11.694103957153857,
        "variant": "pr"
      },
      {
        "denoise_s": 9.616643898189068,
        "median_step_ms": 190.2211180422455,
        "path": "/tmp/pr27392_final_b200/pr/qwen_pr_run3.json",
        "peak_mem_gb": 45.6640625,
        "run": 3,
        "step2_plus_s": 9.227632948197424,
        "total_s": 9.865975605789572,
        "variant": "pr"
      },
      {
        "denoise_s": 9.498302747029811,
        "median_step_ms": 189.0409488696605,
        "path": "/tmp/pr27392_final_b200/pr/qwen_pr_run4.json",
        "peak_mem_gb": 45.6640625,
        "run": 4,
        "step2_plus_s": 9.108459708746523,
        "total_s": 9.748153346125036,
        "variant": "pr"
      },
      {
        "denoise_s": 9.759783909190446,
        "median_step_ms": 194.3133450113237,
        "path": "/tmp/pr27392_final_b200/pr/qwen_pr_run5.json",
        "peak_mem_gb": 45.6640625,
        "run": 5,
        "step2_plus_s": 9.361837248317897,
        "total_s": 10.01050176937133,
        "variant": "pr"
      }
    ]
  },
  "speedup_vs_main_mean": {
    "denoise_s": 1.1244208798919229,
    "median_step_ms": 1.1374552987643134,
    "peak_mem_gb": 1.0,
    "step2_plus_s": 1.124830404519449,
    "total_s": 1.119735585504622
  },
  "summary": {
    "main": {
      "denoise_s": {
        "cv": 0.07099850405299048,
        "mean": 11.183781905006617,
        "stdev": 0.7940317849103739,
        "values": [
          10.654162184335291,
          12.55026234081015,
          11.103805994149297,
          11.007015755865723,
          10.603663249872625
        ]
      },
      "median_step_ms": {
        "cv": 0.07877009698332417,
        "mean": 224.22258304432034,
        "stdev": 17.662034612252572,
        "values": [
          212.7524830866605,
          254.7904159873724,
          221.848871326074,
          220.12398135848343,
          211.59716346301138
        ]
      },
      "peak_mem_gb": {
        "cv": 0.0,
        "mean": 45.6640625,
        "stdev": 0.0,
        "values": [
          45.6640625,
          45.6640625,
          45.6640625,
          45.6640625,
          45.6640625
        ]
      },
      "step2_plus_s": {
        "cv": 0.07339961696748597,
        "mean": 10.736554359085858,
        "stdev": 0.7880589775074938,
        "values": [
          10.215684064198285,
          12.096659107133746,
          10.645066565833986,
          10.556361782364547,
          10.169000275898725
        ]
      },
      "total_s": {
        "cv": 0.06957276391422694,
        "mean": 11.433964322134852,
        "stdev": 0.7954925003875819,
        "values": [
          10.903482627123594,
          12.80309962714091,
          11.353458658792078,
          11.256652144249529,
          10.853128553368151
        ]
      }
    },
    "pr": {
      "denoise_s": {
        "cv": 0.08070311146574118,
        "mean": 9.946259541250765,
        "stdev": 0.8026940924247521,
        "values": [
          9.487940032035112,
          11.36862711980939,
          9.616643898189068,
          9.498302747029811,
          9.759783909190446
        ]
      },
      "median_step_ms": {
        "cv": 0.0730020516842148,
        "mean": 197.12650096043944,
        "stdev": 14.390639011442417,
        "values": [
          189.46209200657904,
          222.59500087238848,
          190.2211180422455,
          189.0409488696605,
          194.3133450113237
        ]
      },
      "peak_mem_gb": {
        "cv": 0.0,
        "mean": 45.6640625,
        "stdev": 0.0,
        "values": [
          45.6640625,
          45.6640625,
          45.6640625,
          45.6640625,
          45.6640625
        ]
      },
      "step2_plus_s": {
        "cv": 0.08228273983398705,
        "mean": 9.545042804628611,
        "stdev": 0.7853922737975262,
        "values": [
          9.090799851343036,
          10.936484266538173,
          9.227632948197424,
          9.108459708746523,
          9.361837248317897
        ]
      },
      "total_s": {
        "cv": 0.08189048017570733,
        "mean": 10.211307446286082,
        "stdev": 0.8362088699981429,
        "values": [
          9.737802552990615,
          11.694103957153857,
          9.865975605789572,
          9.748153346125036,
          10.01050176937133
        ]
      }
    }
  }
}