Flax classes are deprecated and will be removed in Diffusers v1.0.0. We recommend migrating to PyTorch classes or pinning your version of Diffusers.
Flax classes are deprecated and will be removed in Diffusers v1.0.0. We recommend migrating to PyTorch classes or pinning your version of Diffusers.
[09-20 06:52:15] server_args: {"model_path": "robbyant/lingbot-world-v2-14b-causal-fast-diffusers", "model_subfolder": null, "model_variant": null, "model_id": null, "served_model_name": "robbyant/lingbot-world-v2-14b-causal-fast-diffusers", "backend": "auto", "attention_backend": null, "enable_attention_backend_autotune": false, "attention_backend_config": {}, "component_attention_backends": {}, "cache_dit_config": null, "nccl_port": null, "enable_nccl_nvls": false, "trust_remote_code": false, "revision": null, "num_gpus": 1, "performance_mode": "manual", "base_gpu_id": 0, "gpu_ids": null, "nnodes": 1, "node_rank": 0, "dist_init_addr": null, "tp_size": 1, "sp_degree": 1, "ulysses_degree": 1, "ring_degree": 1, "kv_gather_degree": 1, "sp_split_auto": false, "dp_size": 1, "enable_cfg_parallel": false, "cfg_parallel_degree": 1, "encoder_parallel": "auto", "hsdp_replicate_dim": 1, "hsdp_shard_dim": 1, "dist_timeout": 3600, "scheduler_rpc_timeout": null, "pipeline_class_name": null, "lora_path": null, "lora_nickname": "default", "lora_scale": 1.0, "lora_alpha": null, "lora_merge_mode": "auto", "lora_weight_name": null, "component_paths": {}, "component_weights_paths": {}, "component_direct_gpu_weight_loading": {}, "component_quantizations": {}, "component_precisions": {}, "component_quantization_ignored_layers": {}, "load_diffusion_decoder": false, "transformer_weights_path": null, "minimax_h3_adaln_cache_path": null, "minimax_h3_adaln_online": false, "minimax_h3_adaln_plan_width": 4, "minimax_h3_adaln_host_cache_gb": 8.0, "quantization": null, "quantization_ignored_layers": null, "lora_target_modules": null, "component_residency": null, "cpu_offload_components": null, "dit_cpu_offload": false, "direct_gpu_weight_loading": false, "dit_layerwise_offload": false, "layerwise_offload_components": null, "dit_offload_prefetch_size": 0.0, "dit_layerwise_resident_layers": 0.0, "dit_layerwise_residency_policy": "leading", "layerwise_prefetch_size": {}, "layerwise_resident_layers": {}, "layerwise_residency_policy": {}, "offload_during_compile": true, "text_encoder_cpu_offload": true, "image_encoder_cpu_offload": null, "vae_cpu_offload": false, "use_fsdp_inference": null, "pin_cpu_memory": true, "ltx2_two_stage_device_mode": null, "comfyui_mode": false, "enable_torch_compile": false, "regional_compile": false, "enable_breakable_cuda_graph": false, "bcg_text_buckets": null, "enable_layerwise_nvtx_marker": false, "warmup_mode": "server", "warmup_resolutions": ["832x480"], "warmup_num_frames": 9, "warmup_steps": 1, "warmup_sampling_params": null, "disable_autocast": false, "master_port": 24304, "host": "127.0.0.1", "port": 24204, "enable_metrics": false, "webui": false, "webui_port": 12312, "scheduler_port": 5580, "scheduler_ports": [5580], "batching_mode": "dynamic", "batching_max_size": 1, "batching_delay_ms": 0.0, "batching_config": null, "enable_batching_metrics": false, "strict_ports": false, "output_path": "outputs/", "input_save_path": "inputs/uploads", "prompt_file_path": null, "model_paths": {}, "model_loaded": {"transformer": true, "vae": true, "video_vae": true, "audio_vae": true, "video_dit": true, "audio_dit": true, "dual_tower_bridge": true}, "boundary_ratio": null, "disagg_role": "monolithic", "disagg_timeout": 3600, "disagg_downstream_wait_timeout": 1800, "disagg_dispatch_policy": "round_robin", "disagg_mode": false, "disagg_instance_id": 0, "disagg_max_slots_per_instance": 8, "disagg_transfer_redundancy": 1.25, "disagg_role_device": "auto", "disagg_transfer_backend": "auto", "disagg_transfer_pool_size": 268435456, "disagg_transfer_pin_memory": "auto", "disagg_p2p_hostname": "127.0.0.1", "disagg_ib_device": null, "disagg_server_addr": null, "encoder_urls": null, "denoiser_urls": null, "decoder_urls": null, "encoder_tp": null, "denoiser_tp": null, "denoiser_sp": null, "denoiser_ulysses": null, "denoiser_ring": null, "decoder_sp": null, "pool_work_endpoint": null, "pool_result_endpoint": null, "pool_control_endpoint": null, "pool_control_advertised_endpoint": null, "log_level": "info", "log_requests": false, "log_requests_level": 2, "log_requests_format": "text", "log_requests_target": null, "uvicorn_access_log_exclude_prefixes": [], "enable_cache_report": false, "enable_trace": false, "otlp_traces_endpoint": "localhost:4317", "otlp_service_name": null, "srt_encoder_url": null, "srt_encoder_connect_timeout": 3.05, "srt_encoder_timeout": 100, "pe_server_url": null}
[09-20 06:52:15] Starting server...
Flax classes are deprecated and will be removed in Diffusers v1.0.0. We recommend migrating to PyTorch classes or pinning your version of Diffusers.
Flax classes are deprecated and will be removed in Diffusers v1.0.0. We recommend migrating to PyTorch classes or pinning your version of Diffusers.
[09-20 06:52:27] Scheduler (dp replica 0) bind at endpoint: tcp://127.0.0.1:5580
[09-20 06:52:27] torch.compile cache: TORCHINDUCTOR_CACHE_DIR=/campaign/model-caches/lingbot-world-v2-cycle/sglang/torch_compile_cache/inductor TRITON_CACHE_DIR=/campaign/model-caches/lingbot-world-v2-cycle/sglang/torch_compile_cache/triton
[09-20 06:52:27] Initializing distributed environment with world_size=1, device=cuda:0, timeout=3600
[09-20 06:52:27] Setting distributed timeout to 3600 seconds
[09-20 06:52:28] No pipeline_class_name specified, using model_index.json
[09-20 06:52:30] Using pipeline from model_index.json: LingBotWorldCausalDMDPipeline
[09-20 06:52:30] Loading pipeline modules...
[09-20 06:52:30] Checking for cached model in Hugging Face Hub cache for robbyant/lingbot-world-v2-14b-causal-fast-diffusers...
[09-20 06:52:30] Found complete model in cache at /campaign/model-caches/lingbot-world-v2-cycle/huggingface/hub/models--robbyant--lingbot-world-v2-14b-causal-fast-diffusers/snapshots/59cccf49f2d2dd27418ae7a04b82b10868d455c2
[09-20 06:52:30] Model path: /campaign/model-caches/lingbot-world-v2-cycle/huggingface/hub/models--robbyant--lingbot-world-v2-14b-causal-fast-diffusers/snapshots/59cccf49f2d2dd27418ae7a04b82b10868d455c2
[09-20 06:52:30] Diffusers version: 0.35.0.dev0
[09-20 06:52:30] Loading pipeline modules from config: {'_class_name': 'LingBotWorldCausalDMDPipeline', '_diffusers_version': '0.35.0.dev0', 'boundary_ratio': 0.9, 'image_encoder': [None, None], 'image_processor': [None, None], 'scheduler': ['diffusers', 'UniPCMultistepScheduler'], 'text_encoder': ['transformers', 'UMT5EncoderModel'], 'tokenizer': ['transformers', 'T5TokenizerFast'], 'transformer': ['diffusers', 'CausalLingBotWorldTransformer3DModel'], 'transformer_2': [None, None], 'vae': ['diffusers', 'AutoencoderKLWan']}
[09-20 06:52:30] MoE pipeline detected. Adding transformer_2 to self.required_config_modules...
[09-20 06:52:30] Setting boundary ratio to 0.9
[09-20 06:52:30] Loading required components: ['text_encoder', 'tokenizer', 'vae', 'transformer', 'scheduler', 'image_encoder', 'image_processor', 'transformer_2']
[93m[09-20 06:52:30] Module image_encoder in model_index.json has null value, removing from required_config_modules[0;0m
[93m[09-20 06:52:30] Module image_processor in model_index.json has null value, removing from required_config_modules[0;0m
[93m[09-20 06:52:30] Module transformer_2 in model_index.json has null value, removing from required_config_modules[0;0m
[09-20 06:52:30] Memory-aware component load order: ['transformer', 'text_encoder', 'vae', 'tokenizer', 'scheduler']
Loading required modules:   0%|          | 0/5 [00:00<?, ?it/s][09-20 06:52:30] Loading transformer from /campaign/model-caches/lingbot-world-v2-cycle/huggingface/hub/models--robbyant--lingbot-world-v2-14b-causal-fast-diffusers/snapshots/59cccf49f2d2dd27418ae7a04b82b10868d455c2/transformer. avail mem: 138.65 GB
[09-20 06:52:30] Loading CausalLingBotWorldTransformer3DModel from 8 safetensors file(s) , param_dtype: torch.bfloat16

Loading safetensors checkpoint shards: 0%|          | 0/8[ALoading safetensors checkpoint shards: 100%|██████████| 8/8
[09-20 06:52:39] Attention backends for transformer: fa
[09-20 06:52:39] Loaded transformer: CausalLingBotWorldTransformer3DModel (sgl-diffusion version). model size: 40.4 GB, vram: 40.40 GB. avail GPU mem: 96.74 GB
Loading required modules:  20%|██        | 1/5 [00:08<00:35,  8.84s/it][09-20 06:52:39] Loading text_encoder from /campaign/model-caches/lingbot-world-v2-cycle/huggingface/hub/models--robbyant--lingbot-world-v2-14b-causal-fast-diffusers/snapshots/59cccf49f2d2dd27418ae7a04b82b10868d455c2/text_encoder. avail mem: 96.74 GB

Loading safetensors checkpoint shards: 0%|          | 0/3[A
Loading safetensors checkpoint shards: 33%|███▎      | 1/3[A
Loading safetensors checkpoint shards: 67%|██████▋   | 2/3[A
Loading safetensors checkpoint shards: 100%|██████████| 3/3[ALoading safetensors checkpoint shards: 100%|██████████| 3/3
[09-20 06:52:40] Loaded text_encoder: UMT5EncoderModel (sgl-diffusion version). model size: 10.58 GB, host pageable: 10.58 GB. avail GPU mem: 96.74 GB
Loading required modules:  40%|████      | 2/5 [00:09<00:12,  4.28s/it][09-20 06:52:40] Loading vae from /campaign/model-caches/lingbot-world-v2-cycle/huggingface/hub/models--robbyant--lingbot-world-v2-14b-causal-fast-diffusers/snapshots/59cccf49f2d2dd27418ae7a04b82b10868d455c2/vae. avail mem: 96.74 GB
[09-20 06:52:40] VAE: converted 61 Conv3d weights to channels_last_3d
[09-20 06:52:40] Wan VAE: installed quality-gated fast path (29 RMSNorm+SiLU fusions, 3 channels_last upsamples).
[09-20 06:52:40] Loaded vae: AutoencoderKLWan (sgl-diffusion version). model size: 0.47 GB, vram: 0.47 GB. avail GPU mem: 96.72 GB
Loading required modules:  60%|██████    | 3/5 [00:10<00:04,  2.43s/it][09-20 06:52:40] Loading tokenizer from /campaign/model-caches/lingbot-world-v2-cycle/huggingface/hub/models--robbyant--lingbot-world-v2-14b-causal-fast-diffusers/snapshots/59cccf49f2d2dd27418ae7a04b82b10868d455c2/tokenizer. avail mem: 96.72 GB
[09-20 06:52:42] Loaded tokenizer: T5Tokenizer (sgl-diffusion version). model size: NA GB, weights: none. avail GPU mem: 96.72 GB
Loading required modules:  80%|████████  | 4/5 [00:11<00:02,  2.13s/it][09-20 06:52:42] Loading scheduler from /campaign/model-caches/lingbot-world-v2-cycle/huggingface/hub/models--robbyant--lingbot-world-v2-14b-causal-fast-diffusers/snapshots/59cccf49f2d2dd27418ae7a04b82b10868d455c2/scheduler. avail mem: 96.72 GB
[09-20 06:52:42] Loaded scheduler: UniPCMultistepScheduler (sgl-diffusion version). model size: NA GB, weights: none. avail GPU mem: 96.72 GB
Loading required modules: 100%|██████████| 5/5 [00:11<00:00,  2.36s/it]
[09-20 06:52:42] Creating pipeline stages...
[09-20 06:52:42] Using fa attention backend
[09-20 06:52:42] Pipeline instantiated
[09-20 06:52:42] Worker 0: Initialized device, model, and distributed environment.
[09-20 06:52:42] Worker 0: Scheduler loop started.
[09-20 06:52:42] Starting FastAPI server.
[2026-09-20 06:52:42] [32mINFO[0m:     Started server process [[36m128829[0m]
[2026-09-20 06:52:42] [32mINFO[0m:     Waiting for application startup.
[09-20 06:52:42] ZMQ Broker is listening for offline jobs on tcp://127.0.0.1:24205
[2026-09-20 06:52:42] [32mINFO[0m:     Application startup complete.
[2026-09-20 06:52:42] [32mINFO[0m:     Uvicorn running on [1mhttp://127.0.0.1:24204[0m (Press CTRL+C to quit)
[2026-09-20 06:52:42] [32mINFO[0m:     127.0.0.1:39668 - "[1mGET /health HTTP/1.1[0m" [32m200 OK[0m
[2026-09-20 06:52:42] [32mINFO[0m:     127.0.0.1:39678 - "WebSocket /v1/realtime_video/generate" [accepted]
[2026-09-20 06:52:42] [32mINFO[0m:     connection open
[09-20 06:52:42] Adjusting number of frames from 21 to 21 based on model
[09-20 06:52:42] Sampling params:
                       width: 832
                      height: 480
                  num_frames: 21
                         fps: 16
                      prompt: <redacted, len=62>
                  neg_prompt: None
                        seed: 41
                 infer_steps: 4
      num_outputs_per_prompt: 1
              guidance_scale: 1.0
     embedded_guidance_scale: 6.0
                    n_tokens: None
                  flow_shift: 5.0
                  image_path: inputs/uploads/748a087c67534d3abe58597bee7df5fd_first_frame
                 save_output: False
            output_file_path: outputs/748a087c67534d3abe58597bee7df5fd_100c875ed7b244908f53f3c03e2313ca.mp4
        
[09-20 06:52:42] Running pipeline stages: ['RealtimeInputValidationStage', 'RealtimeTextEncodingStage', 'AuxiliaryConditionEncodingStage', 'RealtimeImageVAEEncodingStage', 'DMDTimestepPreparationStage', 'RealtimeChunkLatentPreparationStage', 'LingBotWorldCausalDMDDenoisingStage', 'CausalVaeDecodingStage']
[09-20 06:52:42] [RealtimeInputValidationStage] started...
[09-20 06:52:42] [RealtimeInputValidationStage] finished in 0.0461 seconds
[09-20 06:52:42] [RealtimeTextEncodingStage] started...
[09-20 06:52:44] [RealtimeTextEncodingStage] finished in 1.9222 seconds
[09-20 06:52:53] [AuxiliaryConditionEncodingStage] started...
[09-20 06:52:53] [AuxiliaryConditionEncodingStage] finished in 0.0785 seconds
[09-20 06:52:53] [RealtimeImageVAEEncodingStage] started...
[09-20 06:52:54] [RealtimeImageVAEEncodingStage] finished in 1.0100 seconds
[09-20 06:52:54] [DMDTimestepPreparationStage] started...
[09-20 06:52:54] [DMDTimestepPreparationStage] finished in 0.0003 seconds
[09-20 06:52:54] [RealtimeChunkLatentPreparationStage] started...
[09-20 06:52:54] [RealtimeChunkLatentPreparationStage] finished in 0.0021 seconds
[09-20 06:52:54] [LingBotWorldCausalDMDDenoisingStage] started...
[09-20 06:52:57] [LingBotWorldCausalDMDDenoisingStage] finished in 3.0848 seconds
[09-20 06:52:57] [CausalVaeDecodingStage] started...
[09-20 06:52:58] [CausalVaeDecodingStage] finished in 0.2863 seconds
[09-20 06:52:58] realtime raw RGB frame batch timing: request_id=748a087c67534d3abe58597bee7df5fd_100c875ed7b244908f53f3c03e2313ca chunk_idx=0 sample_to_frames=4.00ms frames_to_bytes=6.07ms total=10.10ms batches=1 frames=9 frame_shape=(480, 832, 3) raw_bytes=10782720 content_type=application/x-raw-rgb
[09-20 06:52:58] Pixel data generated successfully in [92m15.67[0;0m seconds
[09-20 06:52:58] Peak memory usage: 82744.00 MB
[09-20 06:52:58] Adjusting number of frames from 21 to 21 based on model
[09-20 06:52:58] Sampling params:
                       width: 832
                      height: 480
                  num_frames: 21
                         fps: 16
                      prompt: <redacted, len=62>
                  neg_prompt: None
                        seed: 41
                 infer_steps: 4
      num_outputs_per_prompt: 1
              guidance_scale: 1.0
     embedded_guidance_scale: 6.0
                    n_tokens: None
                  flow_shift: 5.0
                  image_path: inputs/uploads/748a087c67534d3abe58597bee7df5fd_first_frame
                 save_output: False
            output_file_path: outputs/748a087c67534d3abe58597bee7df5fd_58353508f142497c9123e8a5ef372ac0.mp4
        
[09-20 06:52:58] Running pipeline stages: ['RealtimeInputValidationStage', 'RealtimeTextEncodingStage', 'AuxiliaryConditionEncodingStage', 'RealtimeImageVAEEncodingStage', 'DMDTimestepPreparationStage', 'RealtimeChunkLatentPreparationStage', 'LingBotWorldCausalDMDDenoisingStage', 'CausalVaeDecodingStage']
[09-20 06:52:58] [RealtimeInputValidationStage] started...
[09-20 06:52:58] [RealtimeInputValidationStage] finished in 0.0001 seconds
[09-20 06:52:58] [RealtimeTextEncodingStage] started...
[09-20 06:52:58] [RealtimeTextEncodingStage] finished in 0.0000 seconds
[09-20 06:52:58] [AuxiliaryConditionEncodingStage] started...
[09-20 06:52:58] [AuxiliaryConditionEncodingStage] finished in 0.0019 seconds
[09-20 06:52:58] [RealtimeImageVAEEncodingStage] started...
[09-20 06:52:58] [RealtimeImageVAEEncodingStage] finished in 0.0000 seconds
[09-20 06:52:58] [DMDTimestepPreparationStage] started...
[09-20 06:52:58] [DMDTimestepPreparationStage] finished in 0.0002 seconds
[09-20 06:52:58] [RealtimeChunkLatentPreparationStage] started...
[09-20 06:52:58] [RealtimeChunkLatentPreparationStage] finished in 0.0001 seconds
[09-20 06:52:58] [LingBotWorldCausalDMDDenoisingStage] started...
[09-20 06:52:58] realtime chunk timing: session_id=748a087c67534d3abe58597bee7df5fd request_id=748a087c67534d3abe58597bee7df5fd_100c875ed7b244908f53f3c03e2313ca chunk_idx=0 event_id=None condition_kinds=['camera_actions'] request_prepare=2.06ms scheduler_forward=15669.63ms output_pace=0.00ms header_pack=0.02ms header_write=0.06ms raw_payload_build=2.48ms raw_write=4.79ms ws_write=4.85ms chunk_total=15680.50ms batches=1 frames=9 frame_shape=(480, 832, 3) raw_bytes=10782720 ws_payload_bytes=10783051 content_type=application/x-raw-rgb
[09-20 06:52:59] [LingBotWorldCausalDMDDenoisingStage] finished in 1.6052 seconds
[09-20 06:52:59] [CausalVaeDecodingStage] started...
[09-20 06:53:00] [CausalVaeDecodingStage] finished in 0.3498 seconds
[09-20 06:53:00] realtime raw RGB frame batch timing: request_id=748a087c67534d3abe58597bee7df5fd_58353508f142497c9123e8a5ef372ac0 chunk_idx=1 sample_to_frames=1.36ms frames_to_bytes=2.04ms total=3.43ms batches=1 frames=12 frame_shape=(480, 832, 3) raw_bytes=14376960 content_type=application/x-raw-rgb
[09-20 06:53:00] Pixel data generated successfully in [92m1.99[0;0m seconds
[09-20 06:53:00] Peak memory usage: 82744.00 MB
[09-20 06:53:00] realtime chunk timing: session_id=748a087c67534d3abe58597bee7df5fd request_id=748a087c67534d3abe58597bee7df5fd_58353508f142497c9123e8a5ef372ac0 chunk_idx=1 event_id=None condition_kinds=['camera_actions'] request_prepare=0.53ms scheduler_forward=1992.80ms output_pace=0.00ms header_pack=0.02ms header_write=0.03ms raw_payload_build=2.79ms raw_write=5.25ms ws_write=5.29ms chunk_total=2001.64ms batches=1 frames=12 frame_shape=(480, 832, 3) raw_bytes=14376960 ws_payload_bytes=14377291 content_type=application/x-raw-rgb
[09-20 06:53:00] generation reached max chunks, session_id=748a087c67534d3abe58597bee7df5fd, max_chunks=2
[09-20 06:53:00] terminating session, session_id=748a087c67534d3abe58597bee7df5fd
[09-20 06:53:00] Realtime session release: session_id=748a087c67534d3abe58597bee7df5fd released=True
[2026-09-20 06:53:01] [32mINFO[0m:     127.0.0.1:50784 - "WebSocket /v1/realtime_video/generate" [accepted]
[2026-09-20 06:53:01] [32mINFO[0m:     connection open
[09-20 06:53:01] Adjusting number of frames from 21 to 21 based on model
[09-20 06:53:01] Sampling params:
                       width: 832
                      height: 480
                  num_frames: 21
                         fps: 16
                      prompt: <redacted, len=62>
                  neg_prompt: None
                        seed: 42
                 infer_steps: 4
      num_outputs_per_prompt: 1
              guidance_scale: 1.0
     embedded_guidance_scale: 6.0
                    n_tokens: None
                  flow_shift: 5.0
                  image_path: inputs/uploads/255de288a04043358e857fbdefa1f95d_first_frame
                 save_output: False
            output_file_path: outputs/255de288a04043358e857fbdefa1f95d_47d58f8e26344923ad5693d0d695bf04.mp4
        
[09-20 06:53:01] Running pipeline stages: ['RealtimeInputValidationStage', 'RealtimeTextEncodingStage', 'AuxiliaryConditionEncodingStage', 'RealtimeImageVAEEncodingStage', 'DMDTimestepPreparationStage', 'RealtimeChunkLatentPreparationStage', 'LingBotWorldCausalDMDDenoisingStage', 'CausalVaeDecodingStage']
[09-20 06:53:01] [RealtimeInputValidationStage] started...
[09-20 06:53:01] [RealtimeInputValidationStage] finished in 0.0389 seconds
[09-20 06:53:01] [RealtimeTextEncodingStage] started...
[09-20 06:53:01] [RealtimeTextEncodingStage] finished in 0.2387 seconds
[09-20 06:53:01] [AuxiliaryConditionEncodingStage] started...
[09-20 06:53:01] [AuxiliaryConditionEncodingStage] finished in 0.0017 seconds
[09-20 06:53:01] [RealtimeImageVAEEncodingStage] started...
[09-20 06:53:02] [RealtimeImageVAEEncodingStage] finished in 0.3769 seconds
[09-20 06:53:02] [DMDTimestepPreparationStage] started...
[09-20 06:53:02] [DMDTimestepPreparationStage] finished in 0.0002 seconds
[09-20 06:53:02] [RealtimeChunkLatentPreparationStage] started...
[09-20 06:53:02] [RealtimeChunkLatentPreparationStage] finished in 0.0001 seconds
[09-20 06:53:02] [LingBotWorldCausalDMDDenoisingStage] started...
[09-20 06:53:03] [LingBotWorldCausalDMDDenoisingStage] finished in 1.4985 seconds
[09-20 06:53:03] [CausalVaeDecodingStage] started...
[09-20 06:53:03] [CausalVaeDecodingStage] finished in 0.2719 seconds
[09-20 06:53:03] realtime raw RGB frame batch timing: request_id=255de288a04043358e857fbdefa1f95d_47d58f8e26344923ad5693d0d695bf04 chunk_idx=0 sample_to_frames=1.78ms frames_to_bytes=3.87ms total=5.68ms batches=1 frames=9 frame_shape=(480, 832, 3) raw_bytes=10782720 content_type=application/x-raw-rgb
[09-20 06:53:03] Pixel data generated successfully in [92m2.67[0;0m seconds
[09-20 06:53:03] Peak memory usage: 82744.00 MB
[09-20 06:53:03] Adjusting number of frames from 21 to 21 based on model
[09-20 06:53:03] Sampling params:
                       width: 832
                      height: 480
                  num_frames: 21
                         fps: 16
                      prompt: <redacted, len=62>
                  neg_prompt: None
                        seed: 42
                 infer_steps: 4
      num_outputs_per_prompt: 1
              guidance_scale: 1.0
     embedded_guidance_scale: 6.0
                    n_tokens: None
                  flow_shift: 5.0
                  image_path: inputs/uploads/255de288a04043358e857fbdefa1f95d_first_frame
                 save_output: False
            output_file_path: outputs/255de288a04043358e857fbdefa1f95d_da597d6a3abb42de8ddda85eeffb73f5.mp4
        
[09-20 06:53:03] Running pipeline stages: ['RealtimeInputValidationStage', 'RealtimeTextEncodingStage', 'AuxiliaryConditionEncodingStage', 'RealtimeImageVAEEncodingStage', 'DMDTimestepPreparationStage', 'RealtimeChunkLatentPreparationStage', 'LingBotWorldCausalDMDDenoisingStage', 'CausalVaeDecodingStage']
[09-20 06:53:03] [RealtimeInputValidationStage] started...
[09-20 06:53:03] [RealtimeInputValidationStage] finished in 0.0001 seconds
[09-20 06:53:03] [RealtimeTextEncodingStage] started...
[09-20 06:53:03] [RealtimeTextEncodingStage] finished in 0.0000 seconds
[09-20 06:53:03] [AuxiliaryConditionEncodingStage] started...
[09-20 06:53:03] [AuxiliaryConditionEncodingStage] finished in 0.0017 seconds
[09-20 06:53:03] [RealtimeImageVAEEncodingStage] started...
[09-20 06:53:03] [RealtimeImageVAEEncodingStage] finished in 0.0000 seconds
[09-20 06:53:03] [DMDTimestepPreparationStage] started...
[09-20 06:53:03] [DMDTimestepPreparationStage] finished in 0.0002 seconds
[09-20 06:53:03] [RealtimeChunkLatentPreparationStage] started...
[09-20 06:53:03] [RealtimeChunkLatentPreparationStage] finished in 0.0001 seconds
[09-20 06:53:03] [LingBotWorldCausalDMDDenoisingStage] started...
[09-20 06:53:03] realtime chunk timing: session_id=255de288a04043358e857fbdefa1f95d request_id=255de288a04043358e857fbdefa1f95d_47d58f8e26344923ad5693d0d695bf04 chunk_idx=0 event_id=None condition_kinds=['camera_actions'] request_prepare=0.51ms scheduler_forward=2672.48ms output_pace=0.00ms header_pack=0.01ms header_write=0.03ms raw_payload_build=1.02ms raw_write=4.57ms ws_write=4.60ms chunk_total=2679.48ms batches=1 frames=9 frame_shape=(480, 832, 3) raw_bytes=10782720 ws_payload_bytes=10783051 content_type=application/x-raw-rgb
[09-20 06:53:05] [LingBotWorldCausalDMDDenoisingStage] finished in 1.6154 seconds
[09-20 06:53:05] [CausalVaeDecodingStage] started...
[09-20 06:53:05] [CausalVaeDecodingStage] finished in 0.3499 seconds
[09-20 06:53:05] realtime raw RGB frame batch timing: request_id=255de288a04043358e857fbdefa1f95d_da597d6a3abb42de8ddda85eeffb73f5 chunk_idx=1 sample_to_frames=1.33ms frames_to_bytes=2.06ms total=3.43ms batches=1 frames=12 frame_shape=(480, 832, 3) raw_bytes=14376960 content_type=application/x-raw-rgb
[09-20 06:53:05] Pixel data generated successfully in [92m1.99[0;0m seconds
[09-20 06:53:05] Peak memory usage: 82744.00 MB
[09-20 06:53:05] Adjusting number of frames from 21 to 21 based on model
[09-20 06:53:05] Sampling params:
                       width: 832
                      height: 480
                  num_frames: 21
                         fps: 16
                      prompt: <redacted, len=62>
                  neg_prompt: None
                        seed: 42
                 infer_steps: 4
      num_outputs_per_prompt: 1
              guidance_scale: 1.0
     embedded_guidance_scale: 6.0
                    n_tokens: None
                  flow_shift: 5.0
                  image_path: inputs/uploads/255de288a04043358e857fbdefa1f95d_first_frame
                 save_output: False
            output_file_path: outputs/255de288a04043358e857fbdefa1f95d_1e86c5e89d7448cf844eabf31fdf61d8.mp4
        
[09-20 06:53:05] Running pipeline stages: ['RealtimeInputValidationStage', 'RealtimeTextEncodingStage', 'AuxiliaryConditionEncodingStage', 'RealtimeImageVAEEncodingStage', 'DMDTimestepPreparationStage', 'RealtimeChunkLatentPreparationStage', 'LingBotWorldCausalDMDDenoisingStage', 'CausalVaeDecodingStage']
[09-20 06:53:05] [RealtimeInputValidationStage] started...
[09-20 06:53:05] [RealtimeInputValidationStage] finished in 0.0001 seconds
[09-20 06:53:05] [RealtimeTextEncodingStage] started...
[09-20 06:53:05] [RealtimeTextEncodingStage] finished in 0.0000 seconds
[09-20 06:53:05] [AuxiliaryConditionEncodingStage] started...
[09-20 06:53:05] [AuxiliaryConditionEncodingStage] finished in 0.0021 seconds
[09-20 06:53:05] [RealtimeImageVAEEncodingStage] started...
[09-20 06:53:05] [RealtimeImageVAEEncodingStage] finished in 0.0000 seconds
[09-20 06:53:05] [DMDTimestepPreparationStage] started...
[09-20 06:53:05] [DMDTimestepPreparationStage] finished in 0.0002 seconds
[09-20 06:53:05] [RealtimeChunkLatentPreparationStage] started...
[09-20 06:53:05] [RealtimeChunkLatentPreparationStage] finished in 0.0001 seconds
[09-20 06:53:05] [LingBotWorldCausalDMDDenoisingStage] started...
[09-20 06:53:05] realtime chunk timing: session_id=255de288a04043358e857fbdefa1f95d request_id=255de288a04043358e857fbdefa1f95d_da597d6a3abb42de8ddda85eeffb73f5 chunk_idx=1 event_id=None condition_kinds=['camera_actions'] request_prepare=0.46ms scheduler_forward=1994.57ms output_pace=0.00ms header_pack=0.01ms header_write=0.03ms raw_payload_build=1.56ms raw_write=5.67ms ws_write=5.70ms chunk_total=2003.18ms batches=1 frames=12 frame_shape=(480, 832, 3) raw_bytes=14376960 ws_payload_bytes=14377291 content_type=application/x-raw-rgb
[09-20 06:53:07] [LingBotWorldCausalDMDDenoisingStage] finished in 1.7544 seconds
[09-20 06:53:07] [CausalVaeDecodingStage] started...
[09-20 06:53:08] [CausalVaeDecodingStage] finished in 0.3485 seconds
[09-20 06:53:08] realtime raw RGB frame batch timing: request_id=255de288a04043358e857fbdefa1f95d_1e86c5e89d7448cf844eabf31fdf61d8 chunk_idx=2 sample_to_frames=1.34ms frames_to_bytes=2.15ms total=3.53ms batches=1 frames=12 frame_shape=(480, 832, 3) raw_bytes=14376960 content_type=application/x-raw-rgb
[09-20 06:53:08] Pixel data generated successfully in [92m2.13[0;0m seconds
[09-20 06:53:08] Peak memory usage: 82744.00 MB
[09-20 06:53:08] Adjusting number of frames from 21 to 21 based on model
[09-20 06:53:08] Sampling params:
                       width: 832
                      height: 480
                  num_frames: 21
                         fps: 16
                      prompt: <redacted, len=62>
                  neg_prompt: None
                        seed: 42
                 infer_steps: 4
      num_outputs_per_prompt: 1
              guidance_scale: 1.0
     embedded_guidance_scale: 6.0
                    n_tokens: None
                  flow_shift: 5.0
                  image_path: inputs/uploads/255de288a04043358e857fbdefa1f95d_first_frame
                 save_output: False
            output_file_path: outputs/255de288a04043358e857fbdefa1f95d_767a9f7cbff440bab0aa82c2143f3ed9.mp4
        
[09-20 06:53:08] Running pipeline stages: ['RealtimeInputValidationStage', 'RealtimeTextEncodingStage', 'AuxiliaryConditionEncodingStage', 'RealtimeImageVAEEncodingStage', 'DMDTimestepPreparationStage', 'RealtimeChunkLatentPreparationStage', 'LingBotWorldCausalDMDDenoisingStage', 'CausalVaeDecodingStage']
[09-20 06:53:08] [RealtimeInputValidationStage] started...
[09-20 06:53:08] [RealtimeInputValidationStage] finished in 0.0001 seconds
[09-20 06:53:08] [RealtimeTextEncodingStage] started...
[09-20 06:53:08] [RealtimeTextEncodingStage] finished in 0.0000 seconds
[09-20 06:53:08] [AuxiliaryConditionEncodingStage] started...
[09-20 06:53:08] [AuxiliaryConditionEncodingStage] finished in 0.0019 seconds
[09-20 06:53:08] [RealtimeImageVAEEncodingStage] started...
[09-20 06:53:08] [RealtimeImageVAEEncodingStage] finished in 0.0000 seconds
[09-20 06:53:08] [DMDTimestepPreparationStage] started...
[09-20 06:53:08] [DMDTimestepPreparationStage] finished in 0.0002 seconds
[09-20 06:53:08] [RealtimeChunkLatentPreparationStage] started...
[09-20 06:53:08] [RealtimeChunkLatentPreparationStage] finished in 0.0001 seconds
[09-20 06:53:08] [LingBotWorldCausalDMDDenoisingStage] started...
[09-20 06:53:08] realtime chunk timing: session_id=255de288a04043358e857fbdefa1f95d request_id=255de288a04043358e857fbdefa1f95d_1e86c5e89d7448cf844eabf31fdf61d8 chunk_idx=2 event_id=None condition_kinds=['camera_actions'] request_prepare=0.47ms scheduler_forward=2131.36ms output_pace=0.00ms header_pack=0.02ms header_write=0.03ms raw_payload_build=1.47ms raw_write=4.99ms ws_write=5.02ms chunk_total=2139.22ms batches=1 frames=12 frame_shape=(480, 832, 3) raw_bytes=14376960 ws_payload_bytes=14377291 content_type=application/x-raw-rgb
[09-20 06:53:10] [LingBotWorldCausalDMDDenoisingStage] finished in 1.9003 seconds
[09-20 06:53:10] [CausalVaeDecodingStage] started...
[09-20 06:53:10] [CausalVaeDecodingStage] finished in 0.3467 seconds
[09-20 06:53:10] realtime raw RGB frame batch timing: request_id=255de288a04043358e857fbdefa1f95d_767a9f7cbff440bab0aa82c2143f3ed9 chunk_idx=3 sample_to_frames=1.31ms frames_to_bytes=2.06ms total=3.39ms batches=1 frames=12 frame_shape=(480, 832, 3) raw_bytes=14376960 content_type=application/x-raw-rgb
[09-20 06:53:10] Pixel data generated successfully in [92m2.27[0;0m seconds
[09-20 06:53:10] Peak memory usage: 82744.00 MB
[09-20 06:53:10] Adjusting number of frames from 21 to 21 based on model
[09-20 06:53:10] Sampling params:
                       width: 832
                      height: 480
                  num_frames: 21
                         fps: 16
                      prompt: <redacted, len=62>
                  neg_prompt: None
                        seed: 42
                 infer_steps: 4
      num_outputs_per_prompt: 1
              guidance_scale: 1.0
     embedded_guidance_scale: 6.0
                    n_tokens: None
                  flow_shift: 5.0
                  image_path: inputs/uploads/255de288a04043358e857fbdefa1f95d_first_frame
                 save_output: False
            output_file_path: outputs/255de288a04043358e857fbdefa1f95d_6b3cadc0ede746b0b83f911b719b71e5.mp4
        
[09-20 06:53:10] Running pipeline stages: ['RealtimeInputValidationStage', 'RealtimeTextEncodingStage', 'AuxiliaryConditionEncodingStage', 'RealtimeImageVAEEncodingStage', 'DMDTimestepPreparationStage', 'RealtimeChunkLatentPreparationStage', 'LingBotWorldCausalDMDDenoisingStage', 'CausalVaeDecodingStage']
[09-20 06:53:10] [RealtimeInputValidationStage] started...
[09-20 06:53:10] [RealtimeInputValidationStage] finished in 0.0001 seconds
[09-20 06:53:10] [RealtimeTextEncodingStage] started...
[09-20 06:53:10] [RealtimeTextEncodingStage] finished in 0.0000 seconds
[09-20 06:53:10] [AuxiliaryConditionEncodingStage] started...
[09-20 06:53:10] [AuxiliaryConditionEncodingStage] finished in 0.0019 seconds
[09-20 06:53:10] [RealtimeImageVAEEncodingStage] started...
[09-20 06:53:10] [RealtimeImageVAEEncodingStage] finished in 0.0000 seconds
[09-20 06:53:10] [DMDTimestepPreparationStage] started...
[09-20 06:53:10] [DMDTimestepPreparationStage] finished in 0.0002 seconds
[09-20 06:53:10] [RealtimeChunkLatentPreparationStage] started...
[09-20 06:53:10] [RealtimeChunkLatentPreparationStage] finished in 0.0001 seconds
[09-20 06:53:10] [LingBotWorldCausalDMDDenoisingStage] started...
[09-20 06:53:10] realtime chunk timing: session_id=255de288a04043358e857fbdefa1f95d request_id=255de288a04043358e857fbdefa1f95d_767a9f7cbff440bab0aa82c2143f3ed9 chunk_idx=3 event_id=None condition_kinds=['camera_actions'] request_prepare=0.47ms scheduler_forward=2272.88ms output_pace=0.00ms header_pack=0.01ms header_write=0.04ms raw_payload_build=1.39ms raw_write=4.33ms ws_write=4.37ms chunk_total=2279.98ms batches=1 frames=12 frame_shape=(480, 832, 3) raw_bytes=14376960 ws_payload_bytes=14377291 content_type=application/x-raw-rgb
[09-20 06:53:12] [LingBotWorldCausalDMDDenoisingStage] finished in 2.0316 seconds
[09-20 06:53:12] [CausalVaeDecodingStage] started...
[09-20 06:53:12] [CausalVaeDecodingStage] finished in 0.3465 seconds
[09-20 06:53:12] realtime raw RGB frame batch timing: request_id=255de288a04043358e857fbdefa1f95d_6b3cadc0ede746b0b83f911b719b71e5 chunk_idx=4 sample_to_frames=1.33ms frames_to_bytes=2.09ms total=3.47ms batches=1 frames=12 frame_shape=(480, 832, 3) raw_bytes=14376960 content_type=application/x-raw-rgb
[09-20 06:53:12] Pixel data generated successfully in [92m2.41[0;0m seconds
[09-20 06:53:12] Peak memory usage: 82744.00 MB
[09-20 06:53:12] Adjusting number of frames from 21 to 21 based on model
[09-20 06:53:12] Sampling params:
                       width: 832
                      height: 480
                  num_frames: 21
                         fps: 16
                      prompt: <redacted, len=62>
                  neg_prompt: None
                        seed: 42
                 infer_steps: 4
      num_outputs_per_prompt: 1
              guidance_scale: 1.0
     embedded_guidance_scale: 6.0
                    n_tokens: None
                  flow_shift: 5.0
                  image_path: inputs/uploads/255de288a04043358e857fbdefa1f95d_first_frame
                 save_output: False
            output_file_path: outputs/255de288a04043358e857fbdefa1f95d_3c3be9c713f54461b8ae268b39a77f48.mp4
        
[09-20 06:53:12] Running pipeline stages: ['RealtimeInputValidationStage', 'RealtimeTextEncodingStage', 'AuxiliaryConditionEncodingStage', 'RealtimeImageVAEEncodingStage', 'DMDTimestepPreparationStage', 'RealtimeChunkLatentPreparationStage', 'LingBotWorldCausalDMDDenoisingStage', 'CausalVaeDecodingStage']
[09-20 06:53:12] [RealtimeInputValidationStage] started...
[09-20 06:53:12] [RealtimeInputValidationStage] finished in 0.0001 seconds
[09-20 06:53:12] [RealtimeTextEncodingStage] started...
[09-20 06:53:12] [RealtimeTextEncodingStage] finished in 0.0000 seconds
[09-20 06:53:12] [AuxiliaryConditionEncodingStage] started...
[09-20 06:53:12] [AuxiliaryConditionEncodingStage] finished in 0.0021 seconds
[09-20 06:53:12] [RealtimeImageVAEEncodingStage] started...
[09-20 06:53:12] [RealtimeImageVAEEncodingStage] finished in 0.0000 seconds
[09-20 06:53:12] [DMDTimestepPreparationStage] started...
[09-20 06:53:12] [DMDTimestepPreparationStage] finished in 0.0002 seconds
[09-20 06:53:12] [RealtimeChunkLatentPreparationStage] started...
[09-20 06:53:12] [RealtimeChunkLatentPreparationStage] finished in 0.0001 seconds
[09-20 06:53:12] [LingBotWorldCausalDMDDenoisingStage] started...
[09-20 06:53:12] realtime chunk timing: session_id=255de288a04043358e857fbdefa1f95d request_id=255de288a04043358e857fbdefa1f95d_6b3cadc0ede746b0b83f911b719b71e5 chunk_idx=4 event_id=None condition_kinds=['camera_actions'] request_prepare=0.47ms scheduler_forward=2406.92ms output_pace=0.00ms header_pack=0.01ms header_write=0.03ms raw_payload_build=1.41ms raw_write=4.35ms ws_write=4.38ms chunk_total=2414.05ms batches=1 frames=12 frame_shape=(480, 832, 3) raw_bytes=14376960 ws_payload_bytes=14377291 content_type=application/x-raw-rgb
[09-20 06:53:14] [LingBotWorldCausalDMDDenoisingStage] finished in 2.1729 seconds
[09-20 06:53:14] [CausalVaeDecodingStage] started...
[09-20 06:53:15] [CausalVaeDecodingStage] finished in 0.3469 seconds
[09-20 06:53:15] realtime raw RGB frame batch timing: request_id=255de288a04043358e857fbdefa1f95d_3c3be9c713f54461b8ae268b39a77f48 chunk_idx=5 sample_to_frames=1.36ms frames_to_bytes=2.07ms total=3.46ms batches=1 frames=12 frame_shape=(480, 832, 3) raw_bytes=14376960 content_type=application/x-raw-rgb
[09-20 06:53:15] Pixel data generated successfully in [92m2.54[0;0m seconds
[09-20 06:53:15] Peak memory usage: 82744.00 MB
[09-20 06:53:15] Adjusting number of frames from 21 to 21 based on model
[09-20 06:53:15] Sampling params:
                       width: 832
                      height: 480
                  num_frames: 21
                         fps: 16
                      prompt: <redacted, len=62>
                  neg_prompt: None
                        seed: 42
                 infer_steps: 4
      num_outputs_per_prompt: 1
              guidance_scale: 1.0
     embedded_guidance_scale: 6.0
                    n_tokens: None
                  flow_shift: 5.0
                  image_path: inputs/uploads/255de288a04043358e857fbdefa1f95d_first_frame
                 save_output: False
            output_file_path: outputs/255de288a04043358e857fbdefa1f95d_d2ee6679ab694b15a201e694fa6d94ae.mp4
        
[09-20 06:53:15] Running pipeline stages: ['RealtimeInputValidationStage', 'RealtimeTextEncodingStage', 'AuxiliaryConditionEncodingStage', 'RealtimeImageVAEEncodingStage', 'DMDTimestepPreparationStage', 'RealtimeChunkLatentPreparationStage', 'LingBotWorldCausalDMDDenoisingStage', 'CausalVaeDecodingStage']
[09-20 06:53:15] [RealtimeInputValidationStage] started...
[09-20 06:53:15] [RealtimeInputValidationStage] finished in 0.0001 seconds
[09-20 06:53:15] [RealtimeTextEncodingStage] started...
[09-20 06:53:15] [RealtimeTextEncodingStage] finished in 0.0000 seconds
[09-20 06:53:15] [AuxiliaryConditionEncodingStage] started...
[09-20 06:53:15] [AuxiliaryConditionEncodingStage] finished in 0.0022 seconds
[09-20 06:53:15] [RealtimeImageVAEEncodingStage] started...
[09-20 06:53:15] [RealtimeImageVAEEncodingStage] finished in 0.0000 seconds
[09-20 06:53:15] [DMDTimestepPreparationStage] started...
[09-20 06:53:15] [DMDTimestepPreparationStage] finished in 0.0002 seconds
[09-20 06:53:15] [RealtimeChunkLatentPreparationStage] started...
[09-20 06:53:15] [RealtimeChunkLatentPreparationStage] finished in 0.0001 seconds
[09-20 06:53:15] realtime chunk timing: session_id=255de288a04043358e857fbdefa1f95d request_id=255de288a04043358e857fbdefa1f95d_3c3be9c713f54461b8ae268b39a77f48 chunk_idx=5 event_id=None condition_kinds=['camera_actions'] request_prepare=0.46ms scheduler_forward=2543.62ms output_pace=0.00ms header_pack=0.01ms header_write=0.03ms raw_payload_build=1.40ms raw_write=4.31ms ws_write=4.35ms chunk_total=2550.69ms batches=1 frames=12 frame_shape=(480, 832, 3) raw_bytes=14376960 ws_payload_bytes=14377291 content_type=application/x-raw-rgb
[09-20 06:53:15] [LingBotWorldCausalDMDDenoisingStage] started...
[09-20 06:53:17] [LingBotWorldCausalDMDDenoisingStage] finished in 2.1770 seconds
[09-20 06:53:17] [CausalVaeDecodingStage] started...
[09-20 06:53:17] [CausalVaeDecodingStage] finished in 0.3472 seconds
[09-20 06:53:17] realtime raw RGB frame batch timing: request_id=255de288a04043358e857fbdefa1f95d_d2ee6679ab694b15a201e694fa6d94ae chunk_idx=6 sample_to_frames=1.34ms frames_to_bytes=2.49ms total=3.86ms batches=1 frames=12 frame_shape=(480, 832, 3) raw_bytes=14376960 content_type=application/x-raw-rgb
[09-20 06:53:17] Pixel data generated successfully in [92m2.56[0;0m seconds
[09-20 06:53:17] Peak memory usage: 82744.00 MB
[09-20 06:53:17] Adjusting number of frames from 21 to 21 based on model
[09-20 06:53:17] Sampling params:
                       width: 832
                      height: 480
                  num_frames: 21
                         fps: 16
                      prompt: <redacted, len=62>
                  neg_prompt: None
                        seed: 42
                 infer_steps: 4
      num_outputs_per_prompt: 1
              guidance_scale: 1.0
     embedded_guidance_scale: 6.0
                    n_tokens: None
                  flow_shift: 5.0
                  image_path: inputs/uploads/255de288a04043358e857fbdefa1f95d_first_frame
                 save_output: False
            output_file_path: outputs/255de288a04043358e857fbdefa1f95d_adc645364cc943da941217a61e387103.mp4
        
[09-20 06:53:17] Running pipeline stages: ['RealtimeInputValidationStage', 'RealtimeTextEncodingStage', 'AuxiliaryConditionEncodingStage', 'RealtimeImageVAEEncodingStage', 'DMDTimestepPreparationStage', 'RealtimeChunkLatentPreparationStage', 'LingBotWorldCausalDMDDenoisingStage', 'CausalVaeDecodingStage']
[09-20 06:53:17] [RealtimeInputValidationStage] started...
[09-20 06:53:17] [RealtimeInputValidationStage] finished in 0.0001 seconds
[09-20 06:53:17] [RealtimeTextEncodingStage] started...
[09-20 06:53:17] [RealtimeTextEncodingStage] finished in 0.0000 seconds
[09-20 06:53:17] [AuxiliaryConditionEncodingStage] started...
[09-20 06:53:17] [AuxiliaryConditionEncodingStage] finished in 0.0023 seconds
[09-20 06:53:17] [RealtimeImageVAEEncodingStage] started...
[09-20 06:53:17] [RealtimeImageVAEEncodingStage] finished in 0.0000 seconds
[09-20 06:53:17] [DMDTimestepPreparationStage] started...
[09-20 06:53:17] [DMDTimestepPreparationStage] finished in 0.0002 seconds
[09-20 06:53:17] [RealtimeChunkLatentPreparationStage] started...
[09-20 06:53:17] [RealtimeChunkLatentPreparationStage] finished in 0.0001 seconds
[09-20 06:53:17] [LingBotWorldCausalDMDDenoisingStage] started...
[09-20 06:53:17] realtime chunk timing: session_id=255de288a04043358e857fbdefa1f95d request_id=255de288a04043358e857fbdefa1f95d_d2ee6679ab694b15a201e694fa6d94ae chunk_idx=6 event_id=None condition_kinds=['camera_actions'] request_prepare=0.45ms scheduler_forward=2555.41ms output_pace=0.00ms header_pack=0.01ms header_write=0.03ms raw_payload_build=1.44ms raw_write=5.22ms ws_write=5.25ms chunk_total=2563.43ms batches=1 frames=12 frame_shape=(480, 832, 3) raw_bytes=14376960 ws_payload_bytes=14377291 content_type=application/x-raw-rgb
[09-20 06:53:20] [LingBotWorldCausalDMDDenoisingStage] finished in 2.1815 seconds
[09-20 06:53:20] [CausalVaeDecodingStage] started...
[09-20 06:53:20] [CausalVaeDecodingStage] finished in 0.3478 seconds
[09-20 06:53:20] realtime raw RGB frame batch timing: request_id=255de288a04043358e857fbdefa1f95d_adc645364cc943da941217a61e387103 chunk_idx=7 sample_to_frames=1.32ms frames_to_bytes=2.26ms total=3.62ms batches=1 frames=12 frame_shape=(480, 832, 3) raw_bytes=14376960 content_type=application/x-raw-rgb
[09-20 06:53:20] Pixel data generated successfully in [92m2.56[0;0m seconds
[09-20 06:53:20] Peak memory usage: 82744.00 MB
[09-20 06:53:20] Adjusting number of frames from 21 to 21 based on model
[09-20 06:53:20] Sampling params:
                       width: 832
                      height: 480
                  num_frames: 21
                         fps: 16
                      prompt: <redacted, len=62>
                  neg_prompt: None
                        seed: 42
                 infer_steps: 4
      num_outputs_per_prompt: 1
              guidance_scale: 1.0
     embedded_guidance_scale: 6.0
                    n_tokens: None
                  flow_shift: 5.0
                  image_path: inputs/uploads/255de288a04043358e857fbdefa1f95d_first_frame
                 save_output: False
            output_file_path: outputs/255de288a04043358e857fbdefa1f95d_c0121044536d433ebfd4c695fa081a41.mp4
        
[09-20 06:53:20] Running pipeline stages: ['RealtimeInputValidationStage', 'RealtimeTextEncodingStage', 'AuxiliaryConditionEncodingStage', 'RealtimeImageVAEEncodingStage', 'DMDTimestepPreparationStage', 'RealtimeChunkLatentPreparationStage', 'LingBotWorldCausalDMDDenoisingStage', 'CausalVaeDecodingStage']
[09-20 06:53:20] [RealtimeInputValidationStage] started...
[09-20 06:53:20] [RealtimeInputValidationStage] finished in 0.0001 seconds
[09-20 06:53:20] [RealtimeTextEncodingStage] started...
[09-20 06:53:20] [RealtimeTextEncodingStage] finished in 0.0000 seconds
[09-20 06:53:20] [AuxiliaryConditionEncodingStage] started...
[09-20 06:53:20] [AuxiliaryConditionEncodingStage] finished in 0.0024 seconds
[09-20 06:53:20] [RealtimeImageVAEEncodingStage] started...
[09-20 06:53:20] [RealtimeImageVAEEncodingStage] finished in 0.0000 seconds
[09-20 06:53:20] realtime chunk timing: session_id=255de288a04043358e857fbdefa1f95d request_id=255de288a04043358e857fbdefa1f95d_adc645364cc943da941217a61e387103 chunk_idx=7 event_id=None condition_kinds=['camera_actions'] request_prepare=0.46ms scheduler_forward=2556.16ms output_pace=0.00ms header_pack=0.01ms header_write=0.03ms raw_payload_build=1.42ms raw_write=4.24ms ws_write=4.28ms chunk_total=2563.18ms batches=1 frames=12 frame_shape=(480, 832, 3) raw_bytes=14376960 ws_payload_bytes=14377291 content_type=application/x-raw-rgb
[09-20 06:53:20] [DMDTimestepPreparationStage] started...
[09-20 06:53:20] [DMDTimestepPreparationStage] finished in 0.0002 seconds
[09-20 06:53:20] [RealtimeChunkLatentPreparationStage] started...
[09-20 06:53:20] [RealtimeChunkLatentPreparationStage] finished in 0.0001 seconds
[09-20 06:53:20] [LingBotWorldCausalDMDDenoisingStage] started...
[09-20 06:53:22] [LingBotWorldCausalDMDDenoisingStage] finished in 2.1744 seconds
[09-20 06:53:22] [CausalVaeDecodingStage] started...
[09-20 06:53:22] [CausalVaeDecodingStage] finished in 0.3466 seconds
[09-20 06:53:22] realtime raw RGB frame batch timing: request_id=255de288a04043358e857fbdefa1f95d_c0121044536d433ebfd4c695fa081a41 chunk_idx=8 sample_to_frames=1.36ms frames_to_bytes=2.10ms total=3.50ms batches=1 frames=12 frame_shape=(480, 832, 3) raw_bytes=14376960 content_type=application/x-raw-rgb
[09-20 06:53:22] Pixel data generated successfully in [92m2.55[0;0m seconds
[09-20 06:53:22] Peak memory usage: 82744.00 MB
[09-20 06:53:22] Adjusting number of frames from 21 to 21 based on model
[09-20 06:53:22] Sampling params:
                       width: 832
                      height: 480
                  num_frames: 21
                         fps: 16
                      prompt: <redacted, len=62>
                  neg_prompt: None
                        seed: 42
                 infer_steps: 4
      num_outputs_per_prompt: 1
              guidance_scale: 1.0
     embedded_guidance_scale: 6.0
                    n_tokens: None
                  flow_shift: 5.0
                  image_path: inputs/uploads/255de288a04043358e857fbdefa1f95d_first_frame
                 save_output: False
            output_file_path: outputs/255de288a04043358e857fbdefa1f95d_1919638a84674b36847acb2736fbe00a.mp4
        
[09-20 06:53:22] Running pipeline stages: ['RealtimeInputValidationStage', 'RealtimeTextEncodingStage', 'AuxiliaryConditionEncodingStage', 'RealtimeImageVAEEncodingStage', 'DMDTimestepPreparationStage', 'RealtimeChunkLatentPreparationStage', 'LingBotWorldCausalDMDDenoisingStage', 'CausalVaeDecodingStage']
[09-20 06:53:22] [RealtimeInputValidationStage] started...
[09-20 06:53:22] [RealtimeInputValidationStage] finished in 0.0001 seconds
[09-20 06:53:22] [RealtimeTextEncodingStage] started...
[09-20 06:53:22] [RealtimeTextEncodingStage] finished in 0.0000 seconds
[09-20 06:53:22] [AuxiliaryConditionEncodingStage] started...
[09-20 06:53:22] [AuxiliaryConditionEncodingStage] finished in 0.0024 seconds
[09-20 06:53:22] [RealtimeImageVAEEncodingStage] started...
[09-20 06:53:22] [RealtimeImageVAEEncodingStage] finished in 0.0000 seconds
[09-20 06:53:22] [DMDTimestepPreparationStage] started...
[09-20 06:53:22] [DMDTimestepPreparationStage] finished in 0.0002 seconds
[09-20 06:53:22] realtime chunk timing: session_id=255de288a04043358e857fbdefa1f95d request_id=255de288a04043358e857fbdefa1f95d_c0121044536d433ebfd4c695fa081a41 chunk_idx=8 event_id=None condition_kinds=['camera_actions'] request_prepare=0.47ms scheduler_forward=2546.80ms output_pace=0.00ms header_pack=0.01ms header_write=0.03ms raw_payload_build=1.38ms raw_write=4.22ms ws_write=4.25ms chunk_total=2553.76ms batches=1 frames=12 frame_shape=(480, 832, 3) raw_bytes=14376960 ws_payload_bytes=14377291 content_type=application/x-raw-rgb
[09-20 06:53:22] [RealtimeChunkLatentPreparationStage] started...
[09-20 06:53:22] [RealtimeChunkLatentPreparationStage] finished in 0.0001 seconds
[09-20 06:53:22] [LingBotWorldCausalDMDDenoisingStage] started...
[09-20 06:53:25] [LingBotWorldCausalDMDDenoisingStage] finished in 2.1813 seconds
[09-20 06:53:25] [CausalVaeDecodingStage] started...
[09-20 06:53:25] [CausalVaeDecodingStage] finished in 0.3480 seconds
[09-20 06:53:25] realtime raw RGB frame batch timing: request_id=255de288a04043358e857fbdefa1f95d_1919638a84674b36847acb2736fbe00a chunk_idx=9 sample_to_frames=1.30ms frames_to_bytes=2.08ms total=3.41ms batches=1 frames=12 frame_shape=(480, 832, 3) raw_bytes=14376960 content_type=application/x-raw-rgb
[09-20 06:53:25] Pixel data generated successfully in [92m2.56[0;0m seconds
[09-20 06:53:25] Peak memory usage: 82744.00 MB
[09-20 06:53:25] Adjusting number of frames from 21 to 21 based on model
[09-20 06:53:25] Sampling params:
                       width: 832
                      height: 480
                  num_frames: 21
                         fps: 16
                      prompt: <redacted, len=62>
                  neg_prompt: None
                        seed: 42
                 infer_steps: 4
      num_outputs_per_prompt: 1
              guidance_scale: 1.0
     embedded_guidance_scale: 6.0
                    n_tokens: None
                  flow_shift: 5.0
                  image_path: inputs/uploads/255de288a04043358e857fbdefa1f95d_first_frame
                 save_output: False
            output_file_path: outputs/255de288a04043358e857fbdefa1f95d_9131b1f498eb4bb6bbeef1a0cbdbc5d1.mp4
        
[09-20 06:53:25] Running pipeline stages: ['RealtimeInputValidationStage', 'RealtimeTextEncodingStage', 'AuxiliaryConditionEncodingStage', 'RealtimeImageVAEEncodingStage', 'DMDTimestepPreparationStage', 'RealtimeChunkLatentPreparationStage', 'LingBotWorldCausalDMDDenoisingStage', 'CausalVaeDecodingStage']
[09-20 06:53:25] [RealtimeInputValidationStage] started...
[09-20 06:53:25] [RealtimeInputValidationStage] finished in 0.0001 seconds
[09-20 06:53:25] [RealtimeTextEncodingStage] started...
[09-20 06:53:25] [RealtimeTextEncodingStage] finished in 0.0000 seconds
[09-20 06:53:25] [AuxiliaryConditionEncodingStage] started...
[09-20 06:53:25] [AuxiliaryConditionEncodingStage] finished in 0.0024 seconds
[09-20 06:53:25] [RealtimeImageVAEEncodingStage] started...
[09-20 06:53:25] [RealtimeImageVAEEncodingStage] finished in 0.0000 seconds
[09-20 06:53:25] [DMDTimestepPreparationStage] started...
[09-20 06:53:25] [DMDTimestepPreparationStage] finished in 0.0002 seconds
[09-20 06:53:25] [RealtimeChunkLatentPreparationStage] started...
[09-20 06:53:25] [RealtimeChunkLatentPreparationStage] finished in 0.0001 seconds
[09-20 06:53:25] realtime chunk timing: session_id=255de288a04043358e857fbdefa1f95d request_id=255de288a04043358e857fbdefa1f95d_1919638a84674b36847acb2736fbe00a chunk_idx=9 event_id=None condition_kinds=['camera_actions'] request_prepare=0.46ms scheduler_forward=2558.68ms output_pace=0.00ms header_pack=0.01ms header_write=0.03ms raw_payload_build=1.43ms raw_write=4.24ms ws_write=4.28ms chunk_total=2565.72ms batches=1 frames=12 frame_shape=(480, 832, 3) raw_bytes=14376960 ws_payload_bytes=14377291 content_type=application/x-raw-rgb
[09-20 06:53:25] [LingBotWorldCausalDMDDenoisingStage] started...
[09-20 06:53:27] [LingBotWorldCausalDMDDenoisingStage] finished in 2.1847 seconds
[09-20 06:53:27] [CausalVaeDecodingStage] started...
[09-20 06:53:28] [CausalVaeDecodingStage] finished in 0.3468 seconds
[09-20 06:53:28] realtime raw RGB frame batch timing: request_id=255de288a04043358e857fbdefa1f95d_9131b1f498eb4bb6bbeef1a0cbdbc5d1 chunk_idx=10 sample_to_frames=3.42ms frames_to_bytes=3.09ms total=6.54ms batches=1 frames=12 frame_shape=(480, 832, 3) raw_bytes=14376960 content_type=application/x-raw-rgb
[09-20 06:53:28] Pixel data generated successfully in [92m2.56[0;0m seconds
[09-20 06:53:28] Peak memory usage: 82744.00 MB
[09-20 06:53:28] Adjusting number of frames from 21 to 21 based on model
[09-20 06:53:28] Sampling params:
                       width: 832
                      height: 480
                  num_frames: 21
                         fps: 16
                      prompt: <redacted, len=62>
                  neg_prompt: None
                        seed: 42
                 infer_steps: 4
      num_outputs_per_prompt: 1
              guidance_scale: 1.0
     embedded_guidance_scale: 6.0
                    n_tokens: None
                  flow_shift: 5.0
                  image_path: inputs/uploads/255de288a04043358e857fbdefa1f95d_first_frame
                 save_output: False
            output_file_path: outputs/255de288a04043358e857fbdefa1f95d_88af2a2e565643d9974a50fb48c28325.mp4
        
[09-20 06:53:28] Running pipeline stages: ['RealtimeInputValidationStage', 'RealtimeTextEncodingStage', 'AuxiliaryConditionEncodingStage', 'RealtimeImageVAEEncodingStage', 'DMDTimestepPreparationStage', 'RealtimeChunkLatentPreparationStage', 'LingBotWorldCausalDMDDenoisingStage', 'CausalVaeDecodingStage']
[09-20 06:53:28] [RealtimeInputValidationStage] started...
[09-20 06:53:28] [RealtimeInputValidationStage] finished in 0.0001 seconds
[09-20 06:53:28] [RealtimeTextEncodingStage] started...
[09-20 06:53:28] [RealtimeTextEncodingStage] finished in 0.0000 seconds
[09-20 06:53:28] [AuxiliaryConditionEncodingStage] started...
[09-20 06:53:28] [AuxiliaryConditionEncodingStage] finished in 0.0024 seconds
[09-20 06:53:28] [RealtimeImageVAEEncodingStage] started...
[09-20 06:53:28] [RealtimeImageVAEEncodingStage] finished in 0.0000 seconds
[09-20 06:53:28] [DMDTimestepPreparationStage] started...
[09-20 06:53:28] [DMDTimestepPreparationStage] finished in 0.0002 seconds
[09-20 06:53:28] realtime chunk timing: session_id=255de288a04043358e857fbdefa1f95d request_id=255de288a04043358e857fbdefa1f95d_9131b1f498eb4bb6bbeef1a0cbdbc5d1 chunk_idx=10 event_id=None condition_kinds=['camera_actions'] request_prepare=0.46ms scheduler_forward=2559.69ms output_pace=0.00ms header_pack=0.01ms header_write=0.04ms raw_payload_build=1.40ms raw_write=4.27ms ws_write=4.30ms chunk_total=2566.72ms batches=1 frames=12 frame_shape=(480, 832, 3) raw_bytes=14376960 ws_payload_bytes=14377291 content_type=application/x-raw-rgb
[09-20 06:53:28] [RealtimeChunkLatentPreparationStage] started...
[09-20 06:53:28] [RealtimeChunkLatentPreparationStage] finished in 0.0001 seconds
[09-20 06:53:28] [LingBotWorldCausalDMDDenoisingStage] started...
[09-20 06:53:30] [LingBotWorldCausalDMDDenoisingStage] finished in 2.1825 seconds
[09-20 06:53:30] [CausalVaeDecodingStage] started...
[09-20 06:53:30] [CausalVaeDecodingStage] finished in 0.3479 seconds
[09-20 06:53:30] realtime raw RGB frame batch timing: request_id=255de288a04043358e857fbdefa1f95d_88af2a2e565643d9974a50fb48c28325 chunk_idx=11 sample_to_frames=1.29ms frames_to_bytes=3.58ms total=4.90ms batches=1 frames=12 frame_shape=(480, 832, 3) raw_bytes=14376960 content_type=application/x-raw-rgb
[09-20 06:53:30] Pixel data generated successfully in [92m2.56[0;0m seconds
[09-20 06:53:30] Peak memory usage: 82744.00 MB
[09-20 06:53:30] Adjusting number of frames from 21 to 21 based on model
[09-20 06:53:30] Sampling params:
                       width: 832
                      height: 480
                  num_frames: 21
                         fps: 16
                      prompt: <redacted, len=62>
                  neg_prompt: None
                        seed: 42
                 infer_steps: 4
      num_outputs_per_prompt: 1
              guidance_scale: 1.0
     embedded_guidance_scale: 6.0
                    n_tokens: None
                  flow_shift: 5.0
                  image_path: inputs/uploads/255de288a04043358e857fbdefa1f95d_first_frame
                 save_output: False
            output_file_path: outputs/255de288a04043358e857fbdefa1f95d_d5c81c81628e4ed5bbb8ebd052e77a3e.mp4
        
[09-20 06:53:30] Running pipeline stages: ['RealtimeInputValidationStage', 'RealtimeTextEncodingStage', 'AuxiliaryConditionEncodingStage', 'RealtimeImageVAEEncodingStage', 'DMDTimestepPreparationStage', 'RealtimeChunkLatentPreparationStage', 'LingBotWorldCausalDMDDenoisingStage', 'CausalVaeDecodingStage']
[09-20 06:53:30] [RealtimeInputValidationStage] started...
[09-20 06:53:30] [RealtimeInputValidationStage] finished in 0.0001 seconds
[09-20 06:53:30] [RealtimeTextEncodingStage] started...
[09-20 06:53:30] [RealtimeTextEncodingStage] finished in 0.0000 seconds
[09-20 06:53:30] [AuxiliaryConditionEncodingStage] started...
[09-20 06:53:30] [AuxiliaryConditionEncodingStage] finished in 0.0026 seconds
[09-20 06:53:30] [RealtimeImageVAEEncodingStage] started...
[09-20 06:53:30] [RealtimeImageVAEEncodingStage] finished in 0.0000 seconds
[09-20 06:53:30] [DMDTimestepPreparationStage] started...
[09-20 06:53:30] [DMDTimestepPreparationStage] finished in 0.0002 seconds
[09-20 06:53:30] [RealtimeChunkLatentPreparationStage] started...
[09-20 06:53:30] realtime chunk timing: session_id=255de288a04043358e857fbdefa1f95d request_id=255de288a04043358e857fbdefa1f95d_88af2a2e565643d9974a50fb48c28325 chunk_idx=11 event_id=None condition_kinds=['camera_actions'] request_prepare=0.46ms scheduler_forward=2559.37ms output_pace=0.00ms header_pack=0.01ms header_write=0.03ms raw_payload_build=1.43ms raw_write=4.38ms ws_write=4.41ms chunk_total=2566.53ms batches=1 frames=12 frame_shape=(480, 832, 3) raw_bytes=14376960 ws_payload_bytes=14377291 content_type=application/x-raw-rgb
[09-20 06:53:30] [RealtimeChunkLatentPreparationStage] finished in 0.0001 seconds
[09-20 06:53:30] [LingBotWorldCausalDMDDenoisingStage] started...
[09-20 06:53:32] [LingBotWorldCausalDMDDenoisingStage] finished in 2.1885 seconds
[09-20 06:53:32] [CausalVaeDecodingStage] started...
[09-20 06:53:33] [CausalVaeDecodingStage] finished in 0.3473 seconds
[09-20 06:53:33] realtime raw RGB frame batch timing: request_id=255de288a04043358e857fbdefa1f95d_d5c81c81628e4ed5bbb8ebd052e77a3e chunk_idx=12 sample_to_frames=1.33ms frames_to_bytes=2.15ms total=3.51ms batches=1 frames=12 frame_shape=(480, 832, 3) raw_bytes=14376960 content_type=application/x-raw-rgb
[09-20 06:53:33] Pixel data generated successfully in [92m2.56[0;0m seconds
[09-20 06:53:33] Peak memory usage: 82744.00 MB
[09-20 06:53:33] Adjusting number of frames from 21 to 21 based on model
[09-20 06:53:33] Sampling params:
                       width: 832
                      height: 480
                  num_frames: 21
                         fps: 16
                      prompt: <redacted, len=62>
                  neg_prompt: None
                        seed: 42
                 infer_steps: 4
      num_outputs_per_prompt: 1
              guidance_scale: 1.0
     embedded_guidance_scale: 6.0
                    n_tokens: None
                  flow_shift: 5.0
                  image_path: inputs/uploads/255de288a04043358e857fbdefa1f95d_first_frame
                 save_output: False
            output_file_path: outputs/255de288a04043358e857fbdefa1f95d_71b802b09b594302b201699874a96f7b.mp4
        
[09-20 06:53:33] Running pipeline stages: ['RealtimeInputValidationStage', 'RealtimeTextEncodingStage', 'AuxiliaryConditionEncodingStage', 'RealtimeImageVAEEncodingStage', 'DMDTimestepPreparationStage', 'RealtimeChunkLatentPreparationStage', 'LingBotWorldCausalDMDDenoisingStage', 'CausalVaeDecodingStage']
[09-20 06:53:33] [RealtimeInputValidationStage] started...
[09-20 06:53:33] [RealtimeInputValidationStage] finished in 0.0001 seconds
[09-20 06:53:33] [RealtimeTextEncodingStage] started...
[09-20 06:53:33] [RealtimeTextEncodingStage] finished in 0.0000 seconds
[09-20 06:53:33] [AuxiliaryConditionEncodingStage] started...
[09-20 06:53:33] [AuxiliaryConditionEncodingStage] finished in 0.0026 seconds
[09-20 06:53:33] [RealtimeImageVAEEncodingStage] started...
[09-20 06:53:33] [RealtimeImageVAEEncodingStage] finished in 0.0000 seconds
[09-20 06:53:33] [DMDTimestepPreparationStage] started...
[09-20 06:53:33] [DMDTimestepPreparationStage] finished in 0.0002 seconds
[09-20 06:53:33] [RealtimeChunkLatentPreparationStage] started...
[09-20 06:53:33] [RealtimeChunkLatentPreparationStage] finished in 0.0001 seconds
[09-20 06:53:33] realtime chunk timing: session_id=255de288a04043358e857fbdefa1f95d request_id=255de288a04043358e857fbdefa1f95d_d5c81c81628e4ed5bbb8ebd052e77a3e chunk_idx=12 event_id=None condition_kinds=['camera_actions'] request_prepare=0.45ms scheduler_forward=2565.15ms output_pace=0.00ms header_pack=0.01ms header_write=0.03ms raw_payload_build=1.42ms raw_write=4.86ms ws_write=4.89ms chunk_total=2572.79ms batches=1 frames=12 frame_shape=(480, 832, 3) raw_bytes=14376960 ws_payload_bytes=14377291 content_type=application/x-raw-rgb
[09-20 06:53:33] [LingBotWorldCausalDMDDenoisingStage] started...
[09-20 06:53:35] [LingBotWorldCausalDMDDenoisingStage] finished in 2.1883 seconds
[09-20 06:53:35] [CausalVaeDecodingStage] started...
[09-20 06:53:35] [CausalVaeDecodingStage] finished in 0.3469 seconds
[09-20 06:53:35] realtime raw RGB frame batch timing: request_id=255de288a04043358e857fbdefa1f95d_71b802b09b594302b201699874a96f7b chunk_idx=13 sample_to_frames=1.31ms frames_to_bytes=2.11ms total=3.45ms batches=1 frames=12 frame_shape=(480, 832, 3) raw_bytes=14376960 content_type=application/x-raw-rgb
[09-20 06:53:35] Pixel data generated successfully in [92m2.56[0;0m seconds
[09-20 06:53:35] Peak memory usage: 82744.00 MB
[09-20 06:53:35] Adjusting number of frames from 21 to 21 based on model
[09-20 06:53:35] Sampling params:
                       width: 832
                      height: 480
                  num_frames: 21
                         fps: 16
                      prompt: <redacted, len=62>
                  neg_prompt: None
                        seed: 42
                 infer_steps: 4
      num_outputs_per_prompt: 1
              guidance_scale: 1.0
     embedded_guidance_scale: 6.0
                    n_tokens: None
                  flow_shift: 5.0
                  image_path: inputs/uploads/255de288a04043358e857fbdefa1f95d_first_frame
                 save_output: False
            output_file_path: outputs/255de288a04043358e857fbdefa1f95d_52ea8dd28faa45098bc24d9fc36ed8b2.mp4
        
[09-20 06:53:35] Running pipeline stages: ['RealtimeInputValidationStage', 'RealtimeTextEncodingStage', 'AuxiliaryConditionEncodingStage', 'RealtimeImageVAEEncodingStage', 'DMDTimestepPreparationStage', 'RealtimeChunkLatentPreparationStage', 'LingBotWorldCausalDMDDenoisingStage', 'CausalVaeDecodingStage']
[09-20 06:53:35] [RealtimeInputValidationStage] started...
[09-20 06:53:35] [RealtimeInputValidationStage] finished in 0.0001 seconds
[09-20 06:53:35] [RealtimeTextEncodingStage] started...
[09-20 06:53:35] [RealtimeTextEncodingStage] finished in 0.0000 seconds
[09-20 06:53:35] [AuxiliaryConditionEncodingStage] started...
[09-20 06:53:35] [AuxiliaryConditionEncodingStage] finished in 0.0027 seconds
[09-20 06:53:35] [RealtimeImageVAEEncodingStage] started...
[09-20 06:53:35] [RealtimeImageVAEEncodingStage] finished in 0.0000 seconds
[09-20 06:53:35] [DMDTimestepPreparationStage] started...
[09-20 06:53:35] [DMDTimestepPreparationStage] finished in 0.0002 seconds
[09-20 06:53:35] [RealtimeChunkLatentPreparationStage] started...
[09-20 06:53:35] realtime chunk timing: session_id=255de288a04043358e857fbdefa1f95d request_id=255de288a04043358e857fbdefa1f95d_71b802b09b594302b201699874a96f7b chunk_idx=13 event_id=None condition_kinds=['camera_actions'] request_prepare=0.46ms scheduler_forward=2563.93ms output_pace=0.00ms header_pack=0.01ms header_write=0.04ms raw_payload_build=1.44ms raw_write=4.30ms ws_write=4.33ms chunk_total=2571.03ms batches=1 frames=12 frame_shape=(480, 832, 3) raw_bytes=14376960 ws_payload_bytes=14377291 content_type=application/x-raw-rgb
[09-20 06:53:35] [RealtimeChunkLatentPreparationStage] finished in 0.0001 seconds
[09-20 06:53:35] [LingBotWorldCausalDMDDenoisingStage] started...
[09-20 06:53:37] [LingBotWorldCausalDMDDenoisingStage] finished in 2.1857 seconds
[09-20 06:53:37] [CausalVaeDecodingStage] started...
[09-20 06:53:38] [CausalVaeDecodingStage] finished in 0.3478 seconds
[09-20 06:53:38] realtime raw RGB frame batch timing: request_id=255de288a04043358e857fbdefa1f95d_52ea8dd28faa45098bc24d9fc36ed8b2 chunk_idx=14 sample_to_frames=2.64ms frames_to_bytes=3.35ms total=6.01ms batches=1 frames=12 frame_shape=(480, 832, 3) raw_bytes=14376960 content_type=application/x-raw-rgb
[09-20 06:53:38] Pixel data generated successfully in [92m2.56[0;0m seconds
[09-20 06:53:38] Peak memory usage: 82744.00 MB
[09-20 06:53:38] Adjusting number of frames from 21 to 21 based on model
[09-20 06:53:38] Sampling params:
                       width: 832
                      height: 480
                  num_frames: 21
                         fps: 16
                      prompt: <redacted, len=62>
                  neg_prompt: None
                        seed: 42
                 infer_steps: 4
      num_outputs_per_prompt: 1
              guidance_scale: 1.0
     embedded_guidance_scale: 6.0
                    n_tokens: None
                  flow_shift: 5.0
                  image_path: inputs/uploads/255de288a04043358e857fbdefa1f95d_first_frame
                 save_output: False
            output_file_path: outputs/255de288a04043358e857fbdefa1f95d_35bd2e4263334294961f1748460ecc4f.mp4
        
[09-20 06:53:38] Running pipeline stages: ['RealtimeInputValidationStage', 'RealtimeTextEncodingStage', 'AuxiliaryConditionEncodingStage', 'RealtimeImageVAEEncodingStage', 'DMDTimestepPreparationStage', 'RealtimeChunkLatentPreparationStage', 'LingBotWorldCausalDMDDenoisingStage', 'CausalVaeDecodingStage']
[09-20 06:53:38] [RealtimeInputValidationStage] started...
[09-20 06:53:38] [RealtimeInputValidationStage] finished in 0.0001 seconds
[09-20 06:53:38] [RealtimeTextEncodingStage] started...
[09-20 06:53:38] [RealtimeTextEncodingStage] finished in 0.0000 seconds
[09-20 06:53:38] [AuxiliaryConditionEncodingStage] started...
[09-20 06:53:38] [AuxiliaryConditionEncodingStage] finished in 0.0027 seconds
[09-20 06:53:38] realtime chunk timing: session_id=255de288a04043358e857fbdefa1f95d request_id=255de288a04043358e857fbdefa1f95d_52ea8dd28faa45098bc24d9fc36ed8b2 chunk_idx=14 event_id=None condition_kinds=['camera_actions'] request_prepare=0.46ms scheduler_forward=2561.56ms output_pace=0.00ms header_pack=0.01ms header_write=0.03ms raw_payload_build=1.39ms raw_write=4.35ms ws_write=4.38ms chunk_total=2568.65ms batches=1 frames=12 frame_shape=(480, 832, 3) raw_bytes=14376960 ws_payload_bytes=14377291 content_type=application/x-raw-rgb
[09-20 06:53:38] [RealtimeImageVAEEncodingStage] started...
[09-20 06:53:38] [RealtimeImageVAEEncodingStage] finished in 0.0000 seconds
[09-20 06:53:38] [DMDTimestepPreparationStage] started...
[09-20 06:53:38] [DMDTimestepPreparationStage] finished in 0.0002 seconds
[09-20 06:53:38] [RealtimeChunkLatentPreparationStage] started...
[09-20 06:53:38] [RealtimeChunkLatentPreparationStage] finished in 0.0001 seconds
[09-20 06:53:38] [LingBotWorldCausalDMDDenoisingStage] started...
[09-20 06:53:40] [LingBotWorldCausalDMDDenoisingStage] finished in 2.1874 seconds
[09-20 06:53:40] [CausalVaeDecodingStage] started...
[09-20 06:53:40] [CausalVaeDecodingStage] finished in 0.3476 seconds
[09-20 06:53:40] realtime raw RGB frame batch timing: request_id=255de288a04043358e857fbdefa1f95d_35bd2e4263334294961f1748460ecc4f chunk_idx=15 sample_to_frames=1.30ms frames_to_bytes=3.01ms total=4.34ms batches=1 frames=12 frame_shape=(480, 832, 3) raw_bytes=14376960 content_type=application/x-raw-rgb
[09-20 06:53:40] Pixel data generated successfully in [92m2.57[0;0m seconds
[09-20 06:53:40] Peak memory usage: 82744.00 MB
[09-20 06:53:40] Adjusting number of frames from 21 to 21 based on model
[09-20 06:53:40] Sampling params:
                       width: 832
                      height: 480
                  num_frames: 21
                         fps: 16
                      prompt: <redacted, len=62>
                  neg_prompt: None
                        seed: 42
                 infer_steps: 4
      num_outputs_per_prompt: 1
              guidance_scale: 1.0
     embedded_guidance_scale: 6.0
                    n_tokens: None
                  flow_shift: 5.0
                  image_path: inputs/uploads/255de288a04043358e857fbdefa1f95d_first_frame
                 save_output: False
            output_file_path: outputs/255de288a04043358e857fbdefa1f95d_306e437ec847433d8e136148051a18f3.mp4
        
[09-20 06:53:40] Running pipeline stages: ['RealtimeInputValidationStage', 'RealtimeTextEncodingStage', 'AuxiliaryConditionEncodingStage', 'RealtimeImageVAEEncodingStage', 'DMDTimestepPreparationStage', 'RealtimeChunkLatentPreparationStage', 'LingBotWorldCausalDMDDenoisingStage', 'CausalVaeDecodingStage']
[09-20 06:53:40] [RealtimeInputValidationStage] started...
[09-20 06:53:40] [RealtimeInputValidationStage] finished in 0.0001 seconds
[09-20 06:53:40] [RealtimeTextEncodingStage] started...
[09-20 06:53:40] [RealtimeTextEncodingStage] finished in 0.0000 seconds
[09-20 06:53:40] [AuxiliaryConditionEncodingStage] started...
[09-20 06:53:40] [AuxiliaryConditionEncodingStage] finished in 0.0029 seconds
[09-20 06:53:40] [RealtimeImageVAEEncodingStage] started...
[09-20 06:53:40] [RealtimeImageVAEEncodingStage] finished in 0.0000 seconds
[09-20 06:53:40] [DMDTimestepPreparationStage] started...
[09-20 06:53:40] realtime chunk timing: session_id=255de288a04043358e857fbdefa1f95d request_id=255de288a04043358e857fbdefa1f95d_35bd2e4263334294961f1748460ecc4f chunk_idx=15 event_id=None condition_kinds=['camera_actions'] request_prepare=0.45ms scheduler_forward=2565.71ms output_pace=0.00ms header_pack=0.01ms header_write=0.03ms raw_payload_build=1.42ms raw_write=4.22ms ws_write=4.25ms chunk_total=2572.71ms batches=1 frames=12 frame_shape=(480, 832, 3) raw_bytes=14376960 ws_payload_bytes=14377291 content_type=application/x-raw-rgb
[09-20 06:53:40] [DMDTimestepPreparationStage] finished in 0.0003 seconds
[09-20 06:53:40] [RealtimeChunkLatentPreparationStage] started...
[09-20 06:53:40] [RealtimeChunkLatentPreparationStage] finished in 0.0001 seconds
[09-20 06:53:40] [LingBotWorldCausalDMDDenoisingStage] started...
[09-20 06:53:43] [LingBotWorldCausalDMDDenoisingStage] finished in 2.1853 seconds
[09-20 06:53:43] [CausalVaeDecodingStage] started...
[09-20 06:53:43] [CausalVaeDecodingStage] finished in 0.3477 seconds
[09-20 06:53:43] realtime raw RGB frame batch timing: request_id=255de288a04043358e857fbdefa1f95d_306e437ec847433d8e136148051a18f3 chunk_idx=16 sample_to_frames=1.29ms frames_to_bytes=2.09ms total=3.41ms batches=1 frames=12 frame_shape=(480, 832, 3) raw_bytes=14376960 content_type=application/x-raw-rgb
[09-20 06:53:43] Pixel data generated successfully in [92m2.56[0;0m seconds
[09-20 06:53:43] Peak memory usage: 82744.00 MB
[09-20 06:53:43] Adjusting number of frames from 21 to 21 based on model
[09-20 06:53:43] Sampling params:
                       width: 832
                      height: 480
                  num_frames: 21
                         fps: 16
                      prompt: <redacted, len=62>
                  neg_prompt: None
                        seed: 42
                 infer_steps: 4
      num_outputs_per_prompt: 1
              guidance_scale: 1.0
     embedded_guidance_scale: 6.0
                    n_tokens: None
                  flow_shift: 5.0
                  image_path: inputs/uploads/255de288a04043358e857fbdefa1f95d_first_frame
                 save_output: False
            output_file_path: outputs/255de288a04043358e857fbdefa1f95d_184f9a19977845d2bc33cdcde26c8cc0.mp4
        
[09-20 06:53:43] Running pipeline stages: ['RealtimeInputValidationStage', 'RealtimeTextEncodingStage', 'AuxiliaryConditionEncodingStage', 'RealtimeImageVAEEncodingStage', 'DMDTimestepPreparationStage', 'RealtimeChunkLatentPreparationStage', 'LingBotWorldCausalDMDDenoisingStage', 'CausalVaeDecodingStage']
[09-20 06:53:43] [RealtimeInputValidationStage] started...
[09-20 06:53:43] [RealtimeInputValidationStage] finished in 0.0001 seconds
[09-20 06:53:43] [RealtimeTextEncodingStage] started...
[09-20 06:53:43] [RealtimeTextEncodingStage] finished in 0.0000 seconds
[09-20 06:53:43] [AuxiliaryConditionEncodingStage] started...
[09-20 06:53:43] [AuxiliaryConditionEncodingStage] finished in 0.0028 seconds
[09-20 06:53:43] [RealtimeImageVAEEncodingStage] started...
[09-20 06:53:43] [RealtimeImageVAEEncodingStage] finished in 0.0000 seconds
[09-20 06:53:43] [DMDTimestepPreparationStage] started...
[09-20 06:53:43] [DMDTimestepPreparationStage] finished in 0.0002 seconds
[09-20 06:53:43] [RealtimeChunkLatentPreparationStage] started...
[09-20 06:53:43] [RealtimeChunkLatentPreparationStage] finished in 0.0001 seconds
[09-20 06:53:43] [LingBotWorldCausalDMDDenoisingStage] started...
[09-20 06:53:43] realtime chunk timing: session_id=255de288a04043358e857fbdefa1f95d request_id=255de288a04043358e857fbdefa1f95d_306e437ec847433d8e136148051a18f3 chunk_idx=16 event_id=None condition_kinds=['camera_actions'] request_prepare=0.46ms scheduler_forward=2557.15ms output_pace=0.00ms header_pack=0.01ms header_write=0.03ms raw_payload_build=1.45ms raw_write=5.43ms ws_write=5.46ms chunk_total=2565.40ms batches=1 frames=12 frame_shape=(480, 832, 3) raw_bytes=14376960 ws_payload_bytes=14377291 content_type=application/x-raw-rgb
[09-20 06:53:45] [LingBotWorldCausalDMDDenoisingStage] finished in 2.1885 seconds
[09-20 06:53:45] [CausalVaeDecodingStage] started...
[09-20 06:53:46] [CausalVaeDecodingStage] finished in 0.3481 seconds
[09-20 06:53:46] realtime raw RGB frame batch timing: request_id=255de288a04043358e857fbdefa1f95d_184f9a19977845d2bc33cdcde26c8cc0 chunk_idx=17 sample_to_frames=3.18ms frames_to_bytes=3.87ms total=7.08ms batches=1 frames=12 frame_shape=(480, 832, 3) raw_bytes=14376960 content_type=application/x-raw-rgb
[09-20 06:53:46] Pixel data generated successfully in [92m2.57[0;0m seconds
[09-20 06:53:46] Peak memory usage: 82744.00 MB
[09-20 06:53:46] Adjusting number of frames from 21 to 21 based on model
[09-20 06:53:46] Sampling params:
                       width: 832
                      height: 480
                  num_frames: 21
                         fps: 16
                      prompt: <redacted, len=62>
                  neg_prompt: None
                        seed: 42
                 infer_steps: 4
      num_outputs_per_prompt: 1
              guidance_scale: 1.0
     embedded_guidance_scale: 6.0
                    n_tokens: None
                  flow_shift: 5.0
                  image_path: inputs/uploads/255de288a04043358e857fbdefa1f95d_first_frame
                 save_output: False
            output_file_path: outputs/255de288a04043358e857fbdefa1f95d_3e6d487d397e4ba98df4d5351aa12c31.mp4
        
[09-20 06:53:46] Running pipeline stages: ['RealtimeInputValidationStage', 'RealtimeTextEncodingStage', 'AuxiliaryConditionEncodingStage', 'RealtimeImageVAEEncodingStage', 'DMDTimestepPreparationStage', 'RealtimeChunkLatentPreparationStage', 'LingBotWorldCausalDMDDenoisingStage', 'CausalVaeDecodingStage']
[09-20 06:53:46] [RealtimeInputValidationStage] started...
[09-20 06:53:46] [RealtimeInputValidationStage] finished in 0.0001 seconds
[09-20 06:53:46] [RealtimeTextEncodingStage] started...
[09-20 06:53:46] [RealtimeTextEncodingStage] finished in 0.0000 seconds
[09-20 06:53:46] [AuxiliaryConditionEncodingStage] started...
[09-20 06:53:46] [AuxiliaryConditionEncodingStage] finished in 0.0029 seconds
[09-20 06:53:46] [RealtimeImageVAEEncodingStage] started...
[09-20 06:53:46] [RealtimeImageVAEEncodingStage] finished in 0.0000 seconds
[09-20 06:53:46] [DMDTimestepPreparationStage] started...
[09-20 06:53:46] [DMDTimestepPreparationStage] finished in 0.0002 seconds
[09-20 06:53:46] realtime chunk timing: session_id=255de288a04043358e857fbdefa1f95d request_id=255de288a04043358e857fbdefa1f95d_184f9a19977845d2bc33cdcde26c8cc0 chunk_idx=17 event_id=None condition_kinds=['camera_actions'] request_prepare=0.46ms scheduler_forward=2569.49ms output_pace=0.00ms header_pack=0.03ms header_write=0.03ms raw_payload_build=1.41ms raw_write=4.27ms ws_write=4.30ms chunk_total=2576.55ms batches=1 frames=12 frame_shape=(480, 832, 3) raw_bytes=14376960 ws_payload_bytes=14377291 content_type=application/x-raw-rgb
[09-20 06:53:46] [RealtimeChunkLatentPreparationStage] started...
[09-20 06:53:46] [RealtimeChunkLatentPreparationStage] finished in 0.0001 seconds
[09-20 06:53:46] [LingBotWorldCausalDMDDenoisingStage] started...
[09-20 06:53:48] [LingBotWorldCausalDMDDenoisingStage] finished in 2.1918 seconds
[09-20 06:53:48] [CausalVaeDecodingStage] started...
[09-20 06:53:48] [CausalVaeDecodingStage] finished in 0.3476 seconds
[09-20 06:53:48] realtime raw RGB frame batch timing: request_id=255de288a04043358e857fbdefa1f95d_3e6d487d397e4ba98df4d5351aa12c31 chunk_idx=18 sample_to_frames=1.31ms frames_to_bytes=3.33ms total=4.67ms batches=1 frames=12 frame_shape=(480, 832, 3) raw_bytes=14376960 content_type=application/x-raw-rgb
[09-20 06:53:48] Pixel data generated successfully in [92m2.57[0;0m seconds
[09-20 06:53:48] Peak memory usage: 82744.00 MB
[09-20 06:53:48] Adjusting number of frames from 21 to 21 based on model
[09-20 06:53:48] Sampling params:
                       width: 832
                      height: 480
                  num_frames: 21
                         fps: 16
                      prompt: <redacted, len=62>
                  neg_prompt: None
                        seed: 42
                 infer_steps: 4
      num_outputs_per_prompt: 1
              guidance_scale: 1.0
     embedded_guidance_scale: 6.0
                    n_tokens: None
                  flow_shift: 5.0
                  image_path: inputs/uploads/255de288a04043358e857fbdefa1f95d_first_frame
                 save_output: False
            output_file_path: outputs/255de288a04043358e857fbdefa1f95d_aca1a7a4423b4400bba0d5933e93fb07.mp4
        
[09-20 06:53:48] Running pipeline stages: ['RealtimeInputValidationStage', 'RealtimeTextEncodingStage', 'AuxiliaryConditionEncodingStage', 'RealtimeImageVAEEncodingStage', 'DMDTimestepPreparationStage', 'RealtimeChunkLatentPreparationStage', 'LingBotWorldCausalDMDDenoisingStage', 'CausalVaeDecodingStage']
[09-20 06:53:48] [RealtimeInputValidationStage] started...
[09-20 06:53:48] [RealtimeInputValidationStage] finished in 0.0001 seconds
[09-20 06:53:48] [RealtimeTextEncodingStage] started...
[09-20 06:53:48] [RealtimeTextEncodingStage] finished in 0.0000 seconds
[09-20 06:53:48] [AuxiliaryConditionEncodingStage] started...
[09-20 06:53:48] [AuxiliaryConditionEncodingStage] finished in 0.0030 seconds
[09-20 06:53:48] [RealtimeImageVAEEncodingStage] started...
[09-20 06:53:48] [RealtimeImageVAEEncodingStage] finished in 0.0000 seconds
[09-20 06:53:48] [DMDTimestepPreparationStage] started...
[09-20 06:53:48] realtime chunk timing: session_id=255de288a04043358e857fbdefa1f95d request_id=255de288a04043358e857fbdefa1f95d_3e6d487d397e4ba98df4d5351aa12c31 chunk_idx=18 event_id=None condition_kinds=['camera_actions'] request_prepare=0.46ms scheduler_forward=2565.55ms output_pace=0.00ms header_pack=0.01ms header_write=0.03ms raw_payload_build=1.40ms raw_write=4.42ms ws_write=4.45ms chunk_total=2572.72ms batches=1 frames=12 frame_shape=(480, 832, 3) raw_bytes=14376960 ws_payload_bytes=14377291 content_type=application/x-raw-rgb
[09-20 06:53:48] [DMDTimestepPreparationStage] finished in 0.0002 seconds
[09-20 06:53:48] [RealtimeChunkLatentPreparationStage] started...
[09-20 06:53:48] [RealtimeChunkLatentPreparationStage] finished in 0.0001 seconds
[09-20 06:53:48] [LingBotWorldCausalDMDDenoisingStage] started...
[09-20 06:53:50] [LingBotWorldCausalDMDDenoisingStage] finished in 2.1976 seconds
[09-20 06:53:50] [CausalVaeDecodingStage] started...
[09-20 06:53:51] [CausalVaeDecodingStage] finished in 0.3471 seconds
[09-20 06:53:51] realtime raw RGB frame batch timing: request_id=255de288a04043358e857fbdefa1f95d_aca1a7a4423b4400bba0d5933e93fb07 chunk_idx=19 sample_to_frames=1.32ms frames_to_bytes=2.17ms total=3.52ms batches=1 frames=12 frame_shape=(480, 832, 3) raw_bytes=14376960 content_type=application/x-raw-rgb
[09-20 06:53:51] Pixel data generated successfully in [92m2.57[0;0m seconds
[09-20 06:53:51] Peak memory usage: 82744.00 MB
[09-20 06:53:51] Adjusting number of frames from 21 to 21 based on model
[09-20 06:53:51] Sampling params:
                       width: 832
                      height: 480
                  num_frames: 21
                         fps: 16
                      prompt: <redacted, len=62>
                  neg_prompt: None
                        seed: 42
                 infer_steps: 4
      num_outputs_per_prompt: 1
              guidance_scale: 1.0
     embedded_guidance_scale: 6.0
                    n_tokens: None
                  flow_shift: 5.0
                  image_path: inputs/uploads/255de288a04043358e857fbdefa1f95d_first_frame
                 save_output: False
            output_file_path: outputs/255de288a04043358e857fbdefa1f95d_0614d13192264572a2a73d6f387c086f.mp4
        
[09-20 06:53:51] Running pipeline stages: ['RealtimeInputValidationStage', 'RealtimeTextEncodingStage', 'AuxiliaryConditionEncodingStage', 'RealtimeImageVAEEncodingStage', 'DMDTimestepPreparationStage', 'RealtimeChunkLatentPreparationStage', 'LingBotWorldCausalDMDDenoisingStage', 'CausalVaeDecodingStage']
[09-20 06:53:51] [RealtimeInputValidationStage] started...
[09-20 06:53:51] [RealtimeInputValidationStage] finished in 0.0001 seconds
[09-20 06:53:51] [RealtimeTextEncodingStage] started...
[09-20 06:53:51] [RealtimeTextEncodingStage] finished in 0.0000 seconds
[09-20 06:53:51] [AuxiliaryConditionEncodingStage] started...
[09-20 06:53:51] realtime chunk timing: session_id=255de288a04043358e857fbdefa1f95d request_id=255de288a04043358e857fbdefa1f95d_aca1a7a4423b4400bba0d5933e93fb07 chunk_idx=19 event_id=None condition_kinds=['camera_actions'] request_prepare=0.45ms scheduler_forward=2572.76ms output_pace=0.00ms header_pack=0.01ms header_write=0.03ms raw_payload_build=1.41ms raw_write=4.30ms ws_write=4.34ms chunk_total=2579.83ms batches=1 frames=12 frame_shape=(480, 832, 3) raw_bytes=14376960 ws_payload_bytes=14377291 content_type=application/x-raw-rgb
[09-20 06:53:51] [AuxiliaryConditionEncodingStage] finished in 0.0030 seconds
[09-20 06:53:51] [RealtimeImageVAEEncodingStage] started...
[09-20 06:53:51] [RealtimeImageVAEEncodingStage] finished in 0.0000 seconds
[09-20 06:53:51] [DMDTimestepPreparationStage] started...
[09-20 06:53:51] [DMDTimestepPreparationStage] finished in 0.0002 seconds
[09-20 06:53:51] [RealtimeChunkLatentPreparationStage] started...
[09-20 06:53:51] [RealtimeChunkLatentPreparationStage] finished in 0.0001 seconds
[09-20 06:53:51] [LingBotWorldCausalDMDDenoisingStage] started...
[09-20 06:53:53] [LingBotWorldCausalDMDDenoisingStage] finished in 2.1910 seconds
[09-20 06:53:53] [CausalVaeDecodingStage] started...
[09-20 06:53:53] [CausalVaeDecodingStage] finished in 0.3485 seconds
[09-20 06:53:53] realtime raw RGB frame batch timing: request_id=255de288a04043358e857fbdefa1f95d_0614d13192264572a2a73d6f387c086f chunk_idx=20 sample_to_frames=1.32ms frames_to_bytes=2.48ms total=3.82ms batches=1 frames=12 frame_shape=(480, 832, 3) raw_bytes=14376960 content_type=application/x-raw-rgb
[09-20 06:53:53] Pixel data generated successfully in [92m2.56[0;0m seconds
[09-20 06:53:53] Peak memory usage: 82744.00 MB
[09-20 06:53:53] Adjusting number of frames from 21 to 21 based on model
[09-20 06:53:53] Sampling params:
                       width: 832
                      height: 480
                  num_frames: 21
                         fps: 16
                      prompt: <redacted, len=62>
                  neg_prompt: None
                        seed: 42
                 infer_steps: 4
      num_outputs_per_prompt: 1
              guidance_scale: 1.0
     embedded_guidance_scale: 6.0
                    n_tokens: None
                  flow_shift: 5.0
                  image_path: inputs/uploads/255de288a04043358e857fbdefa1f95d_first_frame
                 save_output: False
            output_file_path: outputs/255de288a04043358e857fbdefa1f95d_6d87797d93214accb4a301eeefac8549.mp4
        
[09-20 06:53:53] Running pipeline stages: ['RealtimeInputValidationStage', 'RealtimeTextEncodingStage', 'AuxiliaryConditionEncodingStage', 'RealtimeImageVAEEncodingStage', 'DMDTimestepPreparationStage', 'RealtimeChunkLatentPreparationStage', 'LingBotWorldCausalDMDDenoisingStage', 'CausalVaeDecodingStage']
[09-20 06:53:53] [RealtimeInputValidationStage] started...
[09-20 06:53:53] [RealtimeInputValidationStage] finished in 0.0001 seconds
[09-20 06:53:53] [RealtimeTextEncodingStage] started...
[09-20 06:53:53] [RealtimeTextEncodingStage] finished in 0.0000 seconds
[09-20 06:53:53] [AuxiliaryConditionEncodingStage] started...
[09-20 06:53:53] [AuxiliaryConditionEncodingStage] finished in 0.0031 seconds
[09-20 06:53:53] [RealtimeImageVAEEncodingStage] started...
[09-20 06:53:53] [RealtimeImageVAEEncodingStage] finished in 0.0000 seconds
[09-20 06:53:53] [DMDTimestepPreparationStage] started...
[09-20 06:53:53] [DMDTimestepPreparationStage] finished in 0.0002 seconds
[09-20 06:53:53] [RealtimeChunkLatentPreparationStage] started...
[09-20 06:53:53] realtime chunk timing: session_id=255de288a04043358e857fbdefa1f95d request_id=255de288a04043358e857fbdefa1f95d_0614d13192264572a2a73d6f387c086f chunk_idx=20 event_id=None condition_kinds=['camera_actions'] request_prepare=0.46ms scheduler_forward=2564.77ms output_pace=0.00ms header_pack=0.01ms header_write=0.03ms raw_payload_build=1.45ms raw_write=4.85ms ws_write=4.88ms chunk_total=2572.42ms batches=1 frames=12 frame_shape=(480, 832, 3) raw_bytes=14376960 ws_payload_bytes=14377291 content_type=application/x-raw-rgb
[09-20 06:53:53] [RealtimeChunkLatentPreparationStage] finished in 0.0001 seconds
[09-20 06:53:53] [LingBotWorldCausalDMDDenoisingStage] started...
[09-20 06:53:55] [LingBotWorldCausalDMDDenoisingStage] finished in 2.1967 seconds
[09-20 06:53:55] [CausalVaeDecodingStage] started...
[09-20 06:53:56] [CausalVaeDecodingStage] finished in 0.3477 seconds
[09-20 06:53:56] realtime raw RGB frame batch timing: request_id=255de288a04043358e857fbdefa1f95d_6d87797d93214accb4a301eeefac8549 chunk_idx=21 sample_to_frames=2.68ms frames_to_bytes=3.67ms total=6.39ms batches=1 frames=12 frame_shape=(480, 832, 3) raw_bytes=14376960 content_type=application/x-raw-rgb
[09-20 06:53:56] Pixel data generated successfully in [92m2.58[0;0m seconds
[09-20 06:53:56] Peak memory usage: 82744.00 MB
[09-20 06:53:56] Adjusting number of frames from 21 to 21 based on model
[09-20 06:53:56] Sampling params:
                       width: 832
                      height: 480
                  num_frames: 21
                         fps: 16
                      prompt: <redacted, len=62>
                  neg_prompt: None
                        seed: 42
                 infer_steps: 4
      num_outputs_per_prompt: 1
              guidance_scale: 1.0
     embedded_guidance_scale: 6.0
                    n_tokens: None
                  flow_shift: 5.0
                  image_path: inputs/uploads/255de288a04043358e857fbdefa1f95d_first_frame
                 save_output: False
            output_file_path: outputs/255de288a04043358e857fbdefa1f95d_2ed10d508a7e4464a403c9dde4096cb6.mp4
        
[09-20 06:53:56] Running pipeline stages: ['RealtimeInputValidationStage', 'RealtimeTextEncodingStage', 'AuxiliaryConditionEncodingStage', 'RealtimeImageVAEEncodingStage', 'DMDTimestepPreparationStage', 'RealtimeChunkLatentPreparationStage', 'LingBotWorldCausalDMDDenoisingStage', 'CausalVaeDecodingStage']
[09-20 06:53:56] [RealtimeInputValidationStage] started...
[09-20 06:53:56] [RealtimeInputValidationStage] finished in 0.0001 seconds
[09-20 06:53:56] [RealtimeTextEncodingStage] started...
[09-20 06:53:56] [RealtimeTextEncodingStage] finished in 0.0000 seconds
[09-20 06:53:56] [AuxiliaryConditionEncodingStage] started...
[09-20 06:53:56] [AuxiliaryConditionEncodingStage] finished in 0.0032 seconds
[09-20 06:53:56] realtime chunk timing: session_id=255de288a04043358e857fbdefa1f95d request_id=255de288a04043358e857fbdefa1f95d_6d87797d93214accb4a301eeefac8549 chunk_idx=21 event_id=None condition_kinds=['camera_actions'] request_prepare=0.46ms scheduler_forward=2579.67ms output_pace=0.00ms header_pack=0.01ms header_write=0.04ms raw_payload_build=1.41ms raw_write=4.30ms ws_write=4.34ms chunk_total=2586.76ms batches=1 frames=12 frame_shape=(480, 832, 3) raw_bytes=14376960 ws_payload_bytes=14377291 content_type=application/x-raw-rgb
[09-20 06:53:56] [RealtimeImageVAEEncodingStage] started...
[09-20 06:53:56] [RealtimeImageVAEEncodingStage] finished in 0.0000 seconds
[09-20 06:53:56] [DMDTimestepPreparationStage] started...
[09-20 06:53:56] [DMDTimestepPreparationStage] finished in 0.0002 seconds
[09-20 06:53:56] [RealtimeChunkLatentPreparationStage] started...
[09-20 06:53:56] [RealtimeChunkLatentPreparationStage] finished in 0.0001 seconds
[09-20 06:53:56] [LingBotWorldCausalDMDDenoisingStage] started...
[09-20 06:53:58] [LingBotWorldCausalDMDDenoisingStage] finished in 2.1862 seconds
[09-20 06:53:58] [CausalVaeDecodingStage] started...
[09-20 06:53:58] [CausalVaeDecodingStage] finished in 0.3476 seconds
[09-20 06:53:58] realtime raw RGB frame batch timing: request_id=255de288a04043358e857fbdefa1f95d_2ed10d508a7e4464a403c9dde4096cb6 chunk_idx=22 sample_to_frames=1.31ms frames_to_bytes=3.15ms total=4.49ms batches=1 frames=12 frame_shape=(480, 832, 3) raw_bytes=14376960 content_type=application/x-raw-rgb
[09-20 06:53:58] Pixel data generated successfully in [92m2.56[0;0m seconds
[09-20 06:53:58] Peak memory usage: 82744.00 MB
[09-20 06:53:58] Adjusting number of frames from 21 to 21 based on model
[09-20 06:53:58] Sampling params:
                       width: 832
                      height: 480
                  num_frames: 21
                         fps: 16
                      prompt: <redacted, len=62>
                  neg_prompt: None
                        seed: 42
                 infer_steps: 4
      num_outputs_per_prompt: 1
              guidance_scale: 1.0
     embedded_guidance_scale: 6.0
                    n_tokens: None
                  flow_shift: 5.0
                  image_path: inputs/uploads/255de288a04043358e857fbdefa1f95d_first_frame
                 save_output: False
            output_file_path: outputs/255de288a04043358e857fbdefa1f95d_57665dceda4846ed87b93933f0b7aca5.mp4
        
[09-20 06:53:58] Running pipeline stages: ['RealtimeInputValidationStage', 'RealtimeTextEncodingStage', 'AuxiliaryConditionEncodingStage', 'RealtimeImageVAEEncodingStage', 'DMDTimestepPreparationStage', 'RealtimeChunkLatentPreparationStage', 'LingBotWorldCausalDMDDenoisingStage', 'CausalVaeDecodingStage']
[09-20 06:53:58] [RealtimeInputValidationStage] started...
[09-20 06:53:58] [RealtimeInputValidationStage] finished in 0.0001 seconds
[09-20 06:53:58] [RealtimeTextEncodingStage] started...
[09-20 06:53:58] [RealtimeTextEncodingStage] finished in 0.0000 seconds
[09-20 06:53:58] [AuxiliaryConditionEncodingStage] started...
[09-20 06:53:58] [AuxiliaryConditionEncodingStage] finished in 0.0031 seconds
[09-20 06:53:58] [RealtimeImageVAEEncodingStage] started...
[09-20 06:53:58] [RealtimeImageVAEEncodingStage] finished in 0.0000 seconds
[09-20 06:53:58] [DMDTimestepPreparationStage] started...
[09-20 06:53:58] realtime chunk timing: session_id=255de288a04043358e857fbdefa1f95d request_id=255de288a04043358e857fbdefa1f95d_2ed10d508a7e4464a403c9dde4096cb6 chunk_idx=22 event_id=None condition_kinds=['camera_actions'] request_prepare=0.47ms scheduler_forward=2564.64ms output_pace=0.00ms header_pack=0.01ms header_write=0.04ms raw_payload_build=1.31ms raw_write=4.24ms ws_write=4.28ms chunk_total=2571.56ms batches=1 frames=12 frame_shape=(480, 832, 3) raw_bytes=14376960 ws_payload_bytes=14377291 content_type=application/x-raw-rgb
[09-20 06:53:58] [DMDTimestepPreparationStage] finished in 0.0002 seconds
[09-20 06:53:58] [RealtimeChunkLatentPreparationStage] started...
[09-20 06:53:58] [RealtimeChunkLatentPreparationStage] finished in 0.0001 seconds
[09-20 06:53:58] [LingBotWorldCausalDMDDenoisingStage] started...
[09-20 06:54:01] [LingBotWorldCausalDMDDenoisingStage] finished in 2.1923 seconds
[09-20 06:54:01] [CausalVaeDecodingStage] started...
[09-20 06:54:01] [CausalVaeDecodingStage] finished in 0.3475 seconds
[09-20 06:54:01] realtime raw RGB frame batch timing: request_id=255de288a04043358e857fbdefa1f95d_57665dceda4846ed87b93933f0b7aca5 chunk_idx=23 sample_to_frames=1.30ms frames_to_bytes=3.00ms total=4.33ms batches=1 frames=12 frame_shape=(480, 832, 3) raw_bytes=14376960 content_type=application/x-raw-rgb
[09-20 06:54:01] Pixel data generated successfully in [92m2.56[0;0m seconds
[09-20 06:54:01] Peak memory usage: 82744.00 MB
[09-20 06:54:01] Adjusting number of frames from 21 to 21 based on model
[09-20 06:54:01] Sampling params:
                       width: 832
                      height: 480
                  num_frames: 21
                         fps: 16
                      prompt: <redacted, len=62>
                  neg_prompt: None
                        seed: 42
                 infer_steps: 4
      num_outputs_per_prompt: 1
              guidance_scale: 1.0
     embedded_guidance_scale: 6.0
                    n_tokens: None
                  flow_shift: 5.0
                  image_path: inputs/uploads/255de288a04043358e857fbdefa1f95d_first_frame
                 save_output: False
            output_file_path: outputs/255de288a04043358e857fbdefa1f95d_47ad84ce1d9e4b6bb248497ccdb2af6c.mp4
        
[09-20 06:54:01] Running pipeline stages: ['RealtimeInputValidationStage', 'RealtimeTextEncodingStage', 'AuxiliaryConditionEncodingStage', 'RealtimeImageVAEEncodingStage', 'DMDTimestepPreparationStage', 'RealtimeChunkLatentPreparationStage', 'LingBotWorldCausalDMDDenoisingStage', 'CausalVaeDecodingStage']
[09-20 06:54:01] [RealtimeInputValidationStage] started...
[09-20 06:54:01] [RealtimeInputValidationStage] finished in 0.0001 seconds
[09-20 06:54:01] [RealtimeTextEncodingStage] started...
[09-20 06:54:01] [RealtimeTextEncodingStage] finished in 0.0000 seconds
[09-20 06:54:01] [AuxiliaryConditionEncodingStage] started...
[09-20 06:54:01] [AuxiliaryConditionEncodingStage] finished in 0.0031 seconds
[09-20 06:54:01] [RealtimeImageVAEEncodingStage] started...
[09-20 06:54:01] [RealtimeImageVAEEncodingStage] finished in 0.0000 seconds
[09-20 06:54:01] [DMDTimestepPreparationStage] started...
[09-20 06:54:01] realtime chunk timing: session_id=255de288a04043358e857fbdefa1f95d request_id=255de288a04043358e857fbdefa1f95d_57665dceda4846ed87b93933f0b7aca5 chunk_idx=23 event_id=None condition_kinds=['camera_actions'] request_prepare=0.45ms scheduler_forward=2564.24ms output_pace=0.00ms header_pack=0.01ms header_write=0.03ms raw_payload_build=1.40ms raw_write=4.23ms ws_write=4.26ms chunk_total=2571.25ms batches=1 frames=12 frame_shape=(480, 832, 3) raw_bytes=14376960 ws_payload_bytes=14377291 content_type=application/x-raw-rgb
[09-20 06:54:01] [DMDTimestepPreparationStage] finished in 0.0002 seconds
[09-20 06:54:01] [RealtimeChunkLatentPreparationStage] started...
[09-20 06:54:01] [RealtimeChunkLatentPreparationStage] finished in 0.0001 seconds
[09-20 06:54:01] [LingBotWorldCausalDMDDenoisingStage] started...
[09-20 06:54:03] [LingBotWorldCausalDMDDenoisingStage] finished in 2.1930 seconds
[09-20 06:54:03] [CausalVaeDecodingStage] started...
[09-20 06:54:04] [CausalVaeDecodingStage] finished in 0.3474 seconds
[09-20 06:54:04] realtime raw RGB frame batch timing: request_id=255de288a04043358e857fbdefa1f95d_47ad84ce1d9e4b6bb248497ccdb2af6c chunk_idx=24 sample_to_frames=1.30ms frames_to_bytes=2.09ms total=3.41ms batches=1 frames=12 frame_shape=(480, 832, 3) raw_bytes=14376960 content_type=application/x-raw-rgb
[09-20 06:54:04] Pixel data generated successfully in [92m2.56[0;0m seconds
[09-20 06:54:04] Peak memory usage: 82744.00 MB
[09-20 06:54:04] Adjusting number of frames from 21 to 21 based on model
[09-20 06:54:04] Sampling params:
                       width: 832
                      height: 480
                  num_frames: 21
                         fps: 16
                      prompt: <redacted, len=62>
                  neg_prompt: None
                        seed: 42
                 infer_steps: 4
      num_outputs_per_prompt: 1
              guidance_scale: 1.0
     embedded_guidance_scale: 6.0
                    n_tokens: None
                  flow_shift: 5.0
                  image_path: inputs/uploads/255de288a04043358e857fbdefa1f95d_first_frame
                 save_output: False
            output_file_path: outputs/255de288a04043358e857fbdefa1f95d_4def55d0f3144658b73030390dfd98ea.mp4
        
[09-20 06:54:04] Running pipeline stages: ['RealtimeInputValidationStage', 'RealtimeTextEncodingStage', 'AuxiliaryConditionEncodingStage', 'RealtimeImageVAEEncodingStage', 'DMDTimestepPreparationStage', 'RealtimeChunkLatentPreparationStage', 'LingBotWorldCausalDMDDenoisingStage', 'CausalVaeDecodingStage']
[09-20 06:54:04] [RealtimeInputValidationStage] started...
[09-20 06:54:04] [RealtimeInputValidationStage] finished in 0.0001 seconds
[09-20 06:54:04] [RealtimeTextEncodingStage] started...
[09-20 06:54:04] [RealtimeTextEncodingStage] finished in 0.0000 seconds
[09-20 06:54:04] [AuxiliaryConditionEncodingStage] started...
[09-20 06:54:04] [AuxiliaryConditionEncodingStage] finished in 0.0032 seconds
[09-20 06:54:04] [RealtimeImageVAEEncodingStage] started...
[09-20 06:54:04] [RealtimeImageVAEEncodingStage] finished in 0.0000 seconds
[09-20 06:54:04] [DMDTimestepPreparationStage] started...
[09-20 06:54:04] realtime chunk timing: session_id=255de288a04043358e857fbdefa1f95d request_id=255de288a04043358e857fbdefa1f95d_47ad84ce1d9e4b6bb248497ccdb2af6c chunk_idx=24 event_id=None condition_kinds=['camera_actions'] request_prepare=0.49ms scheduler_forward=2564.49ms output_pace=0.00ms header_pack=0.01ms header_write=0.03ms raw_payload_build=1.40ms raw_write=4.27ms ws_write=4.30ms chunk_total=2571.55ms batches=1 frames=12 frame_shape=(480, 832, 3) raw_bytes=14376960 ws_payload_bytes=14377291 content_type=application/x-raw-rgb
[09-20 06:54:04] [DMDTimestepPreparationStage] finished in 0.0002 seconds
[09-20 06:54:04] [RealtimeChunkLatentPreparationStage] started...
[09-20 06:54:04] [RealtimeChunkLatentPreparationStage] finished in 0.0001 seconds
[09-20 06:54:04] [LingBotWorldCausalDMDDenoisingStage] started...
[09-20 06:54:06] [LingBotWorldCausalDMDDenoisingStage] finished in 2.1924 seconds
[09-20 06:54:06] [CausalVaeDecodingStage] started...
[09-20 06:54:06] [CausalVaeDecodingStage] finished in 0.3476 seconds
[09-20 06:54:06] realtime raw RGB frame batch timing: request_id=255de288a04043358e857fbdefa1f95d_4def55d0f3144658b73030390dfd98ea chunk_idx=25 sample_to_frames=1.34ms frames_to_bytes=2.78ms total=4.14ms batches=1 frames=12 frame_shape=(480, 832, 3) raw_bytes=14376960 content_type=application/x-raw-rgb
[09-20 06:54:06] Pixel data generated successfully in [92m2.57[0;0m seconds
[09-20 06:54:06] Peak memory usage: 82744.00 MB
[09-20 06:54:06] Adjusting number of frames from 21 to 21 based on model
[09-20 06:54:06] Sampling params:
                       width: 832
                      height: 480
                  num_frames: 21
                         fps: 16
                      prompt: <redacted, len=62>
                  neg_prompt: None
                        seed: 42
                 infer_steps: 4
      num_outputs_per_prompt: 1
              guidance_scale: 1.0
     embedded_guidance_scale: 6.0
                    n_tokens: None
                  flow_shift: 5.0
                  image_path: inputs/uploads/255de288a04043358e857fbdefa1f95d_first_frame
                 save_output: False
            output_file_path: outputs/255de288a04043358e857fbdefa1f95d_1a5a7917d51240ef9f1c902b8671f450.mp4
        
[09-20 06:54:06] Running pipeline stages: ['RealtimeInputValidationStage', 'RealtimeTextEncodingStage', 'AuxiliaryConditionEncodingStage', 'RealtimeImageVAEEncodingStage', 'DMDTimestepPreparationStage', 'RealtimeChunkLatentPreparationStage', 'LingBotWorldCausalDMDDenoisingStage', 'CausalVaeDecodingStage']
[09-20 06:54:06] [RealtimeInputValidationStage] started...
[09-20 06:54:06] [RealtimeInputValidationStage] finished in 0.0001 seconds
[09-20 06:54:06] [RealtimeTextEncodingStage] started...
[09-20 06:54:06] [RealtimeTextEncodingStage] finished in 0.0000 seconds
[09-20 06:54:06] [AuxiliaryConditionEncodingStage] started...
[09-20 06:54:06] [AuxiliaryConditionEncodingStage] finished in 0.0033 seconds
[09-20 06:54:06] [RealtimeImageVAEEncodingStage] started...
[09-20 06:54:06] [RealtimeImageVAEEncodingStage] finished in 0.0000 seconds
[09-20 06:54:06] [DMDTimestepPreparationStage] started...
[09-20 06:54:06] [DMDTimestepPreparationStage] finished in 0.0002 seconds
[09-20 06:54:06] realtime chunk timing: session_id=255de288a04043358e857fbdefa1f95d request_id=255de288a04043358e857fbdefa1f95d_4def55d0f3144658b73030390dfd98ea chunk_idx=25 event_id=None condition_kinds=['camera_actions'] request_prepare=0.46ms scheduler_forward=2568.27ms output_pace=0.00ms header_pack=0.01ms header_write=0.03ms raw_payload_build=1.44ms raw_write=4.57ms ws_write=4.61ms chunk_total=2575.72ms batches=1 frames=12 frame_shape=(480, 832, 3) raw_bytes=14376960 ws_payload_bytes=14377291 content_type=application/x-raw-rgb
[09-20 06:54:06] [RealtimeChunkLatentPreparationStage] started...
[09-20 06:54:06] [RealtimeChunkLatentPreparationStage] finished in 0.0001 seconds
[09-20 06:54:06] [LingBotWorldCausalDMDDenoisingStage] started...
[09-20 06:54:08] [LingBotWorldCausalDMDDenoisingStage] finished in 2.1897 seconds
[09-20 06:54:08] [CausalVaeDecodingStage] started...
[09-20 06:54:09] [CausalVaeDecodingStage] finished in 0.3481 seconds
[09-20 06:54:09] realtime raw RGB frame batch timing: request_id=255de288a04043358e857fbdefa1f95d_1a5a7917d51240ef9f1c902b8671f450 chunk_idx=26 sample_to_frames=1.33ms frames_to_bytes=2.16ms total=3.52ms batches=1 frames=12 frame_shape=(480, 832, 3) raw_bytes=14376960 content_type=application/x-raw-rgb
[09-20 06:54:09] Pixel data generated successfully in [92m2.56[0;0m seconds
[09-20 06:54:09] Peak memory usage: 82744.00 MB
[09-20 06:54:09] Adjusting number of frames from 21 to 21 based on model
[09-20 06:54:09] Sampling params:
                       width: 832
                      height: 480
                  num_frames: 21
                         fps: 16
                      prompt: <redacted, len=62>
                  neg_prompt: None
                        seed: 42
                 infer_steps: 4
      num_outputs_per_prompt: 1
              guidance_scale: 1.0
     embedded_guidance_scale: 6.0
                    n_tokens: None
                  flow_shift: 5.0
                  image_path: inputs/uploads/255de288a04043358e857fbdefa1f95d_first_frame
                 save_output: False
            output_file_path: outputs/255de288a04043358e857fbdefa1f95d_13246afdb5eb4bdc872c562c9a30739d.mp4
        
[09-20 06:54:09] Running pipeline stages: ['RealtimeInputValidationStage', 'RealtimeTextEncodingStage', 'AuxiliaryConditionEncodingStage', 'RealtimeImageVAEEncodingStage', 'DMDTimestepPreparationStage', 'RealtimeChunkLatentPreparationStage', 'LingBotWorldCausalDMDDenoisingStage', 'CausalVaeDecodingStage']
[09-20 06:54:09] [RealtimeInputValidationStage] started...
[09-20 06:54:09] [RealtimeInputValidationStage] finished in 0.0001 seconds
[09-20 06:54:09] [RealtimeTextEncodingStage] started...
[09-20 06:54:09] [RealtimeTextEncodingStage] finished in 0.0000 seconds
[09-20 06:54:09] [AuxiliaryConditionEncodingStage] started...
[09-20 06:54:09] realtime chunk timing: session_id=255de288a04043358e857fbdefa1f95d request_id=255de288a04043358e857fbdefa1f95d_1a5a7917d51240ef9f1c902b8671f450 chunk_idx=26 event_id=None condition_kinds=['camera_actions'] request_prepare=0.49ms scheduler_forward=2562.97ms output_pace=0.00ms header_pack=0.01ms header_write=0.03ms raw_payload_build=1.42ms raw_write=4.31ms ws_write=4.35ms chunk_total=2570.10ms batches=1 frames=12 frame_shape=(480, 832, 3) raw_bytes=14376960 ws_payload_bytes=14377291 content_type=application/x-raw-rgb
[09-20 06:54:09] [AuxiliaryConditionEncodingStage] finished in 0.0034 seconds
[09-20 06:54:09] [RealtimeImageVAEEncodingStage] started...
[09-20 06:54:09] [RealtimeImageVAEEncodingStage] finished in 0.0000 seconds
[09-20 06:54:09] [DMDTimestepPreparationStage] started...
[09-20 06:54:09] [DMDTimestepPreparationStage] finished in 0.0002 seconds
[09-20 06:54:09] [RealtimeChunkLatentPreparationStage] started...
[09-20 06:54:09] [RealtimeChunkLatentPreparationStage] finished in 0.0001 seconds
[09-20 06:54:09] [LingBotWorldCausalDMDDenoisingStage] started...
[09-20 06:54:11] [LingBotWorldCausalDMDDenoisingStage] finished in 2.1910 seconds
[09-20 06:54:11] [CausalVaeDecodingStage] started...
[09-20 06:54:11] [CausalVaeDecodingStage] finished in 0.3476 seconds
[09-20 06:54:11] realtime raw RGB frame batch timing: request_id=255de288a04043358e857fbdefa1f95d_13246afdb5eb4bdc872c562c9a30739d chunk_idx=27 sample_to_frames=1.29ms frames_to_bytes=2.09ms total=3.41ms batches=1 frames=12 frame_shape=(480, 832, 3) raw_bytes=14376960 content_type=application/x-raw-rgb
[09-20 06:54:11] Pixel data generated successfully in [92m2.56[0;0m seconds
[09-20 06:54:11] Peak memory usage: 82744.00 MB
[09-20 06:54:11] Adjusting number of frames from 21 to 21 based on model
[09-20 06:54:11] Sampling params:
                       width: 832
                      height: 480
                  num_frames: 21
                         fps: 16
                      prompt: <redacted, len=62>
                  neg_prompt: None
                        seed: 42
                 infer_steps: 4
      num_outputs_per_prompt: 1
              guidance_scale: 1.0
     embedded_guidance_scale: 6.0
                    n_tokens: None
                  flow_shift: 5.0
                  image_path: inputs/uploads/255de288a04043358e857fbdefa1f95d_first_frame
                 save_output: False
            output_file_path: outputs/255de288a04043358e857fbdefa1f95d_57bf6738fee24faa824a3f1d1e879940.mp4
        
[09-20 06:54:11] Running pipeline stages: ['RealtimeInputValidationStage', 'RealtimeTextEncodingStage', 'AuxiliaryConditionEncodingStage', 'RealtimeImageVAEEncodingStage', 'DMDTimestepPreparationStage', 'RealtimeChunkLatentPreparationStage', 'LingBotWorldCausalDMDDenoisingStage', 'CausalVaeDecodingStage']
[09-20 06:54:11] [RealtimeInputValidationStage] started...
[09-20 06:54:11] [RealtimeInputValidationStage] finished in 0.0001 seconds
[09-20 06:54:11] [RealtimeTextEncodingStage] started...
[09-20 06:54:11] [RealtimeTextEncodingStage] finished in 0.0000 seconds
[09-20 06:54:11] [AuxiliaryConditionEncodingStage] started...
[09-20 06:54:11] [AuxiliaryConditionEncodingStage] finished in 0.0035 seconds
[09-20 06:54:11] [RealtimeImageVAEEncodingStage] started...
[09-20 06:54:11] realtime chunk timing: session_id=255de288a04043358e857fbdefa1f95d request_id=255de288a04043358e857fbdefa1f95d_13246afdb5eb4bdc872c562c9a30739d chunk_idx=27 event_id=None condition_kinds=['camera_actions'] request_prepare=0.46ms scheduler_forward=2563.59ms output_pace=0.00ms header_pack=0.01ms header_write=0.03ms raw_payload_build=1.46ms raw_write=4.28ms ws_write=4.32ms chunk_total=2570.69ms batches=1 frames=12 frame_shape=(480, 832, 3) raw_bytes=14376960 ws_payload_bytes=14377291 content_type=application/x-raw-rgb
[09-20 06:54:11] [RealtimeImageVAEEncodingStage] finished in 0.0000 seconds
[09-20 06:54:11] [DMDTimestepPreparationStage] started...
[09-20 06:54:11] [DMDTimestepPreparationStage] finished in 0.0002 seconds
[09-20 06:54:11] [RealtimeChunkLatentPreparationStage] started...
[09-20 06:54:11] [RealtimeChunkLatentPreparationStage] finished in 0.0001 seconds
[09-20 06:54:11] [LingBotWorldCausalDMDDenoisingStage] started...
[09-20 06:54:13] [LingBotWorldCausalDMDDenoisingStage] finished in 2.1937 seconds
[09-20 06:54:13] [CausalVaeDecodingStage] started...
[09-20 06:54:14] [CausalVaeDecodingStage] finished in 0.3479 seconds
[09-20 06:54:14] realtime raw RGB frame batch timing: request_id=255de288a04043358e857fbdefa1f95d_57bf6738fee24faa824a3f1d1e879940 chunk_idx=28 sample_to_frames=2.96ms frames_to_bytes=2.95ms total=5.93ms batches=1 frames=12 frame_shape=(480, 832, 3) raw_bytes=14376960 content_type=application/x-raw-rgb
[09-20 06:54:14] Pixel data generated successfully in [92m2.58[0;0m seconds
[09-20 06:54:14] Peak memory usage: 82744.00 MB
[09-20 06:54:14] Adjusting number of frames from 21 to 21 based on model
[09-20 06:54:14] Sampling params:
                       width: 832
                      height: 480
                  num_frames: 21
                         fps: 16
                      prompt: <redacted, len=62>
                  neg_prompt: None
                        seed: 42
                 infer_steps: 4
      num_outputs_per_prompt: 1
              guidance_scale: 1.0
     embedded_guidance_scale: 6.0
                    n_tokens: None
                  flow_shift: 5.0
                  image_path: inputs/uploads/255de288a04043358e857fbdefa1f95d_first_frame
                 save_output: False
            output_file_path: outputs/255de288a04043358e857fbdefa1f95d_fb3bcbc58257483897a6d6cdbd974738.mp4
        
[09-20 06:54:14] Running pipeline stages: ['RealtimeInputValidationStage', 'RealtimeTextEncodingStage', 'AuxiliaryConditionEncodingStage', 'RealtimeImageVAEEncodingStage', 'DMDTimestepPreparationStage', 'RealtimeChunkLatentPreparationStage', 'LingBotWorldCausalDMDDenoisingStage', 'CausalVaeDecodingStage']
[09-20 06:54:14] [RealtimeInputValidationStage] started...
[09-20 06:54:14] [RealtimeInputValidationStage] finished in 0.0001 seconds
[09-20 06:54:14] [RealtimeTextEncodingStage] started...
[09-20 06:54:14] [RealtimeTextEncodingStage] finished in 0.0000 seconds
[09-20 06:54:14] [AuxiliaryConditionEncodingStage] started...
[09-20 06:54:14] [AuxiliaryConditionEncodingStage] finished in 0.0034 seconds
[09-20 06:54:14] realtime chunk timing: session_id=255de288a04043358e857fbdefa1f95d request_id=255de288a04043358e857fbdefa1f95d_57bf6738fee24faa824a3f1d1e879940 chunk_idx=28 event_id=None condition_kinds=['camera_actions'] request_prepare=0.46ms scheduler_forward=2575.62ms output_pace=0.00ms header_pack=0.01ms header_write=0.03ms raw_payload_build=1.40ms raw_write=4.37ms ws_write=4.40ms chunk_total=2582.75ms batches=1 frames=12 frame_shape=(480, 832, 3) raw_bytes=14376960 ws_payload_bytes=14377291 content_type=application/x-raw-rgb
[09-20 06:54:14] [RealtimeImageVAEEncodingStage] started...
[09-20 06:54:14] [RealtimeImageVAEEncodingStage] finished in 0.0000 seconds
[09-20 06:54:14] [DMDTimestepPreparationStage] started...
[09-20 06:54:14] [DMDTimestepPreparationStage] finished in 0.0002 seconds
[09-20 06:54:14] [RealtimeChunkLatentPreparationStage] started...
[09-20 06:54:14] [RealtimeChunkLatentPreparationStage] finished in 0.0001 seconds
[09-20 06:54:14] [LingBotWorldCausalDMDDenoisingStage] started...
[09-20 06:54:16] [LingBotWorldCausalDMDDenoisingStage] finished in 2.1956 seconds
[09-20 06:54:16] [CausalVaeDecodingStage] started...
[09-20 06:54:16] [CausalVaeDecodingStage] finished in 0.3474 seconds
[09-20 06:54:16] realtime raw RGB frame batch timing: request_id=255de288a04043358e857fbdefa1f95d_fb3bcbc58257483897a6d6cdbd974738 chunk_idx=29 sample_to_frames=1.30ms frames_to_bytes=3.04ms total=4.37ms batches=1 frames=12 frame_shape=(480, 832, 3) raw_bytes=14376960 content_type=application/x-raw-rgb
[09-20 06:54:16] Pixel data generated successfully in [92m2.57[0;0m seconds
[09-20 06:54:16] Peak memory usage: 82744.00 MB
[09-20 06:54:16] realtime chunk timing: session_id=255de288a04043358e857fbdefa1f95d request_id=255de288a04043358e857fbdefa1f95d_fb3bcbc58257483897a6d6cdbd974738 chunk_idx=29 event_id=None condition_kinds=['camera_actions'] request_prepare=0.46ms scheduler_forward=2568.51ms output_pace=0.00ms header_pack=0.01ms header_write=0.03ms raw_payload_build=1.40ms raw_write=4.40ms ws_write=4.43ms chunk_total=2574.88ms batches=1 frames=12 frame_shape=(480, 832, 3) raw_bytes=14376960 ws_payload_bytes=14377291 content_type=application/x-raw-rgb
[09-20 06:54:16] generation reached max chunks, session_id=255de288a04043358e857fbdefa1f95d, max_chunks=30
[09-20 06:54:16] terminating session, session_id=255de288a04043358e857fbdefa1f95d
[09-20 06:54:16] Realtime session release: session_id=255de288a04043358e857fbdefa1f95d released=True
[2026-09-20 06:54:19] [32mINFO[0m:     Shutting down
[2026-09-20 06:54:19] [32mINFO[0m:     Waiting for application shutdown.
[09-20 06:54:19] FastAPI app is shutting down...
[2026-09-20 06:54:19] [32mINFO[0m:     Application shutdown complete.
[2026-09-20 06:54:19] [32mINFO[0m:     Finished server process [[36m128829[0m]
/usr/lib/python3.12/multiprocessing/resource_tracker.py:254: UserWarning: resource_tracker: There appear to be 1 leaked semaphore objects to clean up at shutdown
  warnings.warn('resource_tracker: There appear to be %d '
