Flax classes are deprecated and will be removed in Diffusers v1.0.0. We recommend migrating to PyTorch classes or pinning your version of Diffusers.
Flax classes are deprecated and will be removed in Diffusers v1.0.0. We recommend migrating to PyTorch classes or pinning your version of Diffusers.
[09-20 06:49:44] server_args: {"model_path": "robbyant/lingbot-world-v2-14b-causal-fast-diffusers", "model_subfolder": null, "model_variant": null, "model_id": null, "served_model_name": "robbyant/lingbot-world-v2-14b-causal-fast-diffusers", "backend": "auto", "attention_backend": null, "enable_attention_backend_autotune": false, "attention_backend_config": {}, "component_attention_backends": {}, "cache_dit_config": null, "nccl_port": null, "enable_nccl_nvls": false, "trust_remote_code": false, "revision": null, "num_gpus": 1, "performance_mode": "manual", "base_gpu_id": 0, "gpu_ids": null, "nnodes": 1, "node_rank": 0, "dist_init_addr": null, "tp_size": 1, "sp_degree": 1, "ulysses_degree": 1, "ring_degree": 1, "kv_gather_degree": 1, "sp_split_auto": false, "dp_size": 1, "enable_cfg_parallel": false, "cfg_parallel_degree": 1, "encoder_parallel": "auto", "hsdp_replicate_dim": 1, "hsdp_shard_dim": 1, "dist_timeout": 3600, "scheduler_rpc_timeout": null, "pipeline_class_name": null, "lora_path": null, "lora_nickname": "default", "lora_scale": 1.0, "lora_alpha": null, "lora_merge_mode": "auto", "lora_weight_name": null, "component_paths": {}, "component_weights_paths": {}, "component_direct_gpu_weight_loading": {}, "component_quantizations": {}, "component_precisions": {}, "component_quantization_ignored_layers": {}, "load_diffusion_decoder": false, "transformer_weights_path": null, "minimax_h3_adaln_cache_path": null, "minimax_h3_adaln_online": false, "minimax_h3_adaln_plan_width": 4, "minimax_h3_adaln_host_cache_gb": 8.0, "quantization": null, "quantization_ignored_layers": null, "lora_target_modules": null, "component_residency": null, "cpu_offload_components": null, "dit_cpu_offload": false, "direct_gpu_weight_loading": false, "dit_layerwise_offload": false, "layerwise_offload_components": null, "dit_offload_prefetch_size": 0.0, "dit_layerwise_resident_layers": 0.0, "dit_layerwise_residency_policy": "leading", "layerwise_prefetch_size": {}, "layerwise_resident_layers": {}, "layerwise_residency_policy": {}, "offload_during_compile": true, "text_encoder_cpu_offload": true, "image_encoder_cpu_offload": null, "vae_cpu_offload": false, "use_fsdp_inference": null, "pin_cpu_memory": true, "ltx2_two_stage_device_mode": null, "comfyui_mode": false, "enable_torch_compile": false, "regional_compile": false, "enable_breakable_cuda_graph": false, "bcg_text_buckets": null, "enable_layerwise_nvtx_marker": false, "warmup_mode": "server", "warmup_resolutions": ["832x480"], "warmup_num_frames": 9, "warmup_steps": 1, "warmup_sampling_params": null, "disable_autocast": false, "master_port": 24303, "host": "127.0.0.1", "port": 24203, "enable_metrics": false, "webui": false, "webui_port": 12312, "scheduler_port": 5619, "scheduler_ports": [5619], "batching_mode": "dynamic", "batching_max_size": 1, "batching_delay_ms": 0.0, "batching_config": null, "enable_batching_metrics": false, "strict_ports": false, "output_path": "outputs/", "input_save_path": "inputs/uploads", "prompt_file_path": null, "model_paths": {}, "model_loaded": {"transformer": true, "vae": true, "video_vae": true, "audio_vae": true, "video_dit": true, "audio_dit": true, "dual_tower_bridge": true}, "boundary_ratio": null, "disagg_role": "monolithic", "disagg_timeout": 3600, "disagg_downstream_wait_timeout": 1800, "disagg_dispatch_policy": "round_robin", "disagg_mode": false, "disagg_instance_id": 0, "disagg_max_slots_per_instance": 8, "disagg_transfer_redundancy": 1.25, "disagg_role_device": "auto", "disagg_transfer_backend": "auto", "disagg_transfer_pool_size": 268435456, "disagg_transfer_pin_memory": "auto", "disagg_p2p_hostname": "127.0.0.1", "disagg_ib_device": null, "disagg_server_addr": null, "encoder_urls": null, "denoiser_urls": null, "decoder_urls": null, "encoder_tp": null, "denoiser_tp": null, "denoiser_sp": null, "denoiser_ulysses": null, "denoiser_ring": null, "decoder_sp": null, "pool_work_endpoint": null, "pool_result_endpoint": null, "pool_control_endpoint": null, "pool_control_advertised_endpoint": null, "log_level": "info", "log_requests": false, "log_requests_level": 2, "log_requests_format": "text", "log_requests_target": null, "uvicorn_access_log_exclude_prefixes": [], "enable_cache_report": false, "enable_trace": false, "otlp_traces_endpoint": "localhost:4317", "otlp_service_name": null, "srt_encoder_url": null, "srt_encoder_connect_timeout": 3.05, "srt_encoder_timeout": 100, "pe_server_url": null}
[09-20 06:49:44] Starting server...
Flax classes are deprecated and will be removed in Diffusers v1.0.0. We recommend migrating to PyTorch classes or pinning your version of Diffusers.
Flax classes are deprecated and will be removed in Diffusers v1.0.0. We recommend migrating to PyTorch classes or pinning your version of Diffusers.
[09-20 06:49:57] Scheduler (dp replica 0) bind at endpoint: tcp://127.0.0.1:5619
[09-20 06:49:57] torch.compile cache: TORCHINDUCTOR_CACHE_DIR=/campaign/model-caches/lingbot-world-v2-cycle/sglang/torch_compile_cache/inductor TRITON_CACHE_DIR=/campaign/model-caches/lingbot-world-v2-cycle/sglang/torch_compile_cache/triton
[09-20 06:49:57] Initializing distributed environment with world_size=1, device=cuda:0, timeout=3600
[09-20 06:49:57] Setting distributed timeout to 3600 seconds
[09-20 06:49:58] No pipeline_class_name specified, using model_index.json
[09-20 06:50:00] Using pipeline from model_index.json: LingBotWorldCausalDMDPipeline
[09-20 06:50:00] Loading pipeline modules...
[09-20 06:50:00] Checking for cached model in Hugging Face Hub cache for robbyant/lingbot-world-v2-14b-causal-fast-diffusers...
[09-20 06:50:00] Found complete model in cache at /campaign/model-caches/lingbot-world-v2-cycle/huggingface/hub/models--robbyant--lingbot-world-v2-14b-causal-fast-diffusers/snapshots/59cccf49f2d2dd27418ae7a04b82b10868d455c2
[09-20 06:50:00] Model path: /campaign/model-caches/lingbot-world-v2-cycle/huggingface/hub/models--robbyant--lingbot-world-v2-14b-causal-fast-diffusers/snapshots/59cccf49f2d2dd27418ae7a04b82b10868d455c2
[09-20 06:50:00] Diffusers version: 0.35.0.dev0
[09-20 06:50:00] Loading pipeline modules from config: {'_class_name': 'LingBotWorldCausalDMDPipeline', '_diffusers_version': '0.35.0.dev0', 'boundary_ratio': 0.9, 'image_encoder': [None, None], 'image_processor': [None, None], 'scheduler': ['diffusers', 'UniPCMultistepScheduler'], 'text_encoder': ['transformers', 'UMT5EncoderModel'], 'tokenizer': ['transformers', 'T5TokenizerFast'], 'transformer': ['diffusers', 'CausalLingBotWorldTransformer3DModel'], 'transformer_2': [None, None], 'vae': ['diffusers', 'AutoencoderKLWan']}
[09-20 06:50:00] MoE pipeline detected. Adding transformer_2 to self.required_config_modules...
[09-20 06:50:00] Setting boundary ratio to 0.9
[09-20 06:50:00] Loading required components: ['text_encoder', 'tokenizer', 'vae', 'transformer', 'scheduler', 'image_encoder', 'image_processor', 'transformer_2']
[93m[09-20 06:50:00] Module image_encoder in model_index.json has null value, removing from required_config_modules[0;0m
[93m[09-20 06:50:00] Module image_processor in model_index.json has null value, removing from required_config_modules[0;0m
[93m[09-20 06:50:00] Module transformer_2 in model_index.json has null value, removing from required_config_modules[0;0m
[09-20 06:50:00] Memory-aware component load order: ['transformer', 'text_encoder', 'vae', 'tokenizer', 'scheduler']
Loading required modules:   0%|          | 0/5 [00:00<?, ?it/s][09-20 06:50:00] Loading transformer from /campaign/model-caches/lingbot-world-v2-cycle/huggingface/hub/models--robbyant--lingbot-world-v2-14b-causal-fast-diffusers/snapshots/59cccf49f2d2dd27418ae7a04b82b10868d455c2/transformer. avail mem: 138.65 GB
[09-20 06:50:00] Loading CausalLingBotWorldTransformer3DModel from 8 safetensors file(s) , param_dtype: torch.bfloat16

Loading safetensors checkpoint shards: 0%|          | 0/8[ALoading safetensors checkpoint shards: 100%|██████████| 8/8
[09-20 06:50:09] Attention backends for transformer: fa
[09-20 06:50:09] Loaded transformer: CausalLingBotWorldTransformer3DModel (sgl-diffusion version). model size: 40.4 GB, vram: 40.40 GB. avail GPU mem: 96.74 GB
Loading required modules:  20%|██        | 1/5 [00:09<00:36,  9.17s/it][09-20 06:50:09] Loading text_encoder from /campaign/model-caches/lingbot-world-v2-cycle/huggingface/hub/models--robbyant--lingbot-world-v2-14b-causal-fast-diffusers/snapshots/59cccf49f2d2dd27418ae7a04b82b10868d455c2/text_encoder. avail mem: 96.74 GB

Loading safetensors checkpoint shards: 0%|          | 0/3[A
Loading safetensors checkpoint shards: 33%|███▎      | 1/3[A
Loading safetensors checkpoint shards: 67%|██████▋   | 2/3[A
Loading safetensors checkpoint shards: 100%|██████████| 3/3[ALoading safetensors checkpoint shards: 100%|██████████| 3/3
[09-20 06:50:10] Loaded text_encoder: UMT5EncoderModel (sgl-diffusion version). model size: 10.58 GB, host pageable: 10.58 GB. avail GPU mem: 96.74 GB
Loading required modules:  40%|████      | 2/5 [00:10<00:13,  4.41s/it][09-20 06:50:10] Loading vae from /campaign/model-caches/lingbot-world-v2-cycle/huggingface/hub/models--robbyant--lingbot-world-v2-14b-causal-fast-diffusers/snapshots/59cccf49f2d2dd27418ae7a04b82b10868d455c2/vae. avail mem: 96.74 GB
[09-20 06:50:10] VAE: converted 61 Conv3d weights to channels_last_3d
[09-20 06:50:10] Wan VAE: installed quality-gated fast path (29 RMSNorm+SiLU fusions, 3 channels_last upsamples).
[09-20 06:50:10] Loaded vae: AutoencoderKLWan (sgl-diffusion version). model size: 0.47 GB, vram: 0.47 GB. avail GPU mem: 96.72 GB
Loading required modules:  60%|██████    | 3/5 [00:10<00:05,  2.51s/it][09-20 06:50:10] Loading tokenizer from /campaign/model-caches/lingbot-world-v2-cycle/huggingface/hub/models--robbyant--lingbot-world-v2-14b-causal-fast-diffusers/snapshots/59cccf49f2d2dd27418ae7a04b82b10868d455c2/tokenizer. avail mem: 96.72 GB
[09-20 06:50:12] Loaded tokenizer: T5Tokenizer (sgl-diffusion version). model size: NA GB, weights: none. avail GPU mem: 96.72 GB
Loading required modules:  80%|████████  | 4/5 [00:12<00:02,  2.19s/it][09-20 06:50:12] Loading scheduler from /campaign/model-caches/lingbot-world-v2-cycle/huggingface/hub/models--robbyant--lingbot-world-v2-14b-causal-fast-diffusers/snapshots/59cccf49f2d2dd27418ae7a04b82b10868d455c2/scheduler. avail mem: 96.72 GB
[09-20 06:50:12] Loaded scheduler: UniPCMultistepScheduler (sgl-diffusion version). model size: NA GB, weights: none. avail GPU mem: 96.72 GB
Loading required modules: 100%|██████████| 5/5 [00:12<00:00,  2.44s/it]
[09-20 06:50:12] Creating pipeline stages...
[09-20 06:50:12] Using fa attention backend
[09-20 06:50:12] Pipeline instantiated
[09-20 06:50:12] Worker 0: Initialized device, model, and distributed environment.
[09-20 06:50:12] Worker 0: Scheduler loop started.
[09-20 06:50:12] Starting FastAPI server.
[2026-09-20 06:50:12] [32mINFO[0m:     Started server process [[36m128406[0m]
[2026-09-20 06:50:12] [32mINFO[0m:     Waiting for application startup.
[09-20 06:50:12] ZMQ Broker is listening for offline jobs on tcp://127.0.0.1:24204
[2026-09-20 06:50:12] [32mINFO[0m:     Application startup complete.
[2026-09-20 06:50:12] [32mINFO[0m:     Uvicorn running on [1mhttp://127.0.0.1:24203[0m (Press CTRL+C to quit)
[2026-09-20 06:50:12] [32mINFO[0m:     127.0.0.1:36116 - "[1mGET /health HTTP/1.1[0m" [32m200 OK[0m
[2026-09-20 06:50:12] [32mINFO[0m:     127.0.0.1:36120 - "WebSocket /v1/realtime_video/generate" [accepted]
[2026-09-20 06:50:12] [32mINFO[0m:     connection open
[09-20 06:50:12] Adjusting number of frames from 21 to 21 based on model
[09-20 06:50:13] Sampling params:
                       width: 832
                      height: 480
                  num_frames: 21
                         fps: 16
                      prompt: <redacted, len=62>
                  neg_prompt: None
                        seed: 41
                 infer_steps: 4
      num_outputs_per_prompt: 1
              guidance_scale: 1.0
     embedded_guidance_scale: 6.0
                    n_tokens: None
                  flow_shift: 5.0
                  image_path: inputs/uploads/a260708ddcfe4484bf0383226ce47596_first_frame
                 save_output: False
            output_file_path: outputs/a260708ddcfe4484bf0383226ce47596_3710d844d7354ffe9b93ad426b13aac4.mp4
        
[09-20 06:50:13] Running pipeline stages: ['RealtimeInputValidationStage', 'RealtimeTextEncodingStage', 'AuxiliaryConditionEncodingStage', 'RealtimeImageVAEEncodingStage', 'DMDTimestepPreparationStage', 'RealtimeChunkLatentPreparationStage', 'LingBotWorldCausalDMDDenoisingStage', 'CausalVaeDecodingStage']
[09-20 06:50:13] [RealtimeInputValidationStage] started...
[09-20 06:50:13] [RealtimeInputValidationStage] finished in 0.0458 seconds
[09-20 06:50:13] [RealtimeTextEncodingStage] started...
[09-20 06:50:14] [RealtimeTextEncodingStage] finished in 1.9345 seconds
[09-20 06:50:20] [AuxiliaryConditionEncodingStage] started...
[09-20 06:50:20] [AuxiliaryConditionEncodingStage] finished in 0.0659 seconds
[09-20 06:50:20] [RealtimeImageVAEEncodingStage] started...
[09-20 06:50:21] [RealtimeImageVAEEncodingStage] finished in 1.0120 seconds
[09-20 06:50:21] [DMDTimestepPreparationStage] started...
[09-20 06:50:21] [DMDTimestepPreparationStage] finished in 0.0004 seconds
[09-20 06:50:21] [RealtimeChunkLatentPreparationStage] started...
[09-20 06:50:21] [RealtimeChunkLatentPreparationStage] finished in 0.0021 seconds
[09-20 06:50:21] [LingBotWorldCausalDMDDenoisingStage] started...
[09-20 06:50:24] [LingBotWorldCausalDMDDenoisingStage] finished in 3.0853 seconds
[09-20 06:50:24] [CausalVaeDecodingStage] started...
[09-20 06:50:24] [CausalVaeDecodingStage] finished in 0.2863 seconds
[09-20 06:50:24] realtime raw RGB frame batch timing: request_id=a260708ddcfe4484bf0383226ce47596_3710d844d7354ffe9b93ad426b13aac4 chunk_idx=0 sample_to_frames=3.91ms frames_to_bytes=6.20ms total=10.15ms batches=1 frames=9 frame_shape=(480, 832, 3) raw_bytes=10782720 content_type=application/x-raw-rgb
[09-20 06:50:24] Pixel data generated successfully in [92m11.98[0;0m seconds
[09-20 06:50:24] Peak memory usage: 82744.00 MB
[09-20 06:50:24] Adjusting number of frames from 21 to 21 based on model
[09-20 06:50:24] Sampling params:
                       width: 832
                      height: 480
                  num_frames: 21
                         fps: 16
                      prompt: <redacted, len=62>
                  neg_prompt: None
                        seed: 41
                 infer_steps: 4
      num_outputs_per_prompt: 1
              guidance_scale: 1.0
     embedded_guidance_scale: 6.0
                    n_tokens: None
                  flow_shift: 5.0
                  image_path: inputs/uploads/a260708ddcfe4484bf0383226ce47596_first_frame
                 save_output: False
            output_file_path: outputs/a260708ddcfe4484bf0383226ce47596_d1f063a48afd4ffbab49e725c9504f6d.mp4
        
[09-20 06:50:24] Running pipeline stages: ['RealtimeInputValidationStage', 'RealtimeTextEncodingStage', 'AuxiliaryConditionEncodingStage', 'RealtimeImageVAEEncodingStage', 'DMDTimestepPreparationStage', 'RealtimeChunkLatentPreparationStage', 'LingBotWorldCausalDMDDenoisingStage', 'CausalVaeDecodingStage']
[09-20 06:50:24] [RealtimeInputValidationStage] started...
[09-20 06:50:24] [RealtimeInputValidationStage] finished in 0.0001 seconds
[09-20 06:50:24] [RealtimeTextEncodingStage] started...
[09-20 06:50:24] [RealtimeTextEncodingStage] finished in 0.0000 seconds
[09-20 06:50:24] [AuxiliaryConditionEncodingStage] started...
[09-20 06:50:24] [AuxiliaryConditionEncodingStage] finished in 0.0021 seconds
[09-20 06:50:24] [RealtimeImageVAEEncodingStage] started...
[09-20 06:50:24] [RealtimeImageVAEEncodingStage] finished in 0.0000 seconds
[09-20 06:50:24] [DMDTimestepPreparationStage] started...
[09-20 06:50:24] [DMDTimestepPreparationStage] finished in 0.0002 seconds
[09-20 06:50:24] [RealtimeChunkLatentPreparationStage] started...
[09-20 06:50:24] [RealtimeChunkLatentPreparationStage] finished in 0.0001 seconds
[09-20 06:50:24] realtime chunk timing: session_id=a260708ddcfe4484bf0383226ce47596 request_id=a260708ddcfe4484bf0383226ce47596_3710d844d7354ffe9b93ad426b13aac4 chunk_idx=0 event_id=None condition_kinds=['camera_actions'] request_prepare=2.02ms scheduler_forward=11981.17ms output_pace=0.00ms header_pack=0.02ms header_write=0.06ms raw_payload_build=2.32ms raw_write=3.54ms ws_write=3.60ms chunk_total=11990.26ms batches=1 frames=9 frame_shape=(480, 832, 3) raw_bytes=10782720 ws_payload_bytes=10783051 content_type=application/x-raw-rgb
[09-20 06:50:24] [LingBotWorldCausalDMDDenoisingStage] started...
[09-20 06:50:26] [LingBotWorldCausalDMDDenoisingStage] finished in 1.6055 seconds
[09-20 06:50:26] [CausalVaeDecodingStage] started...
[09-20 06:50:26] [CausalVaeDecodingStage] finished in 0.3498 seconds
[09-20 06:50:26] realtime raw RGB frame batch timing: request_id=a260708ddcfe4484bf0383226ce47596_d1f063a48afd4ffbab49e725c9504f6d chunk_idx=1 sample_to_frames=2.02ms frames_to_bytes=3.04ms total=5.09ms batches=1 frames=12 frame_shape=(480, 832, 3) raw_bytes=14376960 content_type=application/x-raw-rgb
[09-20 06:50:26] Pixel data generated successfully in [92m2.00[0;0m seconds
[09-20 06:50:26] Peak memory usage: 82744.00 MB
[09-20 06:50:26] realtime chunk timing: session_id=a260708ddcfe4484bf0383226ce47596 request_id=a260708ddcfe4484bf0383226ce47596_d1f063a48afd4ffbab49e725c9504f6d chunk_idx=1 event_id=None condition_kinds=['camera_actions'] request_prepare=0.53ms scheduler_forward=1996.84ms output_pace=0.00ms header_pack=0.02ms header_write=0.04ms raw_payload_build=2.92ms raw_write=3.73ms ws_write=3.77ms chunk_total=2004.31ms batches=1 frames=12 frame_shape=(480, 832, 3) raw_bytes=14376960 ws_payload_bytes=14377291 content_type=application/x-raw-rgb
[09-20 06:50:26] generation reached max chunks, session_id=a260708ddcfe4484bf0383226ce47596, max_chunks=2
[09-20 06:50:26] terminating session, session_id=a260708ddcfe4484bf0383226ce47596
[09-20 06:50:26] Realtime session release: session_id=a260708ddcfe4484bf0383226ce47596 released=True
[2026-09-20 06:50:28] [32mINFO[0m:     127.0.0.1:42704 - "WebSocket /v1/realtime_video/generate" [accepted]
[2026-09-20 06:50:28] [32mINFO[0m:     connection open
[09-20 06:50:28] Adjusting number of frames from 21 to 21 based on model
[09-20 06:50:28] Sampling params:
                       width: 832
                      height: 480
                  num_frames: 21
                         fps: 16
                      prompt: <redacted, len=62>
                  neg_prompt: None
                        seed: 42
                 infer_steps: 4
      num_outputs_per_prompt: 1
              guidance_scale: 1.0
     embedded_guidance_scale: 6.0
                    n_tokens: None
                  flow_shift: 5.0
                  image_path: inputs/uploads/ce26b02edff9400587205e4bd7c2d9f3_first_frame
                 save_output: False
            output_file_path: outputs/ce26b02edff9400587205e4bd7c2d9f3_eba4e2b7689f4a7ca91bbb02a61faede.mp4
        
[09-20 06:50:28] Running pipeline stages: ['RealtimeInputValidationStage', 'RealtimeTextEncodingStage', 'AuxiliaryConditionEncodingStage', 'RealtimeImageVAEEncodingStage', 'DMDTimestepPreparationStage', 'RealtimeChunkLatentPreparationStage', 'LingBotWorldCausalDMDDenoisingStage', 'CausalVaeDecodingStage']
[09-20 06:50:28] [RealtimeInputValidationStage] started...
[09-20 06:50:28] [RealtimeInputValidationStage] finished in 0.0390 seconds
[09-20 06:50:28] [RealtimeTextEncodingStage] started...
[09-20 06:50:28] [RealtimeTextEncodingStage] finished in 0.2385 seconds
[09-20 06:50:28] [AuxiliaryConditionEncodingStage] started...
[09-20 06:50:28] [AuxiliaryConditionEncodingStage] finished in 0.0019 seconds
[09-20 06:50:28] [RealtimeImageVAEEncodingStage] started...
[09-20 06:50:28] [RealtimeImageVAEEncodingStage] finished in 0.3773 seconds
[09-20 06:50:28] [DMDTimestepPreparationStage] started...
[09-20 06:50:28] [DMDTimestepPreparationStage] finished in 0.0002 seconds
[09-20 06:50:28] [RealtimeChunkLatentPreparationStage] started...
[09-20 06:50:28] [RealtimeChunkLatentPreparationStage] finished in 0.0001 seconds
[09-20 06:50:28] [LingBotWorldCausalDMDDenoisingStage] started...
[09-20 06:50:30] [LingBotWorldCausalDMDDenoisingStage] finished in 1.4854 seconds
[09-20 06:50:30] [CausalVaeDecodingStage] started...
[09-20 06:50:30] [CausalVaeDecodingStage] finished in 0.2733 seconds
[09-20 06:50:30] realtime raw RGB frame batch timing: request_id=ce26b02edff9400587205e4bd7c2d9f3_eba4e2b7689f4a7ca91bbb02a61faede chunk_idx=0 sample_to_frames=1.67ms frames_to_bytes=4.16ms total=5.86ms batches=1 frames=9 frame_shape=(480, 832, 3) raw_bytes=10782720 content_type=application/x-raw-rgb
[09-20 06:50:30] Pixel data generated successfully in [92m2.66[0;0m seconds
[09-20 06:50:30] Peak memory usage: 82744.00 MB
[09-20 06:50:30] Adjusting number of frames from 21 to 21 based on model
[09-20 06:50:30] Sampling params:
                       width: 832
                      height: 480
                  num_frames: 21
                         fps: 16
                      prompt: <redacted, len=62>
                  neg_prompt: None
                        seed: 42
                 infer_steps: 4
      num_outputs_per_prompt: 1
              guidance_scale: 1.0
     embedded_guidance_scale: 6.0
                    n_tokens: None
                  flow_shift: 5.0
                  image_path: inputs/uploads/ce26b02edff9400587205e4bd7c2d9f3_first_frame
                 save_output: False
            output_file_path: outputs/ce26b02edff9400587205e4bd7c2d9f3_159d3c25800640ffb3fffee780518bba.mp4
        
[09-20 06:50:30] Running pipeline stages: ['RealtimeInputValidationStage', 'RealtimeTextEncodingStage', 'AuxiliaryConditionEncodingStage', 'RealtimeImageVAEEncodingStage', 'DMDTimestepPreparationStage', 'RealtimeChunkLatentPreparationStage', 'LingBotWorldCausalDMDDenoisingStage', 'CausalVaeDecodingStage']
[09-20 06:50:30] [RealtimeInputValidationStage] started...
[09-20 06:50:30] [RealtimeInputValidationStage] finished in 0.0001 seconds
[09-20 06:50:30] [RealtimeTextEncodingStage] started...
[09-20 06:50:30] [RealtimeTextEncodingStage] finished in 0.0000 seconds
[09-20 06:50:30] [AuxiliaryConditionEncodingStage] started...
[09-20 06:50:30] [AuxiliaryConditionEncodingStage] finished in 0.0018 seconds
[09-20 06:50:30] [RealtimeImageVAEEncodingStage] started...
[09-20 06:50:30] [RealtimeImageVAEEncodingStage] finished in 0.0000 seconds
[09-20 06:50:30] [DMDTimestepPreparationStage] started...
[09-20 06:50:30] [DMDTimestepPreparationStage] finished in 0.0002 seconds
[09-20 06:50:30] [RealtimeChunkLatentPreparationStage] started...
[09-20 06:50:30] [RealtimeChunkLatentPreparationStage] finished in 0.0001 seconds
[09-20 06:50:30] [LingBotWorldCausalDMDDenoisingStage] started...
[09-20 06:50:30] realtime chunk timing: session_id=ce26b02edff9400587205e4bd7c2d9f3 request_id=ce26b02edff9400587205e4bd7c2d9f3_eba4e2b7689f4a7ca91bbb02a61faede chunk_idx=0 event_id=None condition_kinds=['camera_actions'] request_prepare=0.51ms scheduler_forward=2661.49ms output_pace=0.00ms header_pack=0.01ms header_write=0.04ms raw_payload_build=1.09ms raw_write=5.67ms ws_write=5.70ms chunk_total=2669.69ms batches=1 frames=9 frame_shape=(480, 832, 3) raw_bytes=10782720 ws_payload_bytes=10783051 content_type=application/x-raw-rgb
[09-20 06:50:32] [LingBotWorldCausalDMDDenoisingStage] finished in 1.6103 seconds
[09-20 06:50:32] [CausalVaeDecodingStage] started...
[09-20 06:50:32] [CausalVaeDecodingStage] finished in 0.3501 seconds
[09-20 06:50:32] realtime raw RGB frame batch timing: request_id=ce26b02edff9400587205e4bd7c2d9f3_159d3c25800640ffb3fffee780518bba chunk_idx=1 sample_to_frames=1.26ms frames_to_bytes=2.12ms total=3.41ms batches=1 frames=12 frame_shape=(480, 832, 3) raw_bytes=14376960 content_type=application/x-raw-rgb
[09-20 06:50:32] Pixel data generated successfully in [92m1.99[0;0m seconds
[09-20 06:50:32] Peak memory usage: 82744.00 MB
[09-20 06:50:32] Adjusting number of frames from 21 to 21 based on model
[09-20 06:50:32] Sampling params:
                       width: 832
                      height: 480
                  num_frames: 21
                         fps: 16
                      prompt: <redacted, len=62>
                  neg_prompt: None
                        seed: 42
                 infer_steps: 4
      num_outputs_per_prompt: 1
              guidance_scale: 1.0
     embedded_guidance_scale: 6.0
                    n_tokens: None
                  flow_shift: 5.0
                  image_path: inputs/uploads/ce26b02edff9400587205e4bd7c2d9f3_first_frame
                 save_output: False
            output_file_path: outputs/ce26b02edff9400587205e4bd7c2d9f3_1be2166a9d5d493e85d0253d24bd161d.mp4
        
[09-20 06:50:32] Running pipeline stages: ['RealtimeInputValidationStage', 'RealtimeTextEncodingStage', 'AuxiliaryConditionEncodingStage', 'RealtimeImageVAEEncodingStage', 'DMDTimestepPreparationStage', 'RealtimeChunkLatentPreparationStage', 'LingBotWorldCausalDMDDenoisingStage', 'CausalVaeDecodingStage']
[09-20 06:50:32] [RealtimeInputValidationStage] started...
[09-20 06:50:32] [RealtimeInputValidationStage] finished in 0.0001 seconds
[09-20 06:50:32] [RealtimeTextEncodingStage] started...
[09-20 06:50:32] [RealtimeTextEncodingStage] finished in 0.0000 seconds
[09-20 06:50:32] [AuxiliaryConditionEncodingStage] started...
[09-20 06:50:32] [AuxiliaryConditionEncodingStage] finished in 0.0021 seconds
[09-20 06:50:32] [RealtimeImageVAEEncodingStage] started...
[09-20 06:50:32] [RealtimeImageVAEEncodingStage] finished in 0.0000 seconds
[09-20 06:50:32] [DMDTimestepPreparationStage] started...
[09-20 06:50:32] [DMDTimestepPreparationStage] finished in 0.0003 seconds
[09-20 06:50:32] [RealtimeChunkLatentPreparationStage] started...
[09-20 06:50:32] [RealtimeChunkLatentPreparationStage] finished in 0.0001 seconds
[09-20 06:50:32] [LingBotWorldCausalDMDDenoisingStage] started...
[09-20 06:50:32] realtime chunk timing: session_id=ce26b02edff9400587205e4bd7c2d9f3 request_id=ce26b02edff9400587205e4bd7c2d9f3_159d3c25800640ffb3fffee780518bba chunk_idx=1 event_id=None condition_kinds=['camera_actions'] request_prepare=0.46ms scheduler_forward=1990.20ms output_pace=0.00ms header_pack=0.01ms header_write=0.04ms raw_payload_build=1.63ms raw_write=6.84ms ws_write=6.88ms chunk_total=2000.06ms batches=1 frames=12 frame_shape=(480, 832, 3) raw_bytes=14376960 ws_payload_bytes=14377291 content_type=application/x-raw-rgb
[09-20 06:50:34] [LingBotWorldCausalDMDDenoisingStage] finished in 1.7595 seconds
[09-20 06:50:34] [CausalVaeDecodingStage] started...
[09-20 06:50:34] [CausalVaeDecodingStage] finished in 0.3484 seconds
[09-20 06:50:34] realtime raw RGB frame batch timing: request_id=ce26b02edff9400587205e4bd7c2d9f3_1be2166a9d5d493e85d0253d24bd161d chunk_idx=2 sample_to_frames=1.37ms frames_to_bytes=2.06ms total=3.47ms batches=1 frames=12 frame_shape=(480, 832, 3) raw_bytes=14376960 content_type=application/x-raw-rgb
[09-20 06:50:34] Pixel data generated successfully in [92m2.14[0;0m seconds
[09-20 06:50:34] Peak memory usage: 82744.00 MB
[09-20 06:50:34] Adjusting number of frames from 21 to 21 based on model
[09-20 06:50:34] Sampling params:
                       width: 832
                      height: 480
                  num_frames: 21
                         fps: 16
                      prompt: <redacted, len=62>
                  neg_prompt: None
                        seed: 42
                 infer_steps: 4
      num_outputs_per_prompt: 1
              guidance_scale: 1.0
     embedded_guidance_scale: 6.0
                    n_tokens: None
                  flow_shift: 5.0
                  image_path: inputs/uploads/ce26b02edff9400587205e4bd7c2d9f3_first_frame
                 save_output: False
            output_file_path: outputs/ce26b02edff9400587205e4bd7c2d9f3_c4c168c7dace4c6b8c9accb67991c6fc.mp4
        
[09-20 06:50:34] Running pipeline stages: ['RealtimeInputValidationStage', 'RealtimeTextEncodingStage', 'AuxiliaryConditionEncodingStage', 'RealtimeImageVAEEncodingStage', 'DMDTimestepPreparationStage', 'RealtimeChunkLatentPreparationStage', 'LingBotWorldCausalDMDDenoisingStage', 'CausalVaeDecodingStage']
[09-20 06:50:34] [RealtimeInputValidationStage] started...
[09-20 06:50:34] [RealtimeInputValidationStage] finished in 0.0001 seconds
[09-20 06:50:34] [RealtimeTextEncodingStage] started...
[09-20 06:50:34] [RealtimeTextEncodingStage] finished in 0.0000 seconds
[09-20 06:50:34] [AuxiliaryConditionEncodingStage] started...
[09-20 06:50:34] [AuxiliaryConditionEncodingStage] finished in 0.0022 seconds
[09-20 06:50:34] [RealtimeImageVAEEncodingStage] started...
[09-20 06:50:34] [RealtimeImageVAEEncodingStage] finished in 0.0000 seconds
[09-20 06:50:34] [DMDTimestepPreparationStage] started...
[09-20 06:50:34] [DMDTimestepPreparationStage] finished in 0.0002 seconds
[09-20 06:50:34] realtime chunk timing: session_id=ce26b02edff9400587205e4bd7c2d9f3 request_id=ce26b02edff9400587205e4bd7c2d9f3_1be2166a9d5d493e85d0253d24bd161d chunk_idx=2 event_id=None condition_kinds=['camera_actions'] request_prepare=0.47ms scheduler_forward=2136.84ms output_pace=0.00ms header_pack=0.02ms header_write=0.04ms raw_payload_build=1.53ms raw_write=4.18ms ws_write=4.21ms chunk_total=2143.95ms batches=1 frames=12 frame_shape=(480, 832, 3) raw_bytes=14376960 ws_payload_bytes=14377291 content_type=application/x-raw-rgb
[09-20 06:50:34] [RealtimeChunkLatentPreparationStage] started...
[09-20 06:50:34] [RealtimeChunkLatentPreparationStage] finished in 0.0001 seconds
[09-20 06:50:34] [LingBotWorldCausalDMDDenoisingStage] started...
[09-20 06:50:36] [LingBotWorldCausalDMDDenoisingStage] finished in 1.8944 seconds
[09-20 06:50:36] [CausalVaeDecodingStage] started...
[09-20 06:50:37] [CausalVaeDecodingStage] finished in 0.3484 seconds
[09-20 06:50:37] realtime raw RGB frame batch timing: request_id=ce26b02edff9400587205e4bd7c2d9f3_c4c168c7dace4c6b8c9accb67991c6fc chunk_idx=3 sample_to_frames=1.24ms frames_to_bytes=2.06ms total=3.33ms batches=1 frames=12 frame_shape=(480, 832, 3) raw_bytes=14376960 content_type=application/x-raw-rgb
[09-20 06:50:37] Pixel data generated successfully in [92m2.27[0;0m seconds
[09-20 06:50:37] Peak memory usage: 82744.00 MB
[09-20 06:50:37] Adjusting number of frames from 21 to 21 based on model
[09-20 06:50:37] Sampling params:
                       width: 832
                      height: 480
                  num_frames: 21
                         fps: 16
                      prompt: <redacted, len=62>
                  neg_prompt: None
                        seed: 42
                 infer_steps: 4
      num_outputs_per_prompt: 1
              guidance_scale: 1.0
     embedded_guidance_scale: 6.0
                    n_tokens: None
                  flow_shift: 5.0
                  image_path: inputs/uploads/ce26b02edff9400587205e4bd7c2d9f3_first_frame
                 save_output: False
            output_file_path: outputs/ce26b02edff9400587205e4bd7c2d9f3_d0e406b045a94602a0209b84a9418c20.mp4
        
[09-20 06:50:37] Running pipeline stages: ['RealtimeInputValidationStage', 'RealtimeTextEncodingStage', 'AuxiliaryConditionEncodingStage', 'RealtimeImageVAEEncodingStage', 'DMDTimestepPreparationStage', 'RealtimeChunkLatentPreparationStage', 'LingBotWorldCausalDMDDenoisingStage', 'CausalVaeDecodingStage']
[09-20 06:50:37] [RealtimeInputValidationStage] started...
[09-20 06:50:37] [RealtimeInputValidationStage] finished in 0.0001 seconds
[09-20 06:50:37] [RealtimeTextEncodingStage] started...
[09-20 06:50:37] [RealtimeTextEncodingStage] finished in 0.0000 seconds
[09-20 06:50:37] [AuxiliaryConditionEncodingStage] started...
[09-20 06:50:37] [AuxiliaryConditionEncodingStage] finished in 0.0021 seconds
[09-20 06:50:37] [RealtimeImageVAEEncodingStage] started...
[09-20 06:50:37] [RealtimeImageVAEEncodingStage] finished in 0.0000 seconds
[09-20 06:50:37] [DMDTimestepPreparationStage] started...
[09-20 06:50:37] [DMDTimestepPreparationStage] finished in 0.0002 seconds
[09-20 06:50:37] [RealtimeChunkLatentPreparationStage] started...
[09-20 06:50:37] [RealtimeChunkLatentPreparationStage] finished in 0.0001 seconds
[09-20 06:50:37] [LingBotWorldCausalDMDDenoisingStage] started...
[09-20 06:50:37] realtime chunk timing: session_id=ce26b02edff9400587205e4bd7c2d9f3 request_id=ce26b02edff9400587205e4bd7c2d9f3_c4c168c7dace4c6b8c9accb67991c6fc chunk_idx=3 event_id=None condition_kinds=['camera_actions'] request_prepare=0.46ms scheduler_forward=2267.47ms output_pace=0.00ms header_pack=0.01ms header_write=0.04ms raw_payload_build=1.52ms raw_write=4.72ms ws_write=4.75ms chunk_total=2275.09ms batches=1 frames=12 frame_shape=(480, 832, 3) raw_bytes=14376960 ws_payload_bytes=14377291 content_type=application/x-raw-rgb
[09-20 06:50:39] [LingBotWorldCausalDMDDenoisingStage] finished in 2.0445 seconds
[09-20 06:50:39] [CausalVaeDecodingStage] started...
[09-20 06:50:39] [CausalVaeDecodingStage] finished in 0.3474 seconds
[09-20 06:50:39] realtime raw RGB frame batch timing: request_id=ce26b02edff9400587205e4bd7c2d9f3_d0e406b045a94602a0209b84a9418c20 chunk_idx=4 sample_to_frames=1.74ms frames_to_bytes=2.65ms total=4.43ms batches=1 frames=12 frame_shape=(480, 832, 3) raw_bytes=14376960 content_type=application/x-raw-rgb
[09-20 06:50:39] Pixel data generated successfully in [92m2.42[0;0m seconds
[09-20 06:50:39] Peak memory usage: 82744.00 MB
[09-20 06:50:39] Adjusting number of frames from 21 to 21 based on model
[09-20 06:50:39] Sampling params:
                       width: 832
                      height: 480
                  num_frames: 21
                         fps: 16
                      prompt: <redacted, len=62>
                  neg_prompt: None
                        seed: 42
                 infer_steps: 4
      num_outputs_per_prompt: 1
              guidance_scale: 1.0
     embedded_guidance_scale: 6.0
                    n_tokens: None
                  flow_shift: 5.0
                  image_path: inputs/uploads/ce26b02edff9400587205e4bd7c2d9f3_first_frame
                 save_output: False
            output_file_path: outputs/ce26b02edff9400587205e4bd7c2d9f3_f3152643db8d4a52ac90a007faa63870.mp4
        
[09-20 06:50:39] Running pipeline stages: ['RealtimeInputValidationStage', 'RealtimeTextEncodingStage', 'AuxiliaryConditionEncodingStage', 'RealtimeImageVAEEncodingStage', 'DMDTimestepPreparationStage', 'RealtimeChunkLatentPreparationStage', 'LingBotWorldCausalDMDDenoisingStage', 'CausalVaeDecodingStage']
[09-20 06:50:39] [RealtimeInputValidationStage] started...
[09-20 06:50:39] [RealtimeInputValidationStage] finished in 0.0001 seconds
[09-20 06:50:39] [RealtimeTextEncodingStage] started...
[09-20 06:50:39] [RealtimeTextEncodingStage] finished in 0.0000 seconds
[09-20 06:50:39] [AuxiliaryConditionEncodingStage] started...
[09-20 06:50:39] [AuxiliaryConditionEncodingStage] finished in 0.0023 seconds
[09-20 06:50:39] [RealtimeImageVAEEncodingStage] started...
[09-20 06:50:39] [RealtimeImageVAEEncodingStage] finished in 0.0000 seconds
[09-20 06:50:39] [DMDTimestepPreparationStage] started...
[09-20 06:50:39] [DMDTimestepPreparationStage] finished in 0.0003 seconds
[09-20 06:50:39] [RealtimeChunkLatentPreparationStage] started...
[09-20 06:50:39] [RealtimeChunkLatentPreparationStage] finished in 0.0001 seconds
[09-20 06:50:39] realtime chunk timing: session_id=ce26b02edff9400587205e4bd7c2d9f3 request_id=ce26b02edff9400587205e4bd7c2d9f3_d0e406b045a94602a0209b84a9418c20 chunk_idx=4 event_id=None condition_kinds=['camera_actions'] request_prepare=0.45ms scheduler_forward=2422.28ms output_pace=0.00ms header_pack=0.01ms header_write=0.04ms raw_payload_build=1.49ms raw_write=4.47ms ws_write=4.51ms chunk_total=2429.60ms batches=1 frames=12 frame_shape=(480, 832, 3) raw_bytes=14376960 ws_payload_bytes=14377291 content_type=application/x-raw-rgb
[09-20 06:50:39] [LingBotWorldCausalDMDDenoisingStage] started...
[09-20 06:50:41] [LingBotWorldCausalDMDDenoisingStage] finished in 2.1793 seconds
[09-20 06:50:41] [CausalVaeDecodingStage] started...
[09-20 06:50:42] [CausalVaeDecodingStage] finished in 0.3474 seconds
[09-20 06:50:42] realtime raw RGB frame batch timing: request_id=ce26b02edff9400587205e4bd7c2d9f3_f3152643db8d4a52ac90a007faa63870 chunk_idx=5 sample_to_frames=1.33ms frames_to_bytes=2.07ms total=3.44ms batches=1 frames=12 frame_shape=(480, 832, 3) raw_bytes=14376960 content_type=application/x-raw-rgb
[09-20 06:50:42] Pixel data generated successfully in [92m2.55[0;0m seconds
[09-20 06:50:42] Peak memory usage: 82744.00 MB
[09-20 06:50:42] Adjusting number of frames from 21 to 21 based on model
[09-20 06:50:42] Sampling params:
                       width: 832
                      height: 480
                  num_frames: 21
                         fps: 16
                      prompt: <redacted, len=62>
                  neg_prompt: None
                        seed: 42
                 infer_steps: 4
      num_outputs_per_prompt: 1
              guidance_scale: 1.0
     embedded_guidance_scale: 6.0
                    n_tokens: None
                  flow_shift: 5.0
                  image_path: inputs/uploads/ce26b02edff9400587205e4bd7c2d9f3_first_frame
                 save_output: False
            output_file_path: outputs/ce26b02edff9400587205e4bd7c2d9f3_f098c32edc274777b3b04602667dca8d.mp4
        
[09-20 06:50:42] Running pipeline stages: ['RealtimeInputValidationStage', 'RealtimeTextEncodingStage', 'AuxiliaryConditionEncodingStage', 'RealtimeImageVAEEncodingStage', 'DMDTimestepPreparationStage', 'RealtimeChunkLatentPreparationStage', 'LingBotWorldCausalDMDDenoisingStage', 'CausalVaeDecodingStage']
[09-20 06:50:42] [RealtimeInputValidationStage] started...
[09-20 06:50:42] [RealtimeInputValidationStage] finished in 0.0001 seconds
[09-20 06:50:42] [RealtimeTextEncodingStage] started...
[09-20 06:50:42] [RealtimeTextEncodingStage] finished in 0.0000 seconds
[09-20 06:50:42] [AuxiliaryConditionEncodingStage] started...
[09-20 06:50:42] [AuxiliaryConditionEncodingStage] finished in 0.0023 seconds
[09-20 06:50:42] [RealtimeImageVAEEncodingStage] started...
[09-20 06:50:42] [RealtimeImageVAEEncodingStage] finished in 0.0000 seconds
[09-20 06:50:42] [DMDTimestepPreparationStage] started...
[09-20 06:50:42] [DMDTimestepPreparationStage] finished in 0.0002 seconds
[09-20 06:50:42] [RealtimeChunkLatentPreparationStage] started...
[09-20 06:50:42] [RealtimeChunkLatentPreparationStage] finished in 0.0001 seconds
[09-20 06:50:42] [LingBotWorldCausalDMDDenoisingStage] started...
[09-20 06:50:42] realtime chunk timing: session_id=ce26b02edff9400587205e4bd7c2d9f3 request_id=ce26b02edff9400587205e4bd7c2d9f3_f3152643db8d4a52ac90a007faa63870 chunk_idx=5 event_id=None condition_kinds=['camera_actions'] request_prepare=0.45ms scheduler_forward=2551.85ms output_pace=0.00ms header_pack=0.01ms header_write=0.03ms raw_payload_build=1.45ms raw_write=5.98ms ws_write=6.02ms chunk_total=2560.65ms batches=1 frames=12 frame_shape=(480, 832, 3) raw_bytes=14376960 ws_payload_bytes=14377291 content_type=application/x-raw-rgb
[09-20 06:50:44] [LingBotWorldCausalDMDDenoisingStage] finished in 2.1911 seconds
[09-20 06:50:44] [CausalVaeDecodingStage] started...
[09-20 06:50:44] [CausalVaeDecodingStage] finished in 0.3474 seconds
[09-20 06:50:44] realtime raw RGB frame batch timing: request_id=ce26b02edff9400587205e4bd7c2d9f3_f098c32edc274777b3b04602667dca8d chunk_idx=6 sample_to_frames=1.29ms frames_to_bytes=2.05ms total=3.38ms batches=1 frames=12 frame_shape=(480, 832, 3) raw_bytes=14376960 content_type=application/x-raw-rgb
[09-20 06:50:44] Pixel data generated successfully in [92m2.57[0;0m seconds
[09-20 06:50:44] Peak memory usage: 82744.00 MB
[09-20 06:50:44] Adjusting number of frames from 21 to 21 based on model
[09-20 06:50:44] Sampling params:
                       width: 832
                      height: 480
                  num_frames: 21
                         fps: 16
                      prompt: <redacted, len=62>
                  neg_prompt: None
                        seed: 42
                 infer_steps: 4
      num_outputs_per_prompt: 1
              guidance_scale: 1.0
     embedded_guidance_scale: 6.0
                    n_tokens: None
                  flow_shift: 5.0
                  image_path: inputs/uploads/ce26b02edff9400587205e4bd7c2d9f3_first_frame
                 save_output: False
            output_file_path: outputs/ce26b02edff9400587205e4bd7c2d9f3_c1566cddd7b24308a7332cd57e9585a6.mp4
        
[09-20 06:50:44] Running pipeline stages: ['RealtimeInputValidationStage', 'RealtimeTextEncodingStage', 'AuxiliaryConditionEncodingStage', 'RealtimeImageVAEEncodingStage', 'DMDTimestepPreparationStage', 'RealtimeChunkLatentPreparationStage', 'LingBotWorldCausalDMDDenoisingStage', 'CausalVaeDecodingStage']
[09-20 06:50:44] [RealtimeInputValidationStage] started...
[09-20 06:50:44] [RealtimeInputValidationStage] finished in 0.0001 seconds
[09-20 06:50:44] [RealtimeTextEncodingStage] started...
[09-20 06:50:44] [RealtimeTextEncodingStage] finished in 0.0000 seconds
[09-20 06:50:44] [AuxiliaryConditionEncodingStage] started...
[09-20 06:50:44] [AuxiliaryConditionEncodingStage] finished in 0.0023 seconds
[09-20 06:50:44] [RealtimeImageVAEEncodingStage] started...
[09-20 06:50:44] [RealtimeImageVAEEncodingStage] finished in 0.0000 seconds
[09-20 06:50:44] [DMDTimestepPreparationStage] started...
[09-20 06:50:44] [DMDTimestepPreparationStage] finished in 0.0002 seconds
[09-20 06:50:44] [RealtimeChunkLatentPreparationStage] started...
[09-20 06:50:44] [RealtimeChunkLatentPreparationStage] finished in 0.0001 seconds
[09-20 06:50:44] [LingBotWorldCausalDMDDenoisingStage] started...
[09-20 06:50:44] realtime chunk timing: session_id=ce26b02edff9400587205e4bd7c2d9f3 request_id=ce26b02edff9400587205e4bd7c2d9f3_f098c32edc274777b3b04602667dca8d chunk_idx=6 event_id=None condition_kinds=['camera_actions'] request_prepare=0.46ms scheduler_forward=2567.64ms output_pace=0.00ms header_pack=0.01ms header_write=0.04ms raw_payload_build=1.47ms raw_write=4.75ms ws_write=4.78ms chunk_total=2575.24ms batches=1 frames=12 frame_shape=(480, 832, 3) raw_bytes=14376960 ws_payload_bytes=14377291 content_type=application/x-raw-rgb
[09-20 06:50:46] [LingBotWorldCausalDMDDenoisingStage] finished in 2.1905 seconds
[09-20 06:50:46] [CausalVaeDecodingStage] started...
[09-20 06:50:47] [CausalVaeDecodingStage] finished in 0.3468 seconds
[09-20 06:50:47] realtime raw RGB frame batch timing: request_id=ce26b02edff9400587205e4bd7c2d9f3_c1566cddd7b24308a7332cd57e9585a6 chunk_idx=7 sample_to_frames=2.22ms frames_to_bytes=2.88ms total=5.14ms batches=1 frames=12 frame_shape=(480, 832, 3) raw_bytes=14376960 content_type=application/x-raw-rgb
[09-20 06:50:47] Pixel data generated successfully in [92m2.57[0;0m seconds
[09-20 06:50:47] Peak memory usage: 82744.00 MB
[09-20 06:50:47] Adjusting number of frames from 21 to 21 based on model
[09-20 06:50:47] Sampling params:
                       width: 832
                      height: 480
                  num_frames: 21
                         fps: 16
                      prompt: <redacted, len=62>
                  neg_prompt: None
                        seed: 42
                 infer_steps: 4
      num_outputs_per_prompt: 1
              guidance_scale: 1.0
     embedded_guidance_scale: 6.0
                    n_tokens: None
                  flow_shift: 5.0
                  image_path: inputs/uploads/ce26b02edff9400587205e4bd7c2d9f3_first_frame
                 save_output: False
            output_file_path: outputs/ce26b02edff9400587205e4bd7c2d9f3_7163fda5f8274ef0bb6d86331165708f.mp4
        
[09-20 06:50:47] Running pipeline stages: ['RealtimeInputValidationStage', 'RealtimeTextEncodingStage', 'AuxiliaryConditionEncodingStage', 'RealtimeImageVAEEncodingStage', 'DMDTimestepPreparationStage', 'RealtimeChunkLatentPreparationStage', 'LingBotWorldCausalDMDDenoisingStage', 'CausalVaeDecodingStage']
[09-20 06:50:47] [RealtimeInputValidationStage] started...
[09-20 06:50:47] [RealtimeInputValidationStage] finished in 0.0001 seconds
[09-20 06:50:47] [RealtimeTextEncodingStage] started...
[09-20 06:50:47] [RealtimeTextEncodingStage] finished in 0.0000 seconds
[09-20 06:50:47] [AuxiliaryConditionEncodingStage] started...
[09-20 06:50:47] [AuxiliaryConditionEncodingStage] finished in 0.0030 seconds
[09-20 06:50:47] [RealtimeImageVAEEncodingStage] started...
[09-20 06:50:47] [RealtimeImageVAEEncodingStage] finished in 0.0000 seconds
[09-20 06:50:47] realtime chunk timing: session_id=ce26b02edff9400587205e4bd7c2d9f3 request_id=ce26b02edff9400587205e4bd7c2d9f3_c1566cddd7b24308a7332cd57e9585a6 chunk_idx=7 event_id=None condition_kinds=['camera_actions'] request_prepare=0.46ms scheduler_forward=2566.56ms output_pace=0.00ms header_pack=0.02ms header_write=0.04ms raw_payload_build=1.47ms raw_write=4.49ms ws_write=4.53ms chunk_total=2573.91ms batches=1 frames=12 frame_shape=(480, 832, 3) raw_bytes=14376960 ws_payload_bytes=14377291 content_type=application/x-raw-rgb
[09-20 06:50:47] [DMDTimestepPreparationStage] started...
[09-20 06:50:47] [DMDTimestepPreparationStage] finished in 0.0003 seconds
[09-20 06:50:47] [RealtimeChunkLatentPreparationStage] started...
[09-20 06:50:47] [RealtimeChunkLatentPreparationStage] finished in 0.0001 seconds
[09-20 06:50:47] [LingBotWorldCausalDMDDenoisingStage] started...
[09-20 06:50:49] [LingBotWorldCausalDMDDenoisingStage] finished in 2.1883 seconds
[09-20 06:50:49] [CausalVaeDecodingStage] started...
[09-20 06:50:49] [CausalVaeDecodingStage] finished in 0.3477 seconds
[09-20 06:50:49] realtime raw RGB frame batch timing: request_id=ce26b02edff9400587205e4bd7c2d9f3_7163fda5f8274ef0bb6d86331165708f chunk_idx=8 sample_to_frames=1.28ms frames_to_bytes=2.40ms total=3.71ms batches=1 frames=12 frame_shape=(480, 832, 3) raw_bytes=14376960 content_type=application/x-raw-rgb
[09-20 06:50:49] Pixel data generated successfully in [92m2.56[0;0m seconds
[09-20 06:50:49] Peak memory usage: 82744.00 MB
[09-20 06:50:49] Adjusting number of frames from 21 to 21 based on model
[09-20 06:50:49] Sampling params:
                       width: 832
                      height: 480
                  num_frames: 21
                         fps: 16
                      prompt: <redacted, len=62>
                  neg_prompt: None
                        seed: 42
                 infer_steps: 4
      num_outputs_per_prompt: 1
              guidance_scale: 1.0
     embedded_guidance_scale: 6.0
                    n_tokens: None
                  flow_shift: 5.0
                  image_path: inputs/uploads/ce26b02edff9400587205e4bd7c2d9f3_first_frame
                 save_output: False
            output_file_path: outputs/ce26b02edff9400587205e4bd7c2d9f3_3d9669a3f6a74e0ab187e6d6aecbf39a.mp4
        
[09-20 06:50:49] Running pipeline stages: ['RealtimeInputValidationStage', 'RealtimeTextEncodingStage', 'AuxiliaryConditionEncodingStage', 'RealtimeImageVAEEncodingStage', 'DMDTimestepPreparationStage', 'RealtimeChunkLatentPreparationStage', 'LingBotWorldCausalDMDDenoisingStage', 'CausalVaeDecodingStage']
[09-20 06:50:49] [RealtimeInputValidationStage] started...
[09-20 06:50:49] [RealtimeInputValidationStage] finished in 0.0001 seconds
[09-20 06:50:49] [RealtimeTextEncodingStage] started...
[09-20 06:50:49] [RealtimeTextEncodingStage] finished in 0.0000 seconds
[09-20 06:50:49] [AuxiliaryConditionEncodingStage] started...
[09-20 06:50:49] [AuxiliaryConditionEncodingStage] finished in 0.0024 seconds
[09-20 06:50:49] [RealtimeImageVAEEncodingStage] started...
[09-20 06:50:49] [RealtimeImageVAEEncodingStage] finished in 0.0000 seconds
[09-20 06:50:49] [DMDTimestepPreparationStage] started...
[09-20 06:50:49] [DMDTimestepPreparationStage] finished in 0.0002 seconds
[09-20 06:50:49] [RealtimeChunkLatentPreparationStage] started...
[09-20 06:50:49] [RealtimeChunkLatentPreparationStage] finished in 0.0001 seconds
[09-20 06:50:49] realtime chunk timing: session_id=ce26b02edff9400587205e4bd7c2d9f3 request_id=ce26b02edff9400587205e4bd7c2d9f3_7163fda5f8274ef0bb6d86331165708f chunk_idx=8 event_id=None condition_kinds=['camera_actions'] request_prepare=0.46ms scheduler_forward=2561.11ms output_pace=0.00ms header_pack=0.01ms header_write=0.04ms raw_payload_build=1.50ms raw_write=4.45ms ws_write=4.49ms chunk_total=2568.45ms batches=1 frames=12 frame_shape=(480, 832, 3) raw_bytes=14376960 ws_payload_bytes=14377291 content_type=application/x-raw-rgb
[09-20 06:50:49] [LingBotWorldCausalDMDDenoisingStage] started...
[09-20 06:50:51] [LingBotWorldCausalDMDDenoisingStage] finished in 2.1823 seconds
[09-20 06:50:51] [CausalVaeDecodingStage] started...
[09-20 06:50:52] [CausalVaeDecodingStage] finished in 0.3476 seconds
[09-20 06:50:52] realtime raw RGB frame batch timing: request_id=ce26b02edff9400587205e4bd7c2d9f3_3d9669a3f6a74e0ab187e6d6aecbf39a chunk_idx=9 sample_to_frames=1.27ms frames_to_bytes=2.08ms total=3.37ms batches=1 frames=12 frame_shape=(480, 832, 3) raw_bytes=14376960 content_type=application/x-raw-rgb
[09-20 06:50:52] Pixel data generated successfully in [92m2.56[0;0m seconds
[09-20 06:50:52] Peak memory usage: 82744.00 MB
[09-20 06:50:52] Adjusting number of frames from 21 to 21 based on model
[09-20 06:50:52] Sampling params:
                       width: 832
                      height: 480
                  num_frames: 21
                         fps: 16
                      prompt: <redacted, len=62>
                  neg_prompt: None
                        seed: 42
                 infer_steps: 4
      num_outputs_per_prompt: 1
              guidance_scale: 1.0
     embedded_guidance_scale: 6.0
                    n_tokens: None
                  flow_shift: 5.0
                  image_path: inputs/uploads/ce26b02edff9400587205e4bd7c2d9f3_first_frame
                 save_output: False
            output_file_path: outputs/ce26b02edff9400587205e4bd7c2d9f3_b263a1774dc44095af4d5dbca54e7bb4.mp4
        
[09-20 06:50:52] Running pipeline stages: ['RealtimeInputValidationStage', 'RealtimeTextEncodingStage', 'AuxiliaryConditionEncodingStage', 'RealtimeImageVAEEncodingStage', 'DMDTimestepPreparationStage', 'RealtimeChunkLatentPreparationStage', 'LingBotWorldCausalDMDDenoisingStage', 'CausalVaeDecodingStage']
[09-20 06:50:52] [RealtimeInputValidationStage] started...
[09-20 06:50:52] [RealtimeInputValidationStage] finished in 0.0001 seconds
[09-20 06:50:52] [RealtimeTextEncodingStage] started...
[09-20 06:50:52] [RealtimeTextEncodingStage] finished in 0.0000 seconds
[09-20 06:50:52] [AuxiliaryConditionEncodingStage] started...
[09-20 06:50:52] [AuxiliaryConditionEncodingStage] finished in 0.0024 seconds
[09-20 06:50:52] [RealtimeImageVAEEncodingStage] started...
[09-20 06:50:52] [RealtimeImageVAEEncodingStage] finished in 0.0000 seconds
[09-20 06:50:52] [DMDTimestepPreparationStage] started...
[09-20 06:50:52] [DMDTimestepPreparationStage] finished in 0.0002 seconds
[09-20 06:50:52] [RealtimeChunkLatentPreparationStage] started...
[09-20 06:50:52] [RealtimeChunkLatentPreparationStage] finished in 0.0001 seconds
[09-20 06:50:52] [LingBotWorldCausalDMDDenoisingStage] started...
[09-20 06:50:52] realtime chunk timing: session_id=ce26b02edff9400587205e4bd7c2d9f3 request_id=ce26b02edff9400587205e4bd7c2d9f3_3d9669a3f6a74e0ab187e6d6aecbf39a chunk_idx=9 event_id=None condition_kinds=['camera_actions'] request_prepare=0.47ms scheduler_forward=2558.43ms output_pace=0.00ms header_pack=0.01ms header_write=0.03ms raw_payload_build=1.53ms raw_write=5.16ms ws_write=5.20ms chunk_total=2566.50ms batches=1 frames=12 frame_shape=(480, 832, 3) raw_bytes=14376960 ws_payload_bytes=14377291 content_type=application/x-raw-rgb
[09-20 06:50:54] [LingBotWorldCausalDMDDenoisingStage] finished in 2.1835 seconds
[09-20 06:50:54] [CausalVaeDecodingStage] started...
[09-20 06:50:54] [CausalVaeDecodingStage] finished in 0.3473 seconds
[09-20 06:50:54] realtime raw RGB frame batch timing: request_id=ce26b02edff9400587205e4bd7c2d9f3_b263a1774dc44095af4d5dbca54e7bb4 chunk_idx=10 sample_to_frames=1.26ms frames_to_bytes=2.05ms total=3.33ms batches=1 frames=12 frame_shape=(480, 832, 3) raw_bytes=14376960 content_type=application/x-raw-rgb
[09-20 06:50:54] Pixel data generated successfully in [92m2.56[0;0m seconds
[09-20 06:50:54] Peak memory usage: 82744.00 MB
[09-20 06:50:54] Adjusting number of frames from 21 to 21 based on model
[09-20 06:50:54] Sampling params:
                       width: 832
                      height: 480
                  num_frames: 21
                         fps: 16
                      prompt: <redacted, len=62>
                  neg_prompt: None
                        seed: 42
                 infer_steps: 4
      num_outputs_per_prompt: 1
              guidance_scale: 1.0
     embedded_guidance_scale: 6.0
                    n_tokens: None
                  flow_shift: 5.0
                  image_path: inputs/uploads/ce26b02edff9400587205e4bd7c2d9f3_first_frame
                 save_output: False
            output_file_path: outputs/ce26b02edff9400587205e4bd7c2d9f3_4f6f30f44ce0469faaa37cf2fe877cf2.mp4
        
[09-20 06:50:54] Running pipeline stages: ['RealtimeInputValidationStage', 'RealtimeTextEncodingStage', 'AuxiliaryConditionEncodingStage', 'RealtimeImageVAEEncodingStage', 'DMDTimestepPreparationStage', 'RealtimeChunkLatentPreparationStage', 'LingBotWorldCausalDMDDenoisingStage', 'CausalVaeDecodingStage']
[09-20 06:50:54] [RealtimeInputValidationStage] started...
[09-20 06:50:54] [RealtimeInputValidationStage] finished in 0.0001 seconds
[09-20 06:50:54] [RealtimeTextEncodingStage] started...
[09-20 06:50:54] [RealtimeTextEncodingStage] finished in 0.0000 seconds
[09-20 06:50:54] [AuxiliaryConditionEncodingStage] started...
[09-20 06:50:54] [AuxiliaryConditionEncodingStage] finished in 0.0024 seconds
[09-20 06:50:54] [RealtimeImageVAEEncodingStage] started...
[09-20 06:50:54] [RealtimeImageVAEEncodingStage] finished in 0.0000 seconds
[09-20 06:50:54] [DMDTimestepPreparationStage] started...
[09-20 06:50:54] [DMDTimestepPreparationStage] finished in 0.0002 seconds
[09-20 06:50:54] [RealtimeChunkLatentPreparationStage] started...
[09-20 06:50:54] [RealtimeChunkLatentPreparationStage] finished in 0.0001 seconds
[09-20 06:50:54] [LingBotWorldCausalDMDDenoisingStage] started...
[09-20 06:50:54] realtime chunk timing: session_id=ce26b02edff9400587205e4bd7c2d9f3 request_id=ce26b02edff9400587205e4bd7c2d9f3_b263a1774dc44095af4d5dbca54e7bb4 chunk_idx=10 event_id=None condition_kinds=['camera_actions'] request_prepare=0.45ms scheduler_forward=2559.35ms output_pace=0.00ms header_pack=0.01ms header_write=0.04ms raw_payload_build=1.50ms raw_write=4.45ms ws_write=4.49ms chunk_total=2566.66ms batches=1 frames=12 frame_shape=(480, 832, 3) raw_bytes=14376960 ws_payload_bytes=14377291 content_type=application/x-raw-rgb
[09-20 06:50:57] [LingBotWorldCausalDMDDenoisingStage] finished in 2.1828 seconds
[09-20 06:50:57] [CausalVaeDecodingStage] started...
[09-20 06:50:57] [CausalVaeDecodingStage] finished in 0.3475 seconds
[09-20 06:50:57] realtime raw RGB frame batch timing: request_id=ce26b02edff9400587205e4bd7c2d9f3_4f6f30f44ce0469faaa37cf2fe877cf2 chunk_idx=11 sample_to_frames=1.28ms frames_to_bytes=3.24ms total=4.54ms batches=1 frames=12 frame_shape=(480, 832, 3) raw_bytes=14376960 content_type=application/x-raw-rgb
[09-20 06:50:57] Pixel data generated successfully in [92m2.56[0;0m seconds
[09-20 06:50:57] Peak memory usage: 82744.00 MB
[09-20 06:50:57] Adjusting number of frames from 21 to 21 based on model
[09-20 06:50:57] Sampling params:
                       width: 832
                      height: 480
                  num_frames: 21
                         fps: 16
                      prompt: <redacted, len=62>
                  neg_prompt: None
                        seed: 42
                 infer_steps: 4
      num_outputs_per_prompt: 1
              guidance_scale: 1.0
     embedded_guidance_scale: 6.0
                    n_tokens: None
                  flow_shift: 5.0
                  image_path: inputs/uploads/ce26b02edff9400587205e4bd7c2d9f3_first_frame
                 save_output: False
            output_file_path: outputs/ce26b02edff9400587205e4bd7c2d9f3_7d679429ea264a1cb88ff72886c9360d.mp4
        
[09-20 06:50:57] Running pipeline stages: ['RealtimeInputValidationStage', 'RealtimeTextEncodingStage', 'AuxiliaryConditionEncodingStage', 'RealtimeImageVAEEncodingStage', 'DMDTimestepPreparationStage', 'RealtimeChunkLatentPreparationStage', 'LingBotWorldCausalDMDDenoisingStage', 'CausalVaeDecodingStage']
[09-20 06:50:57] [RealtimeInputValidationStage] started...
[09-20 06:50:57] [RealtimeInputValidationStage] finished in 0.0001 seconds
[09-20 06:50:57] [RealtimeTextEncodingStage] started...
[09-20 06:50:57] [RealtimeTextEncodingStage] finished in 0.0000 seconds
[09-20 06:50:57] [AuxiliaryConditionEncodingStage] started...
[09-20 06:50:57] [AuxiliaryConditionEncodingStage] finished in 0.0025 seconds
[09-20 06:50:57] [RealtimeImageVAEEncodingStage] started...
[09-20 06:50:57] [RealtimeImageVAEEncodingStage] finished in 0.0000 seconds
[09-20 06:50:57] [DMDTimestepPreparationStage] started...
[09-20 06:50:57] [DMDTimestepPreparationStage] finished in 0.0002 seconds
[09-20 06:50:57] [RealtimeChunkLatentPreparationStage] started...
[09-20 06:50:57] [RealtimeChunkLatentPreparationStage] finished in 0.0001 seconds
[09-20 06:50:57] [LingBotWorldCausalDMDDenoisingStage] started...
[09-20 06:50:57] realtime chunk timing: session_id=ce26b02edff9400587205e4bd7c2d9f3 request_id=ce26b02edff9400587205e4bd7c2d9f3_4f6f30f44ce0469faaa37cf2fe877cf2 chunk_idx=11 event_id=None condition_kinds=['camera_actions'] request_prepare=0.46ms scheduler_forward=2559.72ms output_pace=0.00ms header_pack=0.01ms header_write=0.03ms raw_payload_build=1.47ms raw_write=4.50ms ws_write=4.53ms chunk_total=2567.04ms batches=1 frames=12 frame_shape=(480, 832, 3) raw_bytes=14376960 ws_payload_bytes=14377291 content_type=application/x-raw-rgb
[09-20 06:50:59] [LingBotWorldCausalDMDDenoisingStage] finished in 2.1783 seconds
[09-20 06:50:59] [CausalVaeDecodingStage] started...
[09-20 06:50:59] [CausalVaeDecodingStage] finished in 0.3470 seconds
[09-20 06:50:59] realtime raw RGB frame batch timing: request_id=ce26b02edff9400587205e4bd7c2d9f3_7d679429ea264a1cb88ff72886c9360d chunk_idx=12 sample_to_frames=1.26ms frames_to_bytes=2.05ms total=3.34ms batches=1 frames=12 frame_shape=(480, 832, 3) raw_bytes=14376960 content_type=application/x-raw-rgb
[09-20 06:50:59] Pixel data generated successfully in [92m2.55[0;0m seconds
[09-20 06:50:59] Peak memory usage: 82744.00 MB
[09-20 06:50:59] Adjusting number of frames from 21 to 21 based on model
[09-20 06:50:59] Sampling params:
                       width: 832
                      height: 480
                  num_frames: 21
                         fps: 16
                      prompt: <redacted, len=62>
                  neg_prompt: None
                        seed: 42
                 infer_steps: 4
      num_outputs_per_prompt: 1
              guidance_scale: 1.0
     embedded_guidance_scale: 6.0
                    n_tokens: None
                  flow_shift: 5.0
                  image_path: inputs/uploads/ce26b02edff9400587205e4bd7c2d9f3_first_frame
                 save_output: False
            output_file_path: outputs/ce26b02edff9400587205e4bd7c2d9f3_88b5e6b909194a0482b77e01bd29628a.mp4
        
[09-20 06:50:59] Running pipeline stages: ['RealtimeInputValidationStage', 'RealtimeTextEncodingStage', 'AuxiliaryConditionEncodingStage', 'RealtimeImageVAEEncodingStage', 'DMDTimestepPreparationStage', 'RealtimeChunkLatentPreparationStage', 'LingBotWorldCausalDMDDenoisingStage', 'CausalVaeDecodingStage']
[09-20 06:50:59] [RealtimeInputValidationStage] started...
[09-20 06:50:59] [RealtimeInputValidationStage] finished in 0.0001 seconds
[09-20 06:50:59] [RealtimeTextEncodingStage] started...
[09-20 06:50:59] [RealtimeTextEncodingStage] finished in 0.0000 seconds
[09-20 06:50:59] [AuxiliaryConditionEncodingStage] started...
[09-20 06:50:59] [AuxiliaryConditionEncodingStage] finished in 0.0026 seconds
[09-20 06:50:59] [RealtimeImageVAEEncodingStage] started...
[09-20 06:50:59] [RealtimeImageVAEEncodingStage] finished in 0.0000 seconds
[09-20 06:50:59] [DMDTimestepPreparationStage] started...
[09-20 06:50:59] [DMDTimestepPreparationStage] finished in 0.0002 seconds
[09-20 06:50:59] [RealtimeChunkLatentPreparationStage] started...
[09-20 06:50:59] [RealtimeChunkLatentPreparationStage] finished in 0.0001 seconds
[09-20 06:50:59] [LingBotWorldCausalDMDDenoisingStage] started...
[09-20 06:50:59] realtime chunk timing: session_id=ce26b02edff9400587205e4bd7c2d9f3 request_id=ce26b02edff9400587205e4bd7c2d9f3_7d679429ea264a1cb88ff72886c9360d chunk_idx=12 event_id=None condition_kinds=['camera_actions'] request_prepare=0.45ms scheduler_forward=2548.07ms output_pace=0.00ms header_pack=0.01ms header_write=0.04ms raw_payload_build=1.48ms raw_write=5.97ms ws_write=6.00ms chunk_total=2556.91ms batches=1 frames=12 frame_shape=(480, 832, 3) raw_bytes=14376960 ws_payload_bytes=14377291 content_type=application/x-raw-rgb
[09-20 06:51:02] [LingBotWorldCausalDMDDenoisingStage] finished in 2.1903 seconds
[09-20 06:51:02] [CausalVaeDecodingStage] started...
[09-20 06:51:02] [CausalVaeDecodingStage] finished in 0.3478 seconds
[09-20 06:51:02] realtime raw RGB frame batch timing: request_id=ce26b02edff9400587205e4bd7c2d9f3_88b5e6b909194a0482b77e01bd29628a chunk_idx=13 sample_to_frames=1.25ms frames_to_bytes=2.07ms total=3.35ms batches=1 frames=12 frame_shape=(480, 832, 3) raw_bytes=14376960 content_type=application/x-raw-rgb
[09-20 06:51:02] Pixel data generated successfully in [92m2.57[0;0m seconds
[09-20 06:51:02] Peak memory usage: 82744.00 MB
[09-20 06:51:02] Adjusting number of frames from 21 to 21 based on model
[09-20 06:51:02] Sampling params:
                       width: 832
                      height: 480
                  num_frames: 21
                         fps: 16
                      prompt: <redacted, len=62>
                  neg_prompt: None
                        seed: 42
                 infer_steps: 4
      num_outputs_per_prompt: 1
              guidance_scale: 1.0
     embedded_guidance_scale: 6.0
                    n_tokens: None
                  flow_shift: 5.0
                  image_path: inputs/uploads/ce26b02edff9400587205e4bd7c2d9f3_first_frame
                 save_output: False
            output_file_path: outputs/ce26b02edff9400587205e4bd7c2d9f3_a16c0bd66a254c28955ba78ad0994d54.mp4
        
[09-20 06:51:02] Running pipeline stages: ['RealtimeInputValidationStage', 'RealtimeTextEncodingStage', 'AuxiliaryConditionEncodingStage', 'RealtimeImageVAEEncodingStage', 'DMDTimestepPreparationStage', 'RealtimeChunkLatentPreparationStage', 'LingBotWorldCausalDMDDenoisingStage', 'CausalVaeDecodingStage']
[09-20 06:51:02] [RealtimeInputValidationStage] started...
[09-20 06:51:02] [RealtimeInputValidationStage] finished in 0.0001 seconds
[09-20 06:51:02] [RealtimeTextEncodingStage] started...
[09-20 06:51:02] [RealtimeTextEncodingStage] finished in 0.0000 seconds
[09-20 06:51:02] [AuxiliaryConditionEncodingStage] started...
[09-20 06:51:02] [AuxiliaryConditionEncodingStage] finished in 0.0026 seconds
[09-20 06:51:02] [RealtimeImageVAEEncodingStage] started...
[09-20 06:51:02] [RealtimeImageVAEEncodingStage] finished in 0.0000 seconds
[09-20 06:51:02] [DMDTimestepPreparationStage] started...
[09-20 06:51:02] [DMDTimestepPreparationStage] finished in 0.0002 seconds
[09-20 06:51:02] [RealtimeChunkLatentPreparationStage] started...
[09-20 06:51:02] [RealtimeChunkLatentPreparationStage] finished in 0.0001 seconds
[09-20 06:51:02] [LingBotWorldCausalDMDDenoisingStage] started...
[09-20 06:51:02] realtime chunk timing: session_id=ce26b02edff9400587205e4bd7c2d9f3 request_id=ce26b02edff9400587205e4bd7c2d9f3_88b5e6b909194a0482b77e01bd29628a chunk_idx=13 event_id=None condition_kinds=['camera_actions'] request_prepare=0.47ms scheduler_forward=2566.96ms output_pace=0.00ms header_pack=0.02ms header_write=0.03ms raw_payload_build=1.45ms raw_write=5.80ms ws_write=5.83ms chunk_total=2575.59ms batches=1 frames=12 frame_shape=(480, 832, 3) raw_bytes=14376960 ws_payload_bytes=14377291 content_type=application/x-raw-rgb
[09-20 06:51:04] [LingBotWorldCausalDMDDenoisingStage] finished in 2.1842 seconds
[09-20 06:51:04] [CausalVaeDecodingStage] started...
[09-20 06:51:05] [CausalVaeDecodingStage] finished in 0.3469 seconds
[09-20 06:51:05] realtime raw RGB frame batch timing: request_id=ce26b02edff9400587205e4bd7c2d9f3_a16c0bd66a254c28955ba78ad0994d54 chunk_idx=14 sample_to_frames=1.25ms frames_to_bytes=2.23ms total=3.51ms batches=1 frames=12 frame_shape=(480, 832, 3) raw_bytes=14376960 content_type=application/x-raw-rgb
[09-20 06:51:05] Pixel data generated successfully in [92m2.55[0;0m seconds
[09-20 06:51:05] Peak memory usage: 82744.00 MB
[09-20 06:51:05] Adjusting number of frames from 21 to 21 based on model
[09-20 06:51:05] Sampling params:
                       width: 832
                      height: 480
                  num_frames: 21
                         fps: 16
                      prompt: <redacted, len=62>
                  neg_prompt: None
                        seed: 42
                 infer_steps: 4
      num_outputs_per_prompt: 1
              guidance_scale: 1.0
     embedded_guidance_scale: 6.0
                    n_tokens: None
                  flow_shift: 5.0
                  image_path: inputs/uploads/ce26b02edff9400587205e4bd7c2d9f3_first_frame
                 save_output: False
            output_file_path: outputs/ce26b02edff9400587205e4bd7c2d9f3_60ecce4aa74f482aacc618e7b77a464f.mp4
        
[09-20 06:51:05] Running pipeline stages: ['RealtimeInputValidationStage', 'RealtimeTextEncodingStage', 'AuxiliaryConditionEncodingStage', 'RealtimeImageVAEEncodingStage', 'DMDTimestepPreparationStage', 'RealtimeChunkLatentPreparationStage', 'LingBotWorldCausalDMDDenoisingStage', 'CausalVaeDecodingStage']
[09-20 06:51:05] [RealtimeInputValidationStage] started...
[09-20 06:51:05] [RealtimeInputValidationStage] finished in 0.0001 seconds
[09-20 06:51:05] [RealtimeTextEncodingStage] started...
[09-20 06:51:05] [RealtimeTextEncodingStage] finished in 0.0000 seconds
[09-20 06:51:05] [AuxiliaryConditionEncodingStage] started...
[09-20 06:51:05] [AuxiliaryConditionEncodingStage] finished in 0.0026 seconds
[09-20 06:51:05] [RealtimeImageVAEEncodingStage] started...
[09-20 06:51:05] realtime chunk timing: session_id=ce26b02edff9400587205e4bd7c2d9f3 request_id=ce26b02edff9400587205e4bd7c2d9f3_a16c0bd66a254c28955ba78ad0994d54 chunk_idx=14 event_id=None condition_kinds=['camera_actions'] request_prepare=0.45ms scheduler_forward=2554.61ms output_pace=0.00ms header_pack=0.01ms header_write=0.04ms raw_payload_build=1.46ms raw_write=4.41ms ws_write=4.45ms chunk_total=2561.84ms batches=1 frames=12 frame_shape=(480, 832, 3) raw_bytes=14376960 ws_payload_bytes=14377291 content_type=application/x-raw-rgb
[09-20 06:51:05] [RealtimeImageVAEEncodingStage] finished in 0.0000 seconds
[09-20 06:51:05] [DMDTimestepPreparationStage] started...
[09-20 06:51:05] [DMDTimestepPreparationStage] finished in 0.0002 seconds
[09-20 06:51:05] [RealtimeChunkLatentPreparationStage] started...
[09-20 06:51:05] [RealtimeChunkLatentPreparationStage] finished in 0.0001 seconds
[09-20 06:51:05] [LingBotWorldCausalDMDDenoisingStage] started...
[09-20 06:51:07] [LingBotWorldCausalDMDDenoisingStage] finished in 2.1911 seconds
[09-20 06:51:07] [CausalVaeDecodingStage] started...
[09-20 06:51:07] [CausalVaeDecodingStage] finished in 0.3479 seconds
[09-20 06:51:07] realtime raw RGB frame batch timing: request_id=ce26b02edff9400587205e4bd7c2d9f3_60ecce4aa74f482aacc618e7b77a464f chunk_idx=15 sample_to_frames=1.27ms frames_to_bytes=2.12ms total=3.42ms batches=1 frames=12 frame_shape=(480, 832, 3) raw_bytes=14376960 content_type=application/x-raw-rgb
[09-20 06:51:07] Pixel data generated successfully in [92m2.57[0;0m seconds
[09-20 06:51:07] Peak memory usage: 82744.00 MB
[09-20 06:51:07] Adjusting number of frames from 21 to 21 based on model
[09-20 06:51:07] Sampling params:
                       width: 832
                      height: 480
                  num_frames: 21
                         fps: 16
                      prompt: <redacted, len=62>
                  neg_prompt: None
                        seed: 42
                 infer_steps: 4
      num_outputs_per_prompt: 1
              guidance_scale: 1.0
     embedded_guidance_scale: 6.0
                    n_tokens: None
                  flow_shift: 5.0
                  image_path: inputs/uploads/ce26b02edff9400587205e4bd7c2d9f3_first_frame
                 save_output: False
            output_file_path: outputs/ce26b02edff9400587205e4bd7c2d9f3_d39154bb86c74998aa613c08e8907df7.mp4
        
[09-20 06:51:07] Running pipeline stages: ['RealtimeInputValidationStage', 'RealtimeTextEncodingStage', 'AuxiliaryConditionEncodingStage', 'RealtimeImageVAEEncodingStage', 'DMDTimestepPreparationStage', 'RealtimeChunkLatentPreparationStage', 'LingBotWorldCausalDMDDenoisingStage', 'CausalVaeDecodingStage']
[09-20 06:51:07] [RealtimeInputValidationStage] started...
[09-20 06:51:07] [RealtimeInputValidationStage] finished in 0.0001 seconds
[09-20 06:51:07] [RealtimeTextEncodingStage] started...
[09-20 06:51:07] [RealtimeTextEncodingStage] finished in 0.0000 seconds
[09-20 06:51:07] [AuxiliaryConditionEncodingStage] started...
[09-20 06:51:07] [AuxiliaryConditionEncodingStage] finished in 0.0028 seconds
[09-20 06:51:07] [RealtimeImageVAEEncodingStage] started...
[09-20 06:51:07] [RealtimeImageVAEEncodingStage] finished in 0.0000 seconds
[09-20 06:51:07] [DMDTimestepPreparationStage] started...
[09-20 06:51:07] [DMDTimestepPreparationStage] finished in 0.0002 seconds
[09-20 06:51:07] [RealtimeChunkLatentPreparationStage] started...
[09-20 06:51:07] [RealtimeChunkLatentPreparationStage] finished in 0.0001 seconds
[09-20 06:51:07] [LingBotWorldCausalDMDDenoisingStage] started...
[09-20 06:51:07] realtime chunk timing: session_id=ce26b02edff9400587205e4bd7c2d9f3 request_id=ce26b02edff9400587205e4bd7c2d9f3_60ecce4aa74f482aacc618e7b77a464f chunk_idx=15 event_id=None condition_kinds=['camera_actions'] request_prepare=0.44ms scheduler_forward=2569.02ms output_pace=0.00ms header_pack=0.01ms header_write=0.03ms raw_payload_build=1.52ms raw_write=6.29ms ws_write=6.33ms chunk_total=2578.20ms batches=1 frames=12 frame_shape=(480, 832, 3) raw_bytes=14376960 ws_payload_bytes=14377291 content_type=application/x-raw-rgb
[09-20 06:51:09] [LingBotWorldCausalDMDDenoisingStage] finished in 2.1909 seconds
[09-20 06:51:09] [CausalVaeDecodingStage] started...
[09-20 06:51:10] [CausalVaeDecodingStage] finished in 0.3479 seconds
[09-20 06:51:10] realtime raw RGB frame batch timing: request_id=ce26b02edff9400587205e4bd7c2d9f3_d39154bb86c74998aa613c08e8907df7 chunk_idx=16 sample_to_frames=1.24ms frames_to_bytes=2.06ms total=3.33ms batches=1 frames=12 frame_shape=(480, 832, 3) raw_bytes=14376960 content_type=application/x-raw-rgb
[09-20 06:51:10] Pixel data generated successfully in [92m2.57[0;0m seconds
[09-20 06:51:10] Peak memory usage: 82744.00 MB
[09-20 06:51:10] Adjusting number of frames from 21 to 21 based on model
[09-20 06:51:10] Sampling params:
                       width: 832
                      height: 480
                  num_frames: 21
                         fps: 16
                      prompt: <redacted, len=62>
                  neg_prompt: None
                        seed: 42
                 infer_steps: 4
      num_outputs_per_prompt: 1
              guidance_scale: 1.0
     embedded_guidance_scale: 6.0
                    n_tokens: None
                  flow_shift: 5.0
                  image_path: inputs/uploads/ce26b02edff9400587205e4bd7c2d9f3_first_frame
                 save_output: False
            output_file_path: outputs/ce26b02edff9400587205e4bd7c2d9f3_09a8df7b9f704c24a20dbd150f20f5cd.mp4
        
[09-20 06:51:10] Running pipeline stages: ['RealtimeInputValidationStage', 'RealtimeTextEncodingStage', 'AuxiliaryConditionEncodingStage', 'RealtimeImageVAEEncodingStage', 'DMDTimestepPreparationStage', 'RealtimeChunkLatentPreparationStage', 'LingBotWorldCausalDMDDenoisingStage', 'CausalVaeDecodingStage']
[09-20 06:51:10] [RealtimeInputValidationStage] started...
[09-20 06:51:10] [RealtimeInputValidationStage] finished in 0.0001 seconds
[09-20 06:51:10] [RealtimeTextEncodingStage] started...
[09-20 06:51:10] [RealtimeTextEncodingStage] finished in 0.0000 seconds
[09-20 06:51:10] [AuxiliaryConditionEncodingStage] started...
[09-20 06:51:10] [AuxiliaryConditionEncodingStage] finished in 0.0028 seconds
[09-20 06:51:10] [RealtimeImageVAEEncodingStage] started...
[09-20 06:51:10] [RealtimeImageVAEEncodingStage] finished in 0.0000 seconds
[09-20 06:51:10] [DMDTimestepPreparationStage] started...
[09-20 06:51:10] [DMDTimestepPreparationStage] finished in 0.0002 seconds
[09-20 06:51:10] [RealtimeChunkLatentPreparationStage] started...
[09-20 06:51:10] [RealtimeChunkLatentPreparationStage] finished in 0.0001 seconds
[09-20 06:51:10] [LingBotWorldCausalDMDDenoisingStage] started...
[09-20 06:51:10] realtime chunk timing: session_id=ce26b02edff9400587205e4bd7c2d9f3 request_id=ce26b02edff9400587205e4bd7c2d9f3_d39154bb86c74998aa613c08e8907df7 chunk_idx=16 event_id=None condition_kinds=['camera_actions'] request_prepare=0.46ms scheduler_forward=2568.23ms output_pace=0.00ms header_pack=0.01ms header_write=0.04ms raw_payload_build=1.47ms raw_write=5.99ms ws_write=6.03ms chunk_total=2577.09ms batches=1 frames=12 frame_shape=(480, 832, 3) raw_bytes=14376960 ws_payload_bytes=14377291 content_type=application/x-raw-rgb
[09-20 06:51:12] [LingBotWorldCausalDMDDenoisingStage] finished in 2.1876 seconds
[09-20 06:51:12] [CausalVaeDecodingStage] started...
[09-20 06:51:12] [CausalVaeDecodingStage] finished in 0.3465 seconds
[09-20 06:51:12] realtime raw RGB frame batch timing: request_id=ce26b02edff9400587205e4bd7c2d9f3_09a8df7b9f704c24a20dbd150f20f5cd chunk_idx=17 sample_to_frames=1.25ms frames_to_bytes=2.07ms total=3.35ms batches=1 frames=12 frame_shape=(480, 832, 3) raw_bytes=14376960 content_type=application/x-raw-rgb
[09-20 06:51:12] Pixel data generated successfully in [92m2.56[0;0m seconds
[09-20 06:51:12] Peak memory usage: 82744.00 MB
[09-20 06:51:12] Adjusting number of frames from 21 to 21 based on model
[09-20 06:51:12] Sampling params:
                       width: 832
                      height: 480
                  num_frames: 21
                         fps: 16
                      prompt: <redacted, len=62>
                  neg_prompt: None
                        seed: 42
                 infer_steps: 4
      num_outputs_per_prompt: 1
              guidance_scale: 1.0
     embedded_guidance_scale: 6.0
                    n_tokens: None
                  flow_shift: 5.0
                  image_path: inputs/uploads/ce26b02edff9400587205e4bd7c2d9f3_first_frame
                 save_output: False
            output_file_path: outputs/ce26b02edff9400587205e4bd7c2d9f3_2ade29df200c4060b1a04a96b6af88b1.mp4
        
[09-20 06:51:12] Running pipeline stages: ['RealtimeInputValidationStage', 'RealtimeTextEncodingStage', 'AuxiliaryConditionEncodingStage', 'RealtimeImageVAEEncodingStage', 'DMDTimestepPreparationStage', 'RealtimeChunkLatentPreparationStage', 'LingBotWorldCausalDMDDenoisingStage', 'CausalVaeDecodingStage']
[09-20 06:51:12] [RealtimeInputValidationStage] started...
[09-20 06:51:12] [RealtimeInputValidationStage] finished in 0.0001 seconds
[09-20 06:51:12] [RealtimeTextEncodingStage] started...
[09-20 06:51:12] [RealtimeTextEncodingStage] finished in 0.0000 seconds
[09-20 06:51:12] [AuxiliaryConditionEncodingStage] started...
[09-20 06:51:12] [AuxiliaryConditionEncodingStage] finished in 0.0029 seconds
[09-20 06:51:12] [RealtimeImageVAEEncodingStage] started...
[09-20 06:51:12] [RealtimeImageVAEEncodingStage] finished in 0.0000 seconds
[09-20 06:51:12] [DMDTimestepPreparationStage] started...
[09-20 06:51:12] [DMDTimestepPreparationStage] finished in 0.0002 seconds
[09-20 06:51:12] [RealtimeChunkLatentPreparationStage] started...
[09-20 06:51:12] [RealtimeChunkLatentPreparationStage] finished in 0.0001 seconds
[09-20 06:51:12] [LingBotWorldCausalDMDDenoisingStage] started...
[09-20 06:51:12] realtime chunk timing: session_id=ce26b02edff9400587205e4bd7c2d9f3 request_id=ce26b02edff9400587205e4bd7c2d9f3_09a8df7b9f704c24a20dbd150f20f5cd chunk_idx=17 event_id=None condition_kinds=['camera_actions'] request_prepare=0.46ms scheduler_forward=2561.57ms output_pace=0.00ms header_pack=0.01ms header_write=0.03ms raw_payload_build=1.49ms raw_write=5.85ms ws_write=5.89ms chunk_total=2570.28ms batches=1 frames=12 frame_shape=(480, 832, 3) raw_bytes=14376960 ws_payload_bytes=14377291 content_type=application/x-raw-rgb
[09-20 06:51:14] [LingBotWorldCausalDMDDenoisingStage] finished in 2.1899 seconds
[09-20 06:51:14] [CausalVaeDecodingStage] started...
[09-20 06:51:15] [CausalVaeDecodingStage] finished in 0.3484 seconds
[09-20 06:51:15] realtime raw RGB frame batch timing: request_id=ce26b02edff9400587205e4bd7c2d9f3_2ade29df200c4060b1a04a96b6af88b1 chunk_idx=18 sample_to_frames=1.26ms frames_to_bytes=2.69ms total=3.99ms batches=1 frames=12 frame_shape=(480, 832, 3) raw_bytes=14376960 content_type=application/x-raw-rgb
[09-20 06:51:15] Pixel data generated successfully in [92m2.56[0;0m seconds
[09-20 06:51:15] Peak memory usage: 82744.00 MB
[09-20 06:51:15] Adjusting number of frames from 21 to 21 based on model
[09-20 06:51:15] Sampling params:
                       width: 832
                      height: 480
                  num_frames: 21
                         fps: 16
                      prompt: <redacted, len=62>
                  neg_prompt: None
                        seed: 42
                 infer_steps: 4
      num_outputs_per_prompt: 1
              guidance_scale: 1.0
     embedded_guidance_scale: 6.0
                    n_tokens: None
                  flow_shift: 5.0
                  image_path: inputs/uploads/ce26b02edff9400587205e4bd7c2d9f3_first_frame
                 save_output: False
            output_file_path: outputs/ce26b02edff9400587205e4bd7c2d9f3_cb821112dd0540f6a1ce30b57af9d75c.mp4
        
[09-20 06:51:15] Running pipeline stages: ['RealtimeInputValidationStage', 'RealtimeTextEncodingStage', 'AuxiliaryConditionEncodingStage', 'RealtimeImageVAEEncodingStage', 'DMDTimestepPreparationStage', 'RealtimeChunkLatentPreparationStage', 'LingBotWorldCausalDMDDenoisingStage', 'CausalVaeDecodingStage']
[09-20 06:51:15] [RealtimeInputValidationStage] started...
[09-20 06:51:15] [RealtimeInputValidationStage] finished in 0.0001 seconds
[09-20 06:51:15] [RealtimeTextEncodingStage] started...
[09-20 06:51:15] [RealtimeTextEncodingStage] finished in 0.0000 seconds
[09-20 06:51:15] [AuxiliaryConditionEncodingStage] started...
[09-20 06:51:15] [AuxiliaryConditionEncodingStage] finished in 0.0031 seconds
[09-20 06:51:15] [RealtimeImageVAEEncodingStage] started...
[09-20 06:51:15] [RealtimeImageVAEEncodingStage] finished in 0.0000 seconds
[09-20 06:51:15] [DMDTimestepPreparationStage] started...
[09-20 06:51:15] [DMDTimestepPreparationStage] finished in 0.0002 seconds
[09-20 06:51:15] [RealtimeChunkLatentPreparationStage] started...
[09-20 06:51:15] [RealtimeChunkLatentPreparationStage] finished in 0.0001 seconds
[09-20 06:51:15] [LingBotWorldCausalDMDDenoisingStage] started...
[09-20 06:51:15] realtime chunk timing: session_id=ce26b02edff9400587205e4bd7c2d9f3 request_id=ce26b02edff9400587205e4bd7c2d9f3_2ade29df200c4060b1a04a96b6af88b1 chunk_idx=18 event_id=None condition_kinds=['camera_actions'] request_prepare=0.45ms scheduler_forward=2563.97ms output_pace=0.00ms header_pack=0.02ms header_write=0.03ms raw_payload_build=1.47ms raw_write=5.87ms ws_write=5.91ms chunk_total=2572.68ms batches=1 frames=12 frame_shape=(480, 832, 3) raw_bytes=14376960 ws_payload_bytes=14377291 content_type=application/x-raw-rgb
[09-20 06:51:17] [LingBotWorldCausalDMDDenoisingStage] finished in 2.1917 seconds
[09-20 06:51:17] [CausalVaeDecodingStage] started...
[09-20 06:51:17] [CausalVaeDecodingStage] finished in 0.3480 seconds
[09-20 06:51:17] realtime raw RGB frame batch timing: request_id=ce26b02edff9400587205e4bd7c2d9f3_cb821112dd0540f6a1ce30b57af9d75c chunk_idx=19 sample_to_frames=1.24ms frames_to_bytes=2.12ms total=3.39ms batches=1 frames=12 frame_shape=(480, 832, 3) raw_bytes=14376960 content_type=application/x-raw-rgb
[09-20 06:51:17] Pixel data generated successfully in [92m2.57[0;0m seconds
[09-20 06:51:17] Peak memory usage: 82744.00 MB
[09-20 06:51:17] Adjusting number of frames from 21 to 21 based on model
[09-20 06:51:17] Sampling params:
                       width: 832
                      height: 480
                  num_frames: 21
                         fps: 16
                      prompt: <redacted, len=62>
                  neg_prompt: None
                        seed: 42
                 infer_steps: 4
      num_outputs_per_prompt: 1
              guidance_scale: 1.0
     embedded_guidance_scale: 6.0
                    n_tokens: None
                  flow_shift: 5.0
                  image_path: inputs/uploads/ce26b02edff9400587205e4bd7c2d9f3_first_frame
                 save_output: False
            output_file_path: outputs/ce26b02edff9400587205e4bd7c2d9f3_705a16edb52e43b8a991d543e348676d.mp4
        
[09-20 06:51:17] Running pipeline stages: ['RealtimeInputValidationStage', 'RealtimeTextEncodingStage', 'AuxiliaryConditionEncodingStage', 'RealtimeImageVAEEncodingStage', 'DMDTimestepPreparationStage', 'RealtimeChunkLatentPreparationStage', 'LingBotWorldCausalDMDDenoisingStage', 'CausalVaeDecodingStage']
[09-20 06:51:17] [RealtimeInputValidationStage] started...
[09-20 06:51:17] [RealtimeInputValidationStage] finished in 0.0001 seconds
[09-20 06:51:17] [RealtimeTextEncodingStage] started...
[09-20 06:51:17] [RealtimeTextEncodingStage] finished in 0.0000 seconds
[09-20 06:51:17] [AuxiliaryConditionEncodingStage] started...
[09-20 06:51:17] [AuxiliaryConditionEncodingStage] finished in 0.0031 seconds
[09-20 06:51:17] [RealtimeImageVAEEncodingStage] started...
[09-20 06:51:17] [RealtimeImageVAEEncodingStage] finished in 0.0000 seconds
[09-20 06:51:17] [DMDTimestepPreparationStage] started...
[09-20 06:51:17] [DMDTimestepPreparationStage] finished in 0.0002 seconds
[09-20 06:51:17] [RealtimeChunkLatentPreparationStage] started...
[09-20 06:51:17] [RealtimeChunkLatentPreparationStage] finished in 0.0001 seconds
[09-20 06:51:17] [LingBotWorldCausalDMDDenoisingStage] started...
[09-20 06:51:17] realtime chunk timing: session_id=ce26b02edff9400587205e4bd7c2d9f3 request_id=ce26b02edff9400587205e4bd7c2d9f3_cb821112dd0540f6a1ce30b57af9d75c chunk_idx=19 event_id=None condition_kinds=['camera_actions'] request_prepare=0.46ms scheduler_forward=2566.75ms output_pace=0.00ms header_pack=0.01ms header_write=0.04ms raw_payload_build=1.48ms raw_write=5.74ms ws_write=5.77ms chunk_total=2575.34ms batches=1 frames=12 frame_shape=(480, 832, 3) raw_bytes=14376960 ws_payload_bytes=14377291 content_type=application/x-raw-rgb
[09-20 06:51:20] [LingBotWorldCausalDMDDenoisingStage] finished in 2.1913 seconds
[09-20 06:51:20] [CausalVaeDecodingStage] started...
[09-20 06:51:20] [CausalVaeDecodingStage] finished in 0.3472 seconds
[09-20 06:51:20] realtime raw RGB frame batch timing: request_id=ce26b02edff9400587205e4bd7c2d9f3_705a16edb52e43b8a991d543e348676d chunk_idx=20 sample_to_frames=1.27ms frames_to_bytes=2.76ms total=4.06ms batches=1 frames=12 frame_shape=(480, 832, 3) raw_bytes=14376960 content_type=application/x-raw-rgb
[09-20 06:51:20] Pixel data generated successfully in [92m2.57[0;0m seconds
[09-20 06:51:20] Peak memory usage: 82744.00 MB
[09-20 06:51:20] Adjusting number of frames from 21 to 21 based on model
[09-20 06:51:20] Sampling params:
                       width: 832
                      height: 480
                  num_frames: 21
                         fps: 16
                      prompt: <redacted, len=62>
                  neg_prompt: None
                        seed: 42
                 infer_steps: 4
      num_outputs_per_prompt: 1
              guidance_scale: 1.0
     embedded_guidance_scale: 6.0
                    n_tokens: None
                  flow_shift: 5.0
                  image_path: inputs/uploads/ce26b02edff9400587205e4bd7c2d9f3_first_frame
                 save_output: False
            output_file_path: outputs/ce26b02edff9400587205e4bd7c2d9f3_9b03614afd45488d9c4614effc0e72b7.mp4
        
[09-20 06:51:20] Running pipeline stages: ['RealtimeInputValidationStage', 'RealtimeTextEncodingStage', 'AuxiliaryConditionEncodingStage', 'RealtimeImageVAEEncodingStage', 'DMDTimestepPreparationStage', 'RealtimeChunkLatentPreparationStage', 'LingBotWorldCausalDMDDenoisingStage', 'CausalVaeDecodingStage']
[09-20 06:51:20] [RealtimeInputValidationStage] started...
[09-20 06:51:20] [RealtimeInputValidationStage] finished in 0.0001 seconds
[09-20 06:51:20] [RealtimeTextEncodingStage] started...
[09-20 06:51:20] [RealtimeTextEncodingStage] finished in 0.0000 seconds
[09-20 06:51:20] [AuxiliaryConditionEncodingStage] started...
[09-20 06:51:20] [AuxiliaryConditionEncodingStage] finished in 0.0031 seconds
[09-20 06:51:20] [RealtimeImageVAEEncodingStage] started...
[09-20 06:51:20] [RealtimeImageVAEEncodingStage] finished in 0.0000 seconds
[09-20 06:51:20] [DMDTimestepPreparationStage] started...
[09-20 06:51:20] [DMDTimestepPreparationStage] finished in 0.0002 seconds
[09-20 06:51:20] realtime chunk timing: session_id=ce26b02edff9400587205e4bd7c2d9f3 request_id=ce26b02edff9400587205e4bd7c2d9f3_705a16edb52e43b8a991d543e348676d chunk_idx=20 event_id=None condition_kinds=['camera_actions'] request_prepare=0.45ms scheduler_forward=2567.69ms output_pace=0.00ms header_pack=0.02ms header_write=0.04ms raw_payload_build=1.48ms raw_write=4.43ms ws_write=4.47ms chunk_total=2574.97ms batches=1 frames=12 frame_shape=(480, 832, 3) raw_bytes=14376960 ws_payload_bytes=14377291 content_type=application/x-raw-rgb
[09-20 06:51:20] [RealtimeChunkLatentPreparationStage] started...
[09-20 06:51:20] [RealtimeChunkLatentPreparationStage] finished in 0.0001 seconds
[09-20 06:51:20] [LingBotWorldCausalDMDDenoisingStage] started...
[09-20 06:51:22] [LingBotWorldCausalDMDDenoisingStage] finished in 2.1915 seconds
[09-20 06:51:22] [CausalVaeDecodingStage] started...
[09-20 06:51:23] [CausalVaeDecodingStage] finished in 0.3482 seconds
[09-20 06:51:23] realtime raw RGB frame batch timing: request_id=ce26b02edff9400587205e4bd7c2d9f3_9b03614afd45488d9c4614effc0e72b7 chunk_idx=21 sample_to_frames=1.60ms frames_to_bytes=3.17ms total=4.81ms batches=1 frames=12 frame_shape=(480, 832, 3) raw_bytes=14376960 content_type=application/x-raw-rgb
[09-20 06:51:23] Pixel data generated successfully in [92m2.57[0;0m seconds
[09-20 06:51:23] Peak memory usage: 82744.00 MB
[09-20 06:51:23] Adjusting number of frames from 21 to 21 based on model
[09-20 06:51:23] Sampling params:
                       width: 832
                      height: 480
                  num_frames: 21
                         fps: 16
                      prompt: <redacted, len=62>
                  neg_prompt: None
                        seed: 42
                 infer_steps: 4
      num_outputs_per_prompt: 1
              guidance_scale: 1.0
     embedded_guidance_scale: 6.0
                    n_tokens: None
                  flow_shift: 5.0
                  image_path: inputs/uploads/ce26b02edff9400587205e4bd7c2d9f3_first_frame
                 save_output: False
            output_file_path: outputs/ce26b02edff9400587205e4bd7c2d9f3_be08f552b52b47c7a874ca7fbc6fb758.mp4
        
[09-20 06:51:23] Running pipeline stages: ['RealtimeInputValidationStage', 'RealtimeTextEncodingStage', 'AuxiliaryConditionEncodingStage', 'RealtimeImageVAEEncodingStage', 'DMDTimestepPreparationStage', 'RealtimeChunkLatentPreparationStage', 'LingBotWorldCausalDMDDenoisingStage', 'CausalVaeDecodingStage']
[09-20 06:51:23] [RealtimeInputValidationStage] started...
[09-20 06:51:23] [RealtimeInputValidationStage] finished in 0.0001 seconds
[09-20 06:51:23] [RealtimeTextEncodingStage] started...
[09-20 06:51:23] [RealtimeTextEncodingStage] finished in 0.0000 seconds
[09-20 06:51:23] [AuxiliaryConditionEncodingStage] started...
[09-20 06:51:23] realtime chunk timing: session_id=ce26b02edff9400587205e4bd7c2d9f3 request_id=ce26b02edff9400587205e4bd7c2d9f3_9b03614afd45488d9c4614effc0e72b7 chunk_idx=21 event_id=None condition_kinds=['camera_actions'] request_prepare=0.45ms scheduler_forward=2566.44ms output_pace=0.00ms header_pack=0.01ms header_write=0.04ms raw_payload_build=1.47ms raw_write=4.37ms ws_write=4.41ms chunk_total=2573.66ms batches=1 frames=12 frame_shape=(480, 832, 3) raw_bytes=14376960 ws_payload_bytes=14377291 content_type=application/x-raw-rgb
[09-20 06:51:23] [AuxiliaryConditionEncodingStage] finished in 0.0031 seconds
[09-20 06:51:23] [RealtimeImageVAEEncodingStage] started...
[09-20 06:51:23] [RealtimeImageVAEEncodingStage] finished in 0.0000 seconds
[09-20 06:51:23] [DMDTimestepPreparationStage] started...
[09-20 06:51:23] [DMDTimestepPreparationStage] finished in 0.0002 seconds
[09-20 06:51:23] [RealtimeChunkLatentPreparationStage] started...
[09-20 06:51:23] [RealtimeChunkLatentPreparationStage] finished in 0.0001 seconds
[09-20 06:51:23] [LingBotWorldCausalDMDDenoisingStage] started...
[09-20 06:51:25] [LingBotWorldCausalDMDDenoisingStage] finished in 2.1939 seconds
[09-20 06:51:25] [CausalVaeDecodingStage] started...
[09-20 06:51:25] [CausalVaeDecodingStage] finished in 0.3479 seconds
[09-20 06:51:25] realtime raw RGB frame batch timing: request_id=ce26b02edff9400587205e4bd7c2d9f3_be08f552b52b47c7a874ca7fbc6fb758 chunk_idx=22 sample_to_frames=1.24ms frames_to_bytes=2.95ms total=4.22ms batches=1 frames=12 frame_shape=(480, 832, 3) raw_bytes=14376960 content_type=application/x-raw-rgb
[09-20 06:51:25] Pixel data generated successfully in [92m2.57[0;0m seconds
[09-20 06:51:25] Peak memory usage: 82744.00 MB
[09-20 06:51:25] Adjusting number of frames from 21 to 21 based on model
[09-20 06:51:25] Sampling params:
                       width: 832
                      height: 480
                  num_frames: 21
                         fps: 16
                      prompt: <redacted, len=62>
                  neg_prompt: None
                        seed: 42
                 infer_steps: 4
      num_outputs_per_prompt: 1
              guidance_scale: 1.0
     embedded_guidance_scale: 6.0
                    n_tokens: None
                  flow_shift: 5.0
                  image_path: inputs/uploads/ce26b02edff9400587205e4bd7c2d9f3_first_frame
                 save_output: False
            output_file_path: outputs/ce26b02edff9400587205e4bd7c2d9f3_ac8e020556ee4351aad68e284d5b1343.mp4
        
[09-20 06:51:25] Running pipeline stages: ['RealtimeInputValidationStage', 'RealtimeTextEncodingStage', 'AuxiliaryConditionEncodingStage', 'RealtimeImageVAEEncodingStage', 'DMDTimestepPreparationStage', 'RealtimeChunkLatentPreparationStage', 'LingBotWorldCausalDMDDenoisingStage', 'CausalVaeDecodingStage']
[09-20 06:51:25] [RealtimeInputValidationStage] started...
[09-20 06:51:25] [RealtimeInputValidationStage] finished in 0.0001 seconds
[09-20 06:51:25] [RealtimeTextEncodingStage] started...
[09-20 06:51:25] [RealtimeTextEncodingStage] finished in 0.0000 seconds
[09-20 06:51:25] [AuxiliaryConditionEncodingStage] started...
[09-20 06:51:25] [AuxiliaryConditionEncodingStage] finished in 0.0030 seconds
[09-20 06:51:25] [RealtimeImageVAEEncodingStage] started...
[09-20 06:51:25] [RealtimeImageVAEEncodingStage] finished in 0.0000 seconds
[09-20 06:51:25] [DMDTimestepPreparationStage] started...
[09-20 06:51:25] [DMDTimestepPreparationStage] finished in 0.0002 seconds
[09-20 06:51:25] [RealtimeChunkLatentPreparationStage] started...
[09-20 06:51:25] [RealtimeChunkLatentPreparationStage] finished in 0.0001 seconds
[09-20 06:51:25] [LingBotWorldCausalDMDDenoisingStage] started...
[09-20 06:51:25] realtime chunk timing: session_id=ce26b02edff9400587205e4bd7c2d9f3 request_id=ce26b02edff9400587205e4bd7c2d9f3_be08f552b52b47c7a874ca7fbc6fb758 chunk_idx=22 event_id=None condition_kinds=['camera_actions'] request_prepare=0.46ms scheduler_forward=2568.49ms output_pace=0.00ms header_pack=0.01ms header_write=0.04ms raw_payload_build=1.48ms raw_write=5.86ms ws_write=5.90ms chunk_total=2577.22ms batches=1 frames=12 frame_shape=(480, 832, 3) raw_bytes=14376960 ws_payload_bytes=14377291 content_type=application/x-raw-rgb
[09-20 06:51:27] [LingBotWorldCausalDMDDenoisingStage] finished in 2.1910 seconds
[09-20 06:51:27] [CausalVaeDecodingStage] started...
[09-20 06:51:28] [CausalVaeDecodingStage] finished in 0.3470 seconds
[09-20 06:51:28] realtime raw RGB frame batch timing: request_id=ce26b02edff9400587205e4bd7c2d9f3_ac8e020556ee4351aad68e284d5b1343 chunk_idx=23 sample_to_frames=1.26ms frames_to_bytes=2.19ms total=3.47ms batches=1 frames=12 frame_shape=(480, 832, 3) raw_bytes=14376960 content_type=application/x-raw-rgb
[09-20 06:51:28] Pixel data generated successfully in [92m2.56[0;0m seconds
[09-20 06:51:28] Peak memory usage: 82744.00 MB
[09-20 06:51:28] Adjusting number of frames from 21 to 21 based on model
[09-20 06:51:28] Sampling params:
                       width: 832
                      height: 480
                  num_frames: 21
                         fps: 16
                      prompt: <redacted, len=62>
                  neg_prompt: None
                        seed: 42
                 infer_steps: 4
      num_outputs_per_prompt: 1
              guidance_scale: 1.0
     embedded_guidance_scale: 6.0
                    n_tokens: None
                  flow_shift: 5.0
                  image_path: inputs/uploads/ce26b02edff9400587205e4bd7c2d9f3_first_frame
                 save_output: False
            output_file_path: outputs/ce26b02edff9400587205e4bd7c2d9f3_b96c2afd56724e84a34cdc57eed161cd.mp4
        
[09-20 06:51:28] Running pipeline stages: ['RealtimeInputValidationStage', 'RealtimeTextEncodingStage', 'AuxiliaryConditionEncodingStage', 'RealtimeImageVAEEncodingStage', 'DMDTimestepPreparationStage', 'RealtimeChunkLatentPreparationStage', 'LingBotWorldCausalDMDDenoisingStage', 'CausalVaeDecodingStage']
[09-20 06:51:28] [RealtimeInputValidationStage] started...
[09-20 06:51:28] [RealtimeInputValidationStage] finished in 0.0001 seconds
[09-20 06:51:28] [RealtimeTextEncodingStage] started...
[09-20 06:51:28] [RealtimeTextEncodingStage] finished in 0.0000 seconds
[09-20 06:51:28] [AuxiliaryConditionEncodingStage] started...
[09-20 06:51:28] [AuxiliaryConditionEncodingStage] finished in 0.0031 seconds
[09-20 06:51:28] [RealtimeImageVAEEncodingStage] started...
[09-20 06:51:28] [RealtimeImageVAEEncodingStage] finished in 0.0000 seconds
[09-20 06:51:28] [DMDTimestepPreparationStage] started...
[09-20 06:51:28] [DMDTimestepPreparationStage] finished in 0.0002 seconds
[09-20 06:51:28] [RealtimeChunkLatentPreparationStage] started...
[09-20 06:51:28] [RealtimeChunkLatentPreparationStage] finished in 0.0001 seconds
[09-20 06:51:28] [LingBotWorldCausalDMDDenoisingStage] started...
[09-20 06:51:28] realtime chunk timing: session_id=ce26b02edff9400587205e4bd7c2d9f3 request_id=ce26b02edff9400587205e4bd7c2d9f3_ac8e020556ee4351aad68e284d5b1343 chunk_idx=23 event_id=None condition_kinds=['camera_actions'] request_prepare=0.45ms scheduler_forward=2565.09ms output_pace=0.00ms header_pack=0.01ms header_write=0.03ms raw_payload_build=1.47ms raw_write=5.65ms ws_write=5.69ms chunk_total=2573.61ms batches=1 frames=12 frame_shape=(480, 832, 3) raw_bytes=14376960 ws_payload_bytes=14377291 content_type=application/x-raw-rgb
[09-20 06:51:30] [LingBotWorldCausalDMDDenoisingStage] finished in 2.1894 seconds
[09-20 06:51:30] [CausalVaeDecodingStage] started...
[09-20 06:51:30] [CausalVaeDecodingStage] finished in 0.3477 seconds
[09-20 06:51:30] realtime raw RGB frame batch timing: request_id=ce26b02edff9400587205e4bd7c2d9f3_b96c2afd56724e84a34cdc57eed161cd chunk_idx=24 sample_to_frames=1.24ms frames_to_bytes=2.07ms total=3.34ms batches=1 frames=12 frame_shape=(480, 832, 3) raw_bytes=14376960 content_type=application/x-raw-rgb
[09-20 06:51:30] Pixel data generated successfully in [92m2.57[0;0m seconds
[09-20 06:51:30] Peak memory usage: 82744.00 MB
[09-20 06:51:30] Adjusting number of frames from 21 to 21 based on model
[09-20 06:51:30] Sampling params:
                       width: 832
                      height: 480
                  num_frames: 21
                         fps: 16
                      prompt: <redacted, len=62>
                  neg_prompt: None
                        seed: 42
                 infer_steps: 4
      num_outputs_per_prompt: 1
              guidance_scale: 1.0
     embedded_guidance_scale: 6.0
                    n_tokens: None
                  flow_shift: 5.0
                  image_path: inputs/uploads/ce26b02edff9400587205e4bd7c2d9f3_first_frame
                 save_output: False
            output_file_path: outputs/ce26b02edff9400587205e4bd7c2d9f3_82e580aacee44e57ba92f53f32b662ba.mp4
        
[09-20 06:51:30] Running pipeline stages: ['RealtimeInputValidationStage', 'RealtimeTextEncodingStage', 'AuxiliaryConditionEncodingStage', 'RealtimeImageVAEEncodingStage', 'DMDTimestepPreparationStage', 'RealtimeChunkLatentPreparationStage', 'LingBotWorldCausalDMDDenoisingStage', 'CausalVaeDecodingStage']
[09-20 06:51:30] [RealtimeInputValidationStage] started...
[09-20 06:51:30] [RealtimeInputValidationStage] finished in 0.0001 seconds
[09-20 06:51:30] [RealtimeTextEncodingStage] started...
[09-20 06:51:30] [RealtimeTextEncodingStage] finished in 0.0000 seconds
[09-20 06:51:30] [AuxiliaryConditionEncodingStage] started...
[09-20 06:51:30] [AuxiliaryConditionEncodingStage] finished in 0.0031 seconds
[09-20 06:51:30] [RealtimeImageVAEEncodingStage] started...
[09-20 06:51:30] [RealtimeImageVAEEncodingStage] finished in 0.0000 seconds
[09-20 06:51:30] [DMDTimestepPreparationStage] started...
[09-20 06:51:30] [DMDTimestepPreparationStage] finished in 0.0002 seconds
[09-20 06:51:30] [RealtimeChunkLatentPreparationStage] started...
[09-20 06:51:30] [RealtimeChunkLatentPreparationStage] finished in 0.0001 seconds
[09-20 06:51:30] [LingBotWorldCausalDMDDenoisingStage] started...
[09-20 06:51:30] realtime chunk timing: session_id=ce26b02edff9400587205e4bd7c2d9f3 request_id=ce26b02edff9400587205e4bd7c2d9f3_b96c2afd56724e84a34cdc57eed161cd chunk_idx=24 event_id=None condition_kinds=['camera_actions'] request_prepare=0.49ms scheduler_forward=2565.59ms output_pace=0.00ms header_pack=0.01ms header_write=0.04ms raw_payload_build=1.47ms raw_write=5.62ms ws_write=5.65ms chunk_total=2574.09ms batches=1 frames=12 frame_shape=(480, 832, 3) raw_bytes=14376960 ws_payload_bytes=14377291 content_type=application/x-raw-rgb
[09-20 06:51:32] [LingBotWorldCausalDMDDenoisingStage] finished in 2.1902 seconds
[09-20 06:51:32] [CausalVaeDecodingStage] started...
[09-20 06:51:33] [CausalVaeDecodingStage] finished in 0.3480 seconds
[09-20 06:51:33] realtime raw RGB frame batch timing: request_id=ce26b02edff9400587205e4bd7c2d9f3_82e580aacee44e57ba92f53f32b662ba chunk_idx=25 sample_to_frames=1.26ms frames_to_bytes=2.10ms total=3.39ms batches=1 frames=12 frame_shape=(480, 832, 3) raw_bytes=14376960 content_type=application/x-raw-rgb
[09-20 06:51:33] Pixel data generated successfully in [92m2.57[0;0m seconds
[09-20 06:51:33] Peak memory usage: 82744.00 MB
[09-20 06:51:33] Adjusting number of frames from 21 to 21 based on model
[09-20 06:51:33] Sampling params:
                       width: 832
                      height: 480
                  num_frames: 21
                         fps: 16
                      prompt: <redacted, len=62>
                  neg_prompt: None
                        seed: 42
                 infer_steps: 4
      num_outputs_per_prompt: 1
              guidance_scale: 1.0
     embedded_guidance_scale: 6.0
                    n_tokens: None
                  flow_shift: 5.0
                  image_path: inputs/uploads/ce26b02edff9400587205e4bd7c2d9f3_first_frame
                 save_output: False
            output_file_path: outputs/ce26b02edff9400587205e4bd7c2d9f3_5b1c4c88e76b4e709661f916cf3b746c.mp4
        
[09-20 06:51:33] Running pipeline stages: ['RealtimeInputValidationStage', 'RealtimeTextEncodingStage', 'AuxiliaryConditionEncodingStage', 'RealtimeImageVAEEncodingStage', 'DMDTimestepPreparationStage', 'RealtimeChunkLatentPreparationStage', 'LingBotWorldCausalDMDDenoisingStage', 'CausalVaeDecodingStage']
[09-20 06:51:33] [RealtimeInputValidationStage] started...
[09-20 06:51:33] [RealtimeInputValidationStage] finished in 0.0001 seconds
[09-20 06:51:33] [RealtimeTextEncodingStage] started...
[09-20 06:51:33] [RealtimeTextEncodingStage] finished in 0.0000 seconds
[09-20 06:51:33] [AuxiliaryConditionEncodingStage] started...
[09-20 06:51:33] [AuxiliaryConditionEncodingStage] finished in 0.0032 seconds
[09-20 06:51:33] [RealtimeImageVAEEncodingStage] started...
[09-20 06:51:33] [RealtimeImageVAEEncodingStage] finished in 0.0000 seconds
[09-20 06:51:33] [DMDTimestepPreparationStage] started...
[09-20 06:51:33] [DMDTimestepPreparationStage] finished in 0.0002 seconds
[09-20 06:51:33] [RealtimeChunkLatentPreparationStage] started...
[09-20 06:51:33] [RealtimeChunkLatentPreparationStage] finished in 0.0001 seconds
[09-20 06:51:33] [LingBotWorldCausalDMDDenoisingStage] started...
[09-20 06:51:33] realtime chunk timing: session_id=ce26b02edff9400587205e4bd7c2d9f3 request_id=ce26b02edff9400587205e4bd7c2d9f3_82e580aacee44e57ba92f53f32b662ba chunk_idx=25 event_id=None condition_kinds=['camera_actions'] request_prepare=0.46ms scheduler_forward=2565.50ms output_pace=0.00ms header_pack=0.01ms header_write=0.03ms raw_payload_build=1.47ms raw_write=5.70ms ws_write=5.73ms chunk_total=2574.05ms batches=1 frames=12 frame_shape=(480, 832, 3) raw_bytes=14376960 ws_payload_bytes=14377291 content_type=application/x-raw-rgb
[09-20 06:51:35] [LingBotWorldCausalDMDDenoisingStage] finished in 2.1874 seconds
[09-20 06:51:35] [CausalVaeDecodingStage] started...
[09-20 06:51:35] [CausalVaeDecodingStage] finished in 0.3473 seconds
[09-20 06:51:35] realtime raw RGB frame batch timing: request_id=ce26b02edff9400587205e4bd7c2d9f3_5b1c4c88e76b4e709661f916cf3b746c chunk_idx=26 sample_to_frames=1.25ms frames_to_bytes=2.05ms total=3.32ms batches=1 frames=12 frame_shape=(480, 832, 3) raw_bytes=14376960 content_type=application/x-raw-rgb
[09-20 06:51:35] Pixel data generated successfully in [92m2.56[0;0m seconds
[09-20 06:51:35] Peak memory usage: 82744.00 MB
[09-20 06:51:35] Adjusting number of frames from 21 to 21 based on model
[09-20 06:51:35] Sampling params:
                       width: 832
                      height: 480
                  num_frames: 21
                         fps: 16
                      prompt: <redacted, len=62>
                  neg_prompt: None
                        seed: 42
                 infer_steps: 4
      num_outputs_per_prompt: 1
              guidance_scale: 1.0
     embedded_guidance_scale: 6.0
                    n_tokens: None
                  flow_shift: 5.0
                  image_path: inputs/uploads/ce26b02edff9400587205e4bd7c2d9f3_first_frame
                 save_output: False
            output_file_path: outputs/ce26b02edff9400587205e4bd7c2d9f3_78e90813ab6a42a9b61792127715b3ab.mp4
        
[09-20 06:51:35] Running pipeline stages: ['RealtimeInputValidationStage', 'RealtimeTextEncodingStage', 'AuxiliaryConditionEncodingStage', 'RealtimeImageVAEEncodingStage', 'DMDTimestepPreparationStage', 'RealtimeChunkLatentPreparationStage', 'LingBotWorldCausalDMDDenoisingStage', 'CausalVaeDecodingStage']
[09-20 06:51:35] [RealtimeInputValidationStage] started...
[09-20 06:51:35] [RealtimeInputValidationStage] finished in 0.0001 seconds
[09-20 06:51:35] [RealtimeTextEncodingStage] started...
[09-20 06:51:35] [RealtimeTextEncodingStage] finished in 0.0000 seconds
[09-20 06:51:35] [AuxiliaryConditionEncodingStage] started...
[09-20 06:51:35] [AuxiliaryConditionEncodingStage] finished in 0.0035 seconds
[09-20 06:51:35] [RealtimeImageVAEEncodingStage] started...
[09-20 06:51:35] [RealtimeImageVAEEncodingStage] finished in 0.0000 seconds
[09-20 06:51:35] [DMDTimestepPreparationStage] started...
[09-20 06:51:35] [DMDTimestepPreparationStage] finished in 0.0002 seconds
[09-20 06:51:35] [RealtimeChunkLatentPreparationStage] started...
[09-20 06:51:35] [RealtimeChunkLatentPreparationStage] finished in 0.0001 seconds
[09-20 06:51:35] [LingBotWorldCausalDMDDenoisingStage] started...
[09-20 06:51:35] realtime chunk timing: session_id=ce26b02edff9400587205e4bd7c2d9f3 request_id=ce26b02edff9400587205e4bd7c2d9f3_5b1c4c88e76b4e709661f916cf3b746c chunk_idx=26 event_id=None condition_kinds=['camera_actions'] request_prepare=0.46ms scheduler_forward=2563.04ms output_pace=0.00ms header_pack=0.01ms header_write=0.04ms raw_payload_build=1.83ms raw_write=6.37ms ws_write=6.40ms chunk_total=2572.62ms batches=1 frames=12 frame_shape=(480, 832, 3) raw_bytes=14376960 ws_payload_bytes=14377291 content_type=application/x-raw-rgb
[09-20 06:51:38] [LingBotWorldCausalDMDDenoisingStage] finished in 2.1926 seconds
[09-20 06:51:38] [CausalVaeDecodingStage] started...
[09-20 06:51:38] [CausalVaeDecodingStage] finished in 0.3478 seconds
[09-20 06:51:38] realtime raw RGB frame batch timing: request_id=ce26b02edff9400587205e4bd7c2d9f3_78e90813ab6a42a9b61792127715b3ab chunk_idx=27 sample_to_frames=1.27ms frames_to_bytes=2.52ms total=3.82ms batches=1 frames=12 frame_shape=(480, 832, 3) raw_bytes=14376960 content_type=application/x-raw-rgb
[09-20 06:51:38] Pixel data generated successfully in [92m2.57[0;0m seconds
[09-20 06:51:38] Peak memory usage: 82744.00 MB
[09-20 06:51:38] Adjusting number of frames from 21 to 21 based on model
[09-20 06:51:38] Sampling params:
                       width: 832
                      height: 480
                  num_frames: 21
                         fps: 16
                      prompt: <redacted, len=62>
                  neg_prompt: None
                        seed: 42
                 infer_steps: 4
      num_outputs_per_prompt: 1
              guidance_scale: 1.0
     embedded_guidance_scale: 6.0
                    n_tokens: None
                  flow_shift: 5.0
                  image_path: inputs/uploads/ce26b02edff9400587205e4bd7c2d9f3_first_frame
                 save_output: False
            output_file_path: outputs/ce26b02edff9400587205e4bd7c2d9f3_e516021de61642878ab6a73571b69bdd.mp4
        
[09-20 06:51:38] Running pipeline stages: ['RealtimeInputValidationStage', 'RealtimeTextEncodingStage', 'AuxiliaryConditionEncodingStage', 'RealtimeImageVAEEncodingStage', 'DMDTimestepPreparationStage', 'RealtimeChunkLatentPreparationStage', 'LingBotWorldCausalDMDDenoisingStage', 'CausalVaeDecodingStage']
[09-20 06:51:38] [RealtimeInputValidationStage] started...
[09-20 06:51:38] [RealtimeInputValidationStage] finished in 0.0001 seconds
[09-20 06:51:38] [RealtimeTextEncodingStage] started...
[09-20 06:51:38] [RealtimeTextEncodingStage] finished in 0.0000 seconds
[09-20 06:51:38] [AuxiliaryConditionEncodingStage] started...
[09-20 06:51:38] [AuxiliaryConditionEncodingStage] finished in 0.0035 seconds
[09-20 06:51:38] [RealtimeImageVAEEncodingStage] started...
[09-20 06:51:38] [RealtimeImageVAEEncodingStage] finished in 0.0000 seconds
[09-20 06:51:38] [DMDTimestepPreparationStage] started...
[09-20 06:51:38] [DMDTimestepPreparationStage] finished in 0.0002 seconds
[09-20 06:51:38] [RealtimeChunkLatentPreparationStage] started...
[09-20 06:51:38] [RealtimeChunkLatentPreparationStage] finished in 0.0001 seconds
[09-20 06:51:38] [LingBotWorldCausalDMDDenoisingStage] started...
[09-20 06:51:38] realtime chunk timing: session_id=ce26b02edff9400587205e4bd7c2d9f3 request_id=ce26b02edff9400587205e4bd7c2d9f3_78e90813ab6a42a9b61792127715b3ab chunk_idx=27 event_id=None condition_kinds=['camera_actions'] request_prepare=0.45ms scheduler_forward=2568.61ms output_pace=0.00ms header_pack=0.01ms header_write=0.04ms raw_payload_build=1.46ms raw_write=6.02ms ws_write=6.06ms chunk_total=2577.47ms batches=1 frames=12 frame_shape=(480, 832, 3) raw_bytes=14376960 ws_payload_bytes=14377291 content_type=application/x-raw-rgb
[09-20 06:51:40] [LingBotWorldCausalDMDDenoisingStage] finished in 2.1883 seconds
[09-20 06:51:40] [CausalVaeDecodingStage] started...
[09-20 06:51:41] [CausalVaeDecodingStage] finished in 0.3482 seconds
[09-20 06:51:41] realtime raw RGB frame batch timing: request_id=ce26b02edff9400587205e4bd7c2d9f3_e516021de61642878ab6a73571b69bdd chunk_idx=28 sample_to_frames=1.25ms frames_to_bytes=2.37ms total=3.65ms batches=1 frames=12 frame_shape=(480, 832, 3) raw_bytes=14376960 content_type=application/x-raw-rgb
[09-20 06:51:41] Pixel data generated successfully in [92m2.57[0;0m seconds
[09-20 06:51:41] Peak memory usage: 82744.00 MB
[09-20 06:51:41] Adjusting number of frames from 21 to 21 based on model
[09-20 06:51:41] Sampling params:
                       width: 832
                      height: 480
                  num_frames: 21
                         fps: 16
                      prompt: <redacted, len=62>
                  neg_prompt: None
                        seed: 42
                 infer_steps: 4
      num_outputs_per_prompt: 1
              guidance_scale: 1.0
     embedded_guidance_scale: 6.0
                    n_tokens: None
                  flow_shift: 5.0
                  image_path: inputs/uploads/ce26b02edff9400587205e4bd7c2d9f3_first_frame
                 save_output: False
            output_file_path: outputs/ce26b02edff9400587205e4bd7c2d9f3_4c3b15a6e2e94db79217db9f90ac7fb7.mp4
        
[09-20 06:51:41] Running pipeline stages: ['RealtimeInputValidationStage', 'RealtimeTextEncodingStage', 'AuxiliaryConditionEncodingStage', 'RealtimeImageVAEEncodingStage', 'DMDTimestepPreparationStage', 'RealtimeChunkLatentPreparationStage', 'LingBotWorldCausalDMDDenoisingStage', 'CausalVaeDecodingStage']
[09-20 06:51:41] [RealtimeInputValidationStage] started...
[09-20 06:51:41] [RealtimeInputValidationStage] finished in 0.0001 seconds
[09-20 06:51:41] [RealtimeTextEncodingStage] started...
[09-20 06:51:41] [RealtimeTextEncodingStage] finished in 0.0000 seconds
[09-20 06:51:41] [AuxiliaryConditionEncodingStage] started...
[09-20 06:51:41] [AuxiliaryConditionEncodingStage] finished in 0.0034 seconds
[09-20 06:51:41] [RealtimeImageVAEEncodingStage] started...
[09-20 06:51:41] [RealtimeImageVAEEncodingStage] finished in 0.0000 seconds
[09-20 06:51:41] [DMDTimestepPreparationStage] started...
[09-20 06:51:41] [DMDTimestepPreparationStage] finished in 0.0002 seconds
[09-20 06:51:41] [RealtimeChunkLatentPreparationStage] started...
[09-20 06:51:41] [RealtimeChunkLatentPreparationStage] finished in 0.0001 seconds
[09-20 06:51:41] [LingBotWorldCausalDMDDenoisingStage] started...
[09-20 06:51:41] realtime chunk timing: session_id=ce26b02edff9400587205e4bd7c2d9f3 request_id=ce26b02edff9400587205e4bd7c2d9f3_e516021de61642878ab6a73571b69bdd chunk_idx=28 event_id=None condition_kinds=['camera_actions'] request_prepare=0.46ms scheduler_forward=2565.91ms output_pace=0.00ms header_pack=0.01ms header_write=0.04ms raw_payload_build=1.49ms raw_write=5.76ms ws_write=5.79ms chunk_total=2574.52ms batches=1 frames=12 frame_shape=(480, 832, 3) raw_bytes=14376960 ws_payload_bytes=14377291 content_type=application/x-raw-rgb
[09-20 06:51:43] [LingBotWorldCausalDMDDenoisingStage] finished in 2.1842 seconds
[09-20 06:51:43] [CausalVaeDecodingStage] started...
[09-20 06:51:43] [CausalVaeDecodingStage] finished in 0.3472 seconds
[09-20 06:51:43] realtime raw RGB frame batch timing: request_id=ce26b02edff9400587205e4bd7c2d9f3_4c3b15a6e2e94db79217db9f90ac7fb7 chunk_idx=29 sample_to_frames=1.27ms frames_to_bytes=2.07ms total=3.37ms batches=1 frames=12 frame_shape=(480, 832, 3) raw_bytes=14376960 content_type=application/x-raw-rgb
[09-20 06:51:43] Pixel data generated successfully in [92m2.56[0;0m seconds
[09-20 06:51:43] Peak memory usage: 82744.00 MB
[09-20 06:51:43] realtime chunk timing: session_id=ce26b02edff9400587205e4bd7c2d9f3 request_id=ce26b02edff9400587205e4bd7c2d9f3_4c3b15a6e2e94db79217db9f90ac7fb7 chunk_idx=29 event_id=None condition_kinds=['camera_actions'] request_prepare=0.45ms scheduler_forward=2556.29ms output_pace=0.00ms header_pack=0.01ms header_write=0.03ms raw_payload_build=1.40ms raw_write=4.64ms ws_write=4.68ms chunk_total=2562.89ms batches=1 frames=12 frame_shape=(480, 832, 3) raw_bytes=14376960 ws_payload_bytes=14377291 content_type=application/x-raw-rgb
[09-20 06:51:43] generation reached max chunks, session_id=ce26b02edff9400587205e4bd7c2d9f3, max_chunks=30
[09-20 06:51:43] terminating session, session_id=ce26b02edff9400587205e4bd7c2d9f3
[09-20 06:51:43] Realtime session release: session_id=ce26b02edff9400587205e4bd7c2d9f3 released=True
[2026-09-20 06:51:45] [32mINFO[0m:     Shutting down
[2026-09-20 06:51:45] [32mINFO[0m:     Waiting for application shutdown.
[09-20 06:51:45] FastAPI app is shutting down...
[2026-09-20 06:51:45] [32mINFO[0m:     Application shutdown complete.
[2026-09-20 06:51:45] [32mINFO[0m:     Finished server process [[36m128406[0m]
/usr/lib/python3.12/multiprocessing/resource_tracker.py:254: UserWarning: resource_tracker: There appear to be 1 leaked semaphore objects to clean up at shutdown
  warnings.warn('resource_tracker: There appear to be %d '
