Flax classes are deprecated and will be removed in Diffusers v1.0.0. We recommend migrating to PyTorch classes or pinning your version of Diffusers.
Flax classes are deprecated and will be removed in Diffusers v1.0.0. We recommend migrating to PyTorch classes or pinning your version of Diffusers.
[09-20 06:57:18] server_args: {"model_path": "robbyant/lingbot-world-v2-14b-causal-fast-diffusers", "model_subfolder": null, "model_variant": null, "model_id": null, "served_model_name": "robbyant/lingbot-world-v2-14b-causal-fast-diffusers", "backend": "auto", "attention_backend": null, "enable_attention_backend_autotune": false, "attention_backend_config": {}, "component_attention_backends": {}, "cache_dit_config": null, "nccl_port": null, "enable_nccl_nvls": false, "trust_remote_code": false, "revision": null, "num_gpus": 1, "performance_mode": "manual", "base_gpu_id": 0, "gpu_ids": null, "nnodes": 1, "node_rank": 0, "dist_init_addr": null, "tp_size": 1, "sp_degree": 1, "ulysses_degree": 1, "ring_degree": 1, "kv_gather_degree": 1, "sp_split_auto": false, "dp_size": 1, "enable_cfg_parallel": false, "cfg_parallel_degree": 1, "encoder_parallel": "auto", "hsdp_replicate_dim": 1, "hsdp_shard_dim": 1, "dist_timeout": 3600, "scheduler_rpc_timeout": null, "pipeline_class_name": null, "lora_path": null, "lora_nickname": "default", "lora_scale": 1.0, "lora_alpha": null, "lora_merge_mode": "auto", "lora_weight_name": null, "component_paths": {}, "component_weights_paths": {}, "component_direct_gpu_weight_loading": {}, "component_quantizations": {}, "component_precisions": {}, "component_quantization_ignored_layers": {}, "load_diffusion_decoder": false, "transformer_weights_path": null, "minimax_h3_adaln_cache_path": null, "minimax_h3_adaln_online": false, "minimax_h3_adaln_plan_width": 4, "minimax_h3_adaln_host_cache_gb": 8.0, "quantization": null, "quantization_ignored_layers": null, "lora_target_modules": null, "component_residency": null, "cpu_offload_components": null, "dit_cpu_offload": false, "direct_gpu_weight_loading": false, "dit_layerwise_offload": false, "layerwise_offload_components": null, "dit_offload_prefetch_size": 0.0, "dit_layerwise_resident_layers": 0.0, "dit_layerwise_residency_policy": "leading", "layerwise_prefetch_size": {}, "layerwise_resident_layers": {}, "layerwise_residency_policy": {}, "offload_during_compile": true, "text_encoder_cpu_offload": true, "image_encoder_cpu_offload": null, "vae_cpu_offload": false, "use_fsdp_inference": null, "pin_cpu_memory": true, "ltx2_two_stage_device_mode": null, "comfyui_mode": false, "enable_torch_compile": false, "regional_compile": false, "enable_breakable_cuda_graph": false, "bcg_text_buckets": null, "enable_layerwise_nvtx_marker": false, "warmup_mode": "server", "warmup_resolutions": ["832x480"], "warmup_num_frames": 9, "warmup_steps": 1, "warmup_sampling_params": null, "disable_autocast": false, "master_port": 24306, "host": "127.0.0.1", "port": 24206, "enable_metrics": false, "webui": false, "webui_port": 12312, "scheduler_port": 5648, "scheduler_ports": [5648], "batching_mode": "dynamic", "batching_max_size": 1, "batching_delay_ms": 0.0, "batching_config": null, "enable_batching_metrics": false, "strict_ports": false, "output_path": "outputs/", "input_save_path": "inputs/uploads", "prompt_file_path": null, "model_paths": {}, "model_loaded": {"transformer": true, "vae": true, "video_vae": true, "audio_vae": true, "video_dit": true, "audio_dit": true, "dual_tower_bridge": true}, "boundary_ratio": null, "disagg_role": "monolithic", "disagg_timeout": 3600, "disagg_downstream_wait_timeout": 1800, "disagg_dispatch_policy": "round_robin", "disagg_mode": false, "disagg_instance_id": 0, "disagg_max_slots_per_instance": 8, "disagg_transfer_redundancy": 1.25, "disagg_role_device": "auto", "disagg_transfer_backend": "auto", "disagg_transfer_pool_size": 268435456, "disagg_transfer_pin_memory": "auto", "disagg_p2p_hostname": "127.0.0.1", "disagg_ib_device": null, "disagg_server_addr": null, "encoder_urls": null, "denoiser_urls": null, "decoder_urls": null, "encoder_tp": null, "denoiser_tp": null, "denoiser_sp": null, "denoiser_ulysses": null, "denoiser_ring": null, "decoder_sp": null, "pool_work_endpoint": null, "pool_result_endpoint": null, "pool_control_endpoint": null, "pool_control_advertised_endpoint": null, "log_level": "info", "log_requests": false, "log_requests_level": 2, "log_requests_format": "text", "log_requests_target": null, "uvicorn_access_log_exclude_prefixes": [], "enable_cache_report": false, "enable_trace": false, "otlp_traces_endpoint": "localhost:4317", "otlp_service_name": null, "srt_encoder_url": null, "srt_encoder_connect_timeout": 3.05, "srt_encoder_timeout": 100, "pe_server_url": null}
[09-20 06:57:18] Starting server...
Flax classes are deprecated and will be removed in Diffusers v1.0.0. We recommend migrating to PyTorch classes or pinning your version of Diffusers.
Flax classes are deprecated and will be removed in Diffusers v1.0.0. We recommend migrating to PyTorch classes or pinning your version of Diffusers.
[09-20 06:57:30] Scheduler (dp replica 0) bind at endpoint: tcp://127.0.0.1:5648
[09-20 06:57:31] torch.compile cache: TORCHINDUCTOR_CACHE_DIR=/campaign/model-caches/lingbot-world-v2-cycle/sglang/torch_compile_cache/inductor TRITON_CACHE_DIR=/campaign/model-caches/lingbot-world-v2-cycle/sglang/torch_compile_cache/triton
[09-20 06:57:31] Initializing distributed environment with world_size=1, device=cuda:0, timeout=3600
[09-20 06:57:31] Setting distributed timeout to 3600 seconds
[09-20 06:57:32] No pipeline_class_name specified, using model_index.json
[09-20 06:57:33] Using pipeline from model_index.json: LingBotWorldCausalDMDPipeline
[09-20 06:57:33] Loading pipeline modules...
[09-20 06:57:33] Checking for cached model in Hugging Face Hub cache for robbyant/lingbot-world-v2-14b-causal-fast-diffusers...
[09-20 06:57:33] Found complete model in cache at /campaign/model-caches/lingbot-world-v2-cycle/huggingface/hub/models--robbyant--lingbot-world-v2-14b-causal-fast-diffusers/snapshots/59cccf49f2d2dd27418ae7a04b82b10868d455c2
[09-20 06:57:33] Model path: /campaign/model-caches/lingbot-world-v2-cycle/huggingface/hub/models--robbyant--lingbot-world-v2-14b-causal-fast-diffusers/snapshots/59cccf49f2d2dd27418ae7a04b82b10868d455c2
[09-20 06:57:33] Diffusers version: 0.35.0.dev0
[09-20 06:57:33] Loading pipeline modules from config: {'_class_name': 'LingBotWorldCausalDMDPipeline', '_diffusers_version': '0.35.0.dev0', 'boundary_ratio': 0.9, 'image_encoder': [None, None], 'image_processor': [None, None], 'scheduler': ['diffusers', 'UniPCMultistepScheduler'], 'text_encoder': ['transformers', 'UMT5EncoderModel'], 'tokenizer': ['transformers', 'T5TokenizerFast'], 'transformer': ['diffusers', 'CausalLingBotWorldTransformer3DModel'], 'transformer_2': [None, None], 'vae': ['diffusers', 'AutoencoderKLWan']}
[09-20 06:57:33] MoE pipeline detected. Adding transformer_2 to self.required_config_modules...
[09-20 06:57:33] Setting boundary ratio to 0.9
[09-20 06:57:33] Loading required components: ['text_encoder', 'tokenizer', 'vae', 'transformer', 'scheduler', 'image_encoder', 'image_processor', 'transformer_2']
[93m[09-20 06:57:33] Module image_encoder in model_index.json has null value, removing from required_config_modules[0;0m
[93m[09-20 06:57:33] Module image_processor in model_index.json has null value, removing from required_config_modules[0;0m
[93m[09-20 06:57:33] Module transformer_2 in model_index.json has null value, removing from required_config_modules[0;0m
[09-20 06:57:33] Memory-aware component load order: ['transformer', 'text_encoder', 'vae', 'tokenizer', 'scheduler']
Loading required modules:   0%|          | 0/5 [00:00<?, ?it/s][09-20 06:57:33] Loading transformer from /campaign/model-caches/lingbot-world-v2-cycle/huggingface/hub/models--robbyant--lingbot-world-v2-14b-causal-fast-diffusers/snapshots/59cccf49f2d2dd27418ae7a04b82b10868d455c2/transformer. avail mem: 138.65 GB
[09-20 06:57:33] Loading CausalLingBotWorldTransformer3DModel from 8 safetensors file(s) , param_dtype: torch.bfloat16

Loading safetensors checkpoint shards: 0%|          | 0/8[ALoading safetensors checkpoint shards: 100%|██████████| 8/8
[09-20 06:57:42] Attention backends for transformer: fa
[09-20 06:57:42] Loaded transformer: CausalLingBotWorldTransformer3DModel (sgl-diffusion version). model size: 40.4 GB, vram: 40.40 GB. avail GPU mem: 96.74 GB
Loading required modules:  20%|██        | 1/5 [00:08<00:34,  8.67s/it][09-20 06:57:42] Loading text_encoder from /campaign/model-caches/lingbot-world-v2-cycle/huggingface/hub/models--robbyant--lingbot-world-v2-14b-causal-fast-diffusers/snapshots/59cccf49f2d2dd27418ae7a04b82b10868d455c2/text_encoder. avail mem: 96.74 GB

Loading safetensors checkpoint shards: 0%|          | 0/3[A
Loading safetensors checkpoint shards: 33%|███▎      | 1/3[A
Loading safetensors checkpoint shards: 67%|██████▋   | 2/3[A
Loading safetensors checkpoint shards: 100%|██████████| 3/3[ALoading safetensors checkpoint shards: 100%|██████████| 3/3
[09-20 06:57:43] Loaded text_encoder: UMT5EncoderModel (sgl-diffusion version). model size: 10.58 GB, host pageable: 10.58 GB. avail GPU mem: 96.74 GB
Loading required modules:  40%|████      | 2/5 [00:09<00:12,  4.16s/it][09-20 06:57:43] Loading vae from /campaign/model-caches/lingbot-world-v2-cycle/huggingface/hub/models--robbyant--lingbot-world-v2-14b-causal-fast-diffusers/snapshots/59cccf49f2d2dd27418ae7a04b82b10868d455c2/vae. avail mem: 96.74 GB
[09-20 06:57:43] VAE: converted 61 Conv3d weights to channels_last_3d
[09-20 06:57:43] Wan VAE: installed quality-gated fast path (29 RMSNorm+SiLU fusions, 3 channels_last upsamples).
[09-20 06:57:43] Loaded vae: AutoencoderKLWan (sgl-diffusion version). model size: 0.47 GB, vram: 0.47 GB. avail GPU mem: 96.72 GB
Loading required modules:  60%|██████    | 3/5 [00:09<00:04,  2.35s/it][09-20 06:57:43] Loading tokenizer from /campaign/model-caches/lingbot-world-v2-cycle/huggingface/hub/models--robbyant--lingbot-world-v2-14b-causal-fast-diffusers/snapshots/59cccf49f2d2dd27418ae7a04b82b10868d455c2/tokenizer. avail mem: 96.72 GB
[09-20 06:57:44] Loaded tokenizer: T5Tokenizer (sgl-diffusion version). model size: NA GB, weights: none. avail GPU mem: 96.72 GB
Loading required modules:  80%|████████  | 4/5 [00:11<00:02,  2.03s/it][09-20 06:57:44] Loading scheduler from /campaign/model-caches/lingbot-world-v2-cycle/huggingface/hub/models--robbyant--lingbot-world-v2-14b-causal-fast-diffusers/snapshots/59cccf49f2d2dd27418ae7a04b82b10868d455c2/scheduler. avail mem: 96.72 GB
[09-20 06:57:44] Loaded scheduler: UniPCMultistepScheduler (sgl-diffusion version). model size: NA GB, weights: none. avail GPU mem: 96.72 GB
Loading required modules: 100%|██████████| 5/5 [00:11<00:00,  2.28s/it]
[09-20 06:57:44] Creating pipeline stages...
[09-20 06:57:44] Using fa attention backend
[09-20 06:57:44] Pipeline instantiated
[09-20 06:57:44] Worker 0: Initialized device, model, and distributed environment.
[09-20 06:57:44] Worker 0: Scheduler loop started.
[09-20 06:57:44] Starting FastAPI server.
[2026-09-20 06:57:45] [32mINFO[0m:     Started server process [[36m129713[0m]
[2026-09-20 06:57:45] [32mINFO[0m:     Waiting for application startup.
[09-20 06:57:45] ZMQ Broker is listening for offline jobs on tcp://127.0.0.1:24207
[2026-09-20 06:57:45] [32mINFO[0m:     Application startup complete.
[2026-09-20 06:57:45] [32mINFO[0m:     Uvicorn running on [1mhttp://127.0.0.1:24206[0m (Press CTRL+C to quit)
[2026-09-20 06:57:46] [32mINFO[0m:     127.0.0.1:50996 - "[1mGET /health HTTP/1.1[0m" [32m200 OK[0m
[2026-09-20 06:57:46] [32mINFO[0m:     127.0.0.1:51004 - "WebSocket /v1/realtime_video/generate" [accepted]
[2026-09-20 06:57:46] [32mINFO[0m:     connection open
[09-20 06:57:46] Adjusting number of frames from 21 to 21 based on model
[09-20 06:57:46] Sampling params:
                       width: 832
                      height: 480
                  num_frames: 21
                         fps: 16
                      prompt: <redacted, len=62>
                  neg_prompt: None
                        seed: 41
                 infer_steps: 4
      num_outputs_per_prompt: 1
              guidance_scale: 1.0
     embedded_guidance_scale: 6.0
                    n_tokens: None
                  flow_shift: 5.0
                  image_path: inputs/uploads/772f3e39350e4083af5f876a0c5da204_first_frame
                 save_output: False
            output_file_path: outputs/772f3e39350e4083af5f876a0c5da204_c98806e7d5f04f5ba3b604426eeef221.mp4
        
[09-20 06:57:46] Running pipeline stages: ['RealtimeInputValidationStage', 'RealtimeTextEncodingStage', 'AuxiliaryConditionEncodingStage', 'RealtimeImageVAEEncodingStage', 'DMDTimestepPreparationStage', 'RealtimeChunkLatentPreparationStage', 'LingBotWorldCausalDMDDenoisingStage', 'CausalVaeDecodingStage']
[09-20 06:57:46] [RealtimeInputValidationStage] started...
[09-20 06:57:46] [RealtimeInputValidationStage] finished in 0.0445 seconds
[09-20 06:57:46] [RealtimeTextEncodingStage] started...
[09-20 06:57:48] [RealtimeTextEncodingStage] finished in 1.8809 seconds
[09-20 06:57:53] [AuxiliaryConditionEncodingStage] started...
[09-20 06:57:53] [AuxiliaryConditionEncodingStage] finished in 0.0533 seconds
[09-20 06:57:53] [RealtimeImageVAEEncodingStage] started...
[09-20 06:57:54] [RealtimeImageVAEEncodingStage] finished in 1.0058 seconds
[09-20 06:57:54] [DMDTimestepPreparationStage] started...
[09-20 06:57:54] [DMDTimestepPreparationStage] finished in 0.0003 seconds
[09-20 06:57:54] [RealtimeChunkLatentPreparationStage] started...
[09-20 06:57:54] [RealtimeChunkLatentPreparationStage] finished in 0.0020 seconds
[09-20 06:57:54] [LingBotWorldCausalDMDDenoisingStage] started...
[09-20 06:57:57] [LingBotWorldCausalDMDDenoisingStage] finished in 3.1566 seconds
[09-20 06:57:57] [CausalVaeDecodingStage] started...
[09-20 06:57:58] [CausalVaeDecodingStage] finished in 0.2870 seconds
[09-20 06:57:58] realtime raw RGB frame batch timing: request_id=772f3e39350e4083af5f876a0c5da204_c98806e7d5f04f5ba3b604426eeef221 chunk_idx=0 sample_to_frames=2.97ms frames_to_bytes=5.95ms total=8.95ms batches=1 frames=9 frame_shape=(480, 832, 3) raw_bytes=10782720 content_type=application/x-raw-rgb
[09-20 06:57:58] Pixel data generated successfully in [92m12.11[0;0m seconds
[09-20 06:57:58] Peak memory usage: 82744.00 MB
[09-20 06:57:58] Adjusting number of frames from 21 to 21 based on model
[09-20 06:57:58] Sampling params:
                       width: 832
                      height: 480
                  num_frames: 21
                         fps: 16
                      prompt: <redacted, len=62>
                  neg_prompt: None
                        seed: 41
                 infer_steps: 4
      num_outputs_per_prompt: 1
              guidance_scale: 1.0
     embedded_guidance_scale: 6.0
                    n_tokens: None
                  flow_shift: 5.0
                  image_path: inputs/uploads/772f3e39350e4083af5f876a0c5da204_first_frame
                 save_output: False
            output_file_path: outputs/772f3e39350e4083af5f876a0c5da204_bc914e70ea5a44a58739ec1ebfc2b033.mp4
        
[09-20 06:57:58] Running pipeline stages: ['RealtimeInputValidationStage', 'RealtimeTextEncodingStage', 'AuxiliaryConditionEncodingStage', 'RealtimeImageVAEEncodingStage', 'DMDTimestepPreparationStage', 'RealtimeChunkLatentPreparationStage', 'LingBotWorldCausalDMDDenoisingStage', 'CausalVaeDecodingStage']
[09-20 06:57:58] [RealtimeInputValidationStage] started...
[09-20 06:57:58] [RealtimeInputValidationStage] finished in 0.0001 seconds
[09-20 06:57:58] [RealtimeTextEncodingStage] started...
[09-20 06:57:58] [RealtimeTextEncodingStage] finished in 0.0000 seconds
[09-20 06:57:58] [AuxiliaryConditionEncodingStage] started...
[09-20 06:57:58] [AuxiliaryConditionEncodingStage] finished in 0.0018 seconds
[09-20 06:57:58] [RealtimeImageVAEEncodingStage] started...
[09-20 06:57:58] [RealtimeImageVAEEncodingStage] finished in 0.0000 seconds
[09-20 06:57:58] [DMDTimestepPreparationStage] started...
[09-20 06:57:58] [DMDTimestepPreparationStage] finished in 0.0002 seconds
[09-20 06:57:58] [RealtimeChunkLatentPreparationStage] started...
[09-20 06:57:58] [RealtimeChunkLatentPreparationStage] finished in 0.0001 seconds
[09-20 06:57:58] [LingBotWorldCausalDMDDenoisingStage] started...
[09-20 06:57:58] realtime chunk timing: session_id=772f3e39350e4083af5f876a0c5da204 request_id=772f3e39350e4083af5f876a0c5da204_c98806e7d5f04f5ba3b604426eeef221 chunk_idx=0 event_id=None condition_kinds=['camera_actions'] request_prepare=2.07ms scheduler_forward=12107.56ms output_pace=0.00ms header_pack=0.02ms header_write=0.05ms raw_payload_build=1.86ms raw_write=4.08ms ws_write=4.13ms chunk_total=12116.75ms batches=1 frames=9 frame_shape=(480, 832, 3) raw_bytes=10782720 ws_payload_bytes=10783051 content_type=application/x-raw-rgb
[09-20 06:57:59] [LingBotWorldCausalDMDDenoisingStage] finished in 1.5214 seconds
[09-20 06:57:59] [CausalVaeDecodingStage] started...
[09-20 06:58:00] [CausalVaeDecodingStage] finished in 0.3481 seconds
[09-20 06:58:00] realtime raw RGB frame batch timing: request_id=772f3e39350e4083af5f876a0c5da204_bc914e70ea5a44a58739ec1ebfc2b033 chunk_idx=1 sample_to_frames=1.16ms frames_to_bytes=2.06ms total=3.25ms batches=1 frames=12 frame_shape=(480, 832, 3) raw_bytes=14376960 content_type=application/x-raw-rgb
[09-20 06:58:00] Pixel data generated successfully in [92m1.90[0;0m seconds
[09-20 06:58:00] Peak memory usage: 82744.00 MB
[09-20 06:58:00] realtime chunk timing: session_id=772f3e39350e4083af5f876a0c5da204 request_id=772f3e39350e4083af5f876a0c5da204_bc914e70ea5a44a58739ec1ebfc2b033 chunk_idx=1 event_id=None condition_kinds=['camera_actions'] request_prepare=0.53ms scheduler_forward=1903.59ms output_pace=0.00ms header_pack=0.02ms header_write=0.04ms raw_payload_build=3.80ms raw_write=5.87ms ws_write=5.91ms chunk_total=1914.09ms batches=1 frames=12 frame_shape=(480, 832, 3) raw_bytes=14376960 ws_payload_bytes=14377291 content_type=application/x-raw-rgb
[09-20 06:58:00] generation reached max chunks, session_id=772f3e39350e4083af5f876a0c5da204, max_chunks=2
[09-20 06:58:00] terminating session, session_id=772f3e39350e4083af5f876a0c5da204
[09-20 06:58:00] Realtime session release: session_id=772f3e39350e4083af5f876a0c5da204 released=True
[2026-09-20 06:58:01] [32mINFO[0m:     127.0.0.1:35246 - "WebSocket /v1/realtime_video/generate" [accepted]
[2026-09-20 06:58:01] [32mINFO[0m:     connection open
[09-20 06:58:01] Adjusting number of frames from 21 to 21 based on model
[09-20 06:58:01] Sampling params:
                       width: 832
                      height: 480
                  num_frames: 21
                         fps: 16
                      prompt: <redacted, len=62>
                  neg_prompt: None
                        seed: 42
                 infer_steps: 4
      num_outputs_per_prompt: 1
              guidance_scale: 1.0
     embedded_guidance_scale: 6.0
                    n_tokens: None
                  flow_shift: 5.0
                  image_path: inputs/uploads/05b21d30e2694ddbb5f8b4bf9740b49d_first_frame
                 save_output: False
            output_file_path: outputs/05b21d30e2694ddbb5f8b4bf9740b49d_32e7a6ce361f4f47bb86f5e143acfac0.mp4
        
[09-20 06:58:01] Running pipeline stages: ['RealtimeInputValidationStage', 'RealtimeTextEncodingStage', 'AuxiliaryConditionEncodingStage', 'RealtimeImageVAEEncodingStage', 'DMDTimestepPreparationStage', 'RealtimeChunkLatentPreparationStage', 'LingBotWorldCausalDMDDenoisingStage', 'CausalVaeDecodingStage']
[09-20 06:58:01] [RealtimeInputValidationStage] started...
[09-20 06:58:01] [RealtimeInputValidationStage] finished in 0.0387 seconds
[09-20 06:58:01] [RealtimeTextEncodingStage] started...
[09-20 06:58:01] [RealtimeTextEncodingStage] finished in 0.2435 seconds
[09-20 06:58:01] [AuxiliaryConditionEncodingStage] started...
[09-20 06:58:01] [AuxiliaryConditionEncodingStage] finished in 0.0017 seconds
[09-20 06:58:01] [RealtimeImageVAEEncodingStage] started...
[09-20 06:58:01] [RealtimeImageVAEEncodingStage] finished in 0.3771 seconds
[09-20 06:58:01] [DMDTimestepPreparationStage] started...
[09-20 06:58:01] [DMDTimestepPreparationStage] finished in 0.0002 seconds
[09-20 06:58:01] [RealtimeChunkLatentPreparationStage] started...
[09-20 06:58:01] [RealtimeChunkLatentPreparationStage] finished in 0.0001 seconds
[09-20 06:58:01] [LingBotWorldCausalDMDDenoisingStage] started...
[09-20 06:58:03] [LingBotWorldCausalDMDDenoisingStage] finished in 1.4997 seconds
[09-20 06:58:03] [CausalVaeDecodingStage] started...
[09-20 06:58:03] [CausalVaeDecodingStage] finished in 0.2705 seconds
[09-20 06:58:03] realtime raw RGB frame batch timing: request_id=05b21d30e2694ddbb5f8b4bf9740b49d_32e7a6ce361f4f47bb86f5e143acfac0 chunk_idx=0 sample_to_frames=1.65ms frames_to_bytes=4.36ms total=6.03ms batches=1 frames=9 frame_shape=(480, 832, 3) raw_bytes=10782720 content_type=application/x-raw-rgb
[09-20 06:58:03] Pixel data generated successfully in [92m2.67[0;0m seconds
[09-20 06:58:03] Peak memory usage: 82744.00 MB
[09-20 06:58:03] Adjusting number of frames from 21 to 21 based on model
[09-20 06:58:03] Sampling params:
                       width: 832
                      height: 480
                  num_frames: 21
                         fps: 16
                      prompt: <redacted, len=62>
                  neg_prompt: None
                        seed: 42
                 infer_steps: 4
      num_outputs_per_prompt: 1
              guidance_scale: 1.0
     embedded_guidance_scale: 6.0
                    n_tokens: None
                  flow_shift: 5.0
                  image_path: inputs/uploads/05b21d30e2694ddbb5f8b4bf9740b49d_first_frame
                 save_output: False
            output_file_path: outputs/05b21d30e2694ddbb5f8b4bf9740b49d_8991d33c482a4772a1473ad20f3a39be.mp4
        
[09-20 06:58:03] Running pipeline stages: ['RealtimeInputValidationStage', 'RealtimeTextEncodingStage', 'AuxiliaryConditionEncodingStage', 'RealtimeImageVAEEncodingStage', 'DMDTimestepPreparationStage', 'RealtimeChunkLatentPreparationStage', 'LingBotWorldCausalDMDDenoisingStage', 'CausalVaeDecodingStage']
[09-20 06:58:03] [RealtimeInputValidationStage] started...
[09-20 06:58:03] [RealtimeInputValidationStage] finished in 0.0001 seconds
[09-20 06:58:03] [RealtimeTextEncodingStage] started...
[09-20 06:58:03] [RealtimeTextEncodingStage] finished in 0.0000 seconds
[09-20 06:58:03] [AuxiliaryConditionEncodingStage] started...
[09-20 06:58:03] [AuxiliaryConditionEncodingStage] finished in 0.0017 seconds
[09-20 06:58:03] [RealtimeImageVAEEncodingStage] started...
[09-20 06:58:03] [RealtimeImageVAEEncodingStage] finished in 0.0000 seconds
[09-20 06:58:03] [DMDTimestepPreparationStage] started...
[09-20 06:58:03] [DMDTimestepPreparationStage] finished in 0.0002 seconds
[09-20 06:58:03] [RealtimeChunkLatentPreparationStage] started...
[09-20 06:58:03] [RealtimeChunkLatentPreparationStage] finished in 0.0001 seconds
[09-20 06:58:03] [LingBotWorldCausalDMDDenoisingStage] started...
[09-20 06:58:03] realtime chunk timing: session_id=05b21d30e2694ddbb5f8b4bf9740b49d request_id=05b21d30e2694ddbb5f8b4bf9740b49d_32e7a6ce361f4f47bb86f5e143acfac0 chunk_idx=0 event_id=None condition_kinds=['camera_actions'] request_prepare=0.51ms scheduler_forward=2671.62ms output_pace=0.00ms header_pack=0.02ms header_write=0.04ms raw_payload_build=1.01ms raw_write=4.45ms ws_write=4.49ms chunk_total=2678.50ms batches=1 frames=9 frame_shape=(480, 832, 3) raw_bytes=10782720 ws_payload_bytes=10783051 content_type=application/x-raw-rgb
[09-20 06:58:05] [LingBotWorldCausalDMDDenoisingStage] finished in 1.5406 seconds
[09-20 06:58:05] [CausalVaeDecodingStage] started...
[09-20 06:58:05] [CausalVaeDecodingStage] finished in 0.3479 seconds
[09-20 06:58:05] realtime raw RGB frame batch timing: request_id=05b21d30e2694ddbb5f8b4bf9740b49d_8991d33c482a4772a1473ad20f3a39be chunk_idx=1 sample_to_frames=1.18ms frames_to_bytes=2.88ms total=4.08ms batches=1 frames=12 frame_shape=(480, 832, 3) raw_bytes=14376960 content_type=application/x-raw-rgb
[09-20 06:58:05] Pixel data generated successfully in [92m1.92[0;0m seconds
[09-20 06:58:05] Peak memory usage: 82744.00 MB
[09-20 06:58:05] Adjusting number of frames from 21 to 21 based on model
[09-20 06:58:05] Sampling params:
                       width: 832
                      height: 480
                  num_frames: 21
                         fps: 16
                      prompt: <redacted, len=62>
                  neg_prompt: None
                        seed: 42
                 infer_steps: 4
      num_outputs_per_prompt: 1
              guidance_scale: 1.0
     embedded_guidance_scale: 6.0
                    n_tokens: None
                  flow_shift: 5.0
                  image_path: inputs/uploads/05b21d30e2694ddbb5f8b4bf9740b49d_first_frame
                 save_output: False
            output_file_path: outputs/05b21d30e2694ddbb5f8b4bf9740b49d_4fb91c351b7446f4b7dfda9ad7bf6675.mp4
        
[09-20 06:58:05] Running pipeline stages: ['RealtimeInputValidationStage', 'RealtimeTextEncodingStage', 'AuxiliaryConditionEncodingStage', 'RealtimeImageVAEEncodingStage', 'DMDTimestepPreparationStage', 'RealtimeChunkLatentPreparationStage', 'LingBotWorldCausalDMDDenoisingStage', 'CausalVaeDecodingStage']
[09-20 06:58:05] [RealtimeInputValidationStage] started...
[09-20 06:58:05] [RealtimeInputValidationStage] finished in 0.0001 seconds
[09-20 06:58:05] [RealtimeTextEncodingStage] started...
[09-20 06:58:05] [RealtimeTextEncodingStage] finished in 0.0000 seconds
[09-20 06:58:05] [AuxiliaryConditionEncodingStage] started...
[09-20 06:58:05] [AuxiliaryConditionEncodingStage] finished in 0.0020 seconds
[09-20 06:58:05] [RealtimeImageVAEEncodingStage] started...
[09-20 06:58:05] [RealtimeImageVAEEncodingStage] finished in 0.0000 seconds
[09-20 06:58:05] [DMDTimestepPreparationStage] started...
[09-20 06:58:05] [DMDTimestepPreparationStage] finished in 0.0002 seconds
[09-20 06:58:05] [RealtimeChunkLatentPreparationStage] started...
[09-20 06:58:05] [RealtimeChunkLatentPreparationStage] finished in 0.0001 seconds
[09-20 06:58:05] [LingBotWorldCausalDMDDenoisingStage] started...
[09-20 06:58:05] realtime chunk timing: session_id=05b21d30e2694ddbb5f8b4bf9740b49d request_id=05b21d30e2694ddbb5f8b4bf9740b49d_8991d33c482a4772a1473ad20f3a39be chunk_idx=1 event_id=None condition_kinds=['camera_actions'] request_prepare=0.46ms scheduler_forward=1918.99ms output_pace=0.00ms header_pack=0.02ms header_write=0.05ms raw_payload_build=1.53ms raw_write=5.71ms ws_write=5.76ms chunk_total=1927.63ms batches=1 frames=12 frame_shape=(480, 832, 3) raw_bytes=14376960 ws_payload_bytes=14377291 content_type=application/x-raw-rgb
[09-20 06:58:07] [LingBotWorldCausalDMDDenoisingStage] finished in 1.6716 seconds
[09-20 06:58:07] [CausalVaeDecodingStage] started...
[09-20 06:58:07] [CausalVaeDecodingStage] finished in 0.3468 seconds
[09-20 06:58:07] realtime raw RGB frame batch timing: request_id=05b21d30e2694ddbb5f8b4bf9740b49d_4fb91c351b7446f4b7dfda9ad7bf6675 chunk_idx=2 sample_to_frames=1.13ms frames_to_bytes=2.10ms total=3.25ms batches=1 frames=12 frame_shape=(480, 832, 3) raw_bytes=14376960 content_type=application/x-raw-rgb
[09-20 06:58:07] Pixel data generated successfully in [92m2.05[0;0m seconds
[09-20 06:58:07] Peak memory usage: 82744.00 MB
[09-20 06:58:07] Adjusting number of frames from 21 to 21 based on model
[09-20 06:58:07] Sampling params:
                       width: 832
                      height: 480
                  num_frames: 21
                         fps: 16
                      prompt: <redacted, len=62>
                  neg_prompt: None
                        seed: 42
                 infer_steps: 4
      num_outputs_per_prompt: 1
              guidance_scale: 1.0
     embedded_guidance_scale: 6.0
                    n_tokens: None
                  flow_shift: 5.0
                  image_path: inputs/uploads/05b21d30e2694ddbb5f8b4bf9740b49d_first_frame
                 save_output: False
            output_file_path: outputs/05b21d30e2694ddbb5f8b4bf9740b49d_b9fa1eb3a638424c9e8989fd5705d24c.mp4
        
[09-20 06:58:07] Running pipeline stages: ['RealtimeInputValidationStage', 'RealtimeTextEncodingStage', 'AuxiliaryConditionEncodingStage', 'RealtimeImageVAEEncodingStage', 'DMDTimestepPreparationStage', 'RealtimeChunkLatentPreparationStage', 'LingBotWorldCausalDMDDenoisingStage', 'CausalVaeDecodingStage']
[09-20 06:58:07] [RealtimeInputValidationStage] started...
[09-20 06:58:07] [RealtimeInputValidationStage] finished in 0.0001 seconds
[09-20 06:58:07] [RealtimeTextEncodingStage] started...
[09-20 06:58:07] [RealtimeTextEncodingStage] finished in 0.0000 seconds
[09-20 06:58:07] [AuxiliaryConditionEncodingStage] started...
[09-20 06:58:07] [AuxiliaryConditionEncodingStage] finished in 0.0019 seconds
[09-20 06:58:07] [RealtimeImageVAEEncodingStage] started...
[09-20 06:58:07] [RealtimeImageVAEEncodingStage] finished in 0.0000 seconds
[09-20 06:58:07] [DMDTimestepPreparationStage] started...
[09-20 06:58:07] [DMDTimestepPreparationStage] finished in 0.0002 seconds
[09-20 06:58:07] [RealtimeChunkLatentPreparationStage] started...
[09-20 06:58:07] [RealtimeChunkLatentPreparationStage] finished in 0.0001 seconds
[09-20 06:58:07] [LingBotWorldCausalDMDDenoisingStage] started...
[09-20 06:58:07] realtime chunk timing: session_id=05b21d30e2694ddbb5f8b4bf9740b49d request_id=05b21d30e2694ddbb5f8b4bf9740b49d_4fb91c351b7446f4b7dfda9ad7bf6675 chunk_idx=2 event_id=None condition_kinds=['camera_actions'] request_prepare=0.48ms scheduler_forward=2046.43ms output_pace=0.00ms header_pack=0.02ms header_write=0.04ms raw_payload_build=1.51ms raw_write=4.94ms ws_write=4.98ms chunk_total=2054.27ms batches=1 frames=12 frame_shape=(480, 832, 3) raw_bytes=14376960 ws_payload_bytes=14377291 content_type=application/x-raw-rgb
[09-20 06:58:09] [LingBotWorldCausalDMDDenoisingStage] finished in 1.8148 seconds
[09-20 06:58:09] [CausalVaeDecodingStage] started...
[09-20 06:58:09] [CausalVaeDecodingStage] finished in 0.3475 seconds
[09-20 06:58:09] realtime raw RGB frame batch timing: request_id=05b21d30e2694ddbb5f8b4bf9740b49d_b9fa1eb3a638424c9e8989fd5705d24c chunk_idx=3 sample_to_frames=1.15ms frames_to_bytes=2.76ms total=3.94ms batches=1 frames=12 frame_shape=(480, 832, 3) raw_bytes=14376960 content_type=application/x-raw-rgb
[09-20 06:58:09] Pixel data generated successfully in [92m2.19[0;0m seconds
[09-20 06:58:09] Peak memory usage: 82744.00 MB
[09-20 06:58:09] Adjusting number of frames from 21 to 21 based on model
[09-20 06:58:09] Sampling params:
                       width: 832
                      height: 480
                  num_frames: 21
                         fps: 16
                      prompt: <redacted, len=62>
                  neg_prompt: None
                        seed: 42
                 infer_steps: 4
      num_outputs_per_prompt: 1
              guidance_scale: 1.0
     embedded_guidance_scale: 6.0
                    n_tokens: None
                  flow_shift: 5.0
                  image_path: inputs/uploads/05b21d30e2694ddbb5f8b4bf9740b49d_first_frame
                 save_output: False
            output_file_path: outputs/05b21d30e2694ddbb5f8b4bf9740b49d_50dda1356e71403ba65180df058befd1.mp4
        
[09-20 06:58:09] Running pipeline stages: ['RealtimeInputValidationStage', 'RealtimeTextEncodingStage', 'AuxiliaryConditionEncodingStage', 'RealtimeImageVAEEncodingStage', 'DMDTimestepPreparationStage', 'RealtimeChunkLatentPreparationStage', 'LingBotWorldCausalDMDDenoisingStage', 'CausalVaeDecodingStage']
[09-20 06:58:09] [RealtimeInputValidationStage] started...
[09-20 06:58:09] [RealtimeInputValidationStage] finished in 0.0001 seconds
[09-20 06:58:09] [RealtimeTextEncodingStage] started...
[09-20 06:58:09] [RealtimeTextEncodingStage] finished in 0.0000 seconds
[09-20 06:58:09] [AuxiliaryConditionEncodingStage] started...
[09-20 06:58:09] [AuxiliaryConditionEncodingStage] finished in 0.0021 seconds
[09-20 06:58:09] [RealtimeImageVAEEncodingStage] started...
[09-20 06:58:09] [RealtimeImageVAEEncodingStage] finished in 0.0000 seconds
[09-20 06:58:09] [DMDTimestepPreparationStage] started...
[09-20 06:58:09] [DMDTimestepPreparationStage] finished in 0.0002 seconds
[09-20 06:58:09] [RealtimeChunkLatentPreparationStage] started...
[09-20 06:58:09] [RealtimeChunkLatentPreparationStage] finished in 0.0001 seconds
[09-20 06:58:09] [LingBotWorldCausalDMDDenoisingStage] started...
[09-20 06:58:09] realtime chunk timing: session_id=05b21d30e2694ddbb5f8b4bf9740b49d request_id=05b21d30e2694ddbb5f8b4bf9740b49d_b9fa1eb3a638424c9e8989fd5705d24c chunk_idx=3 event_id=None condition_kinds=['camera_actions'] request_prepare=0.45ms scheduler_forward=2187.15ms output_pace=0.00ms header_pack=0.02ms header_write=0.04ms raw_payload_build=1.52ms raw_write=4.52ms ws_write=4.55ms chunk_total=2194.54ms batches=1 frames=12 frame_shape=(480, 832, 3) raw_bytes=14376960 ws_payload_bytes=14377291 content_type=application/x-raw-rgb
[09-20 06:58:11] [LingBotWorldCausalDMDDenoisingStage] finished in 1.9473 seconds
[09-20 06:58:11] [CausalVaeDecodingStage] started...
[09-20 06:58:12] [CausalVaeDecodingStage] finished in 0.3469 seconds
[09-20 06:58:12] realtime raw RGB frame batch timing: request_id=05b21d30e2694ddbb5f8b4bf9740b49d_50dda1356e71403ba65180df058befd1 chunk_idx=4 sample_to_frames=1.17ms frames_to_bytes=2.12ms total=3.32ms batches=1 frames=12 frame_shape=(480, 832, 3) raw_bytes=14376960 content_type=application/x-raw-rgb
[09-20 06:58:12] Pixel data generated successfully in [92m2.32[0;0m seconds
[09-20 06:58:12] Peak memory usage: 82744.00 MB
[09-20 06:58:12] Adjusting number of frames from 21 to 21 based on model
[09-20 06:58:12] Sampling params:
                       width: 832
                      height: 480
                  num_frames: 21
                         fps: 16
                      prompt: <redacted, len=62>
                  neg_prompt: None
                        seed: 42
                 infer_steps: 4
      num_outputs_per_prompt: 1
              guidance_scale: 1.0
     embedded_guidance_scale: 6.0
                    n_tokens: None
                  flow_shift: 5.0
                  image_path: inputs/uploads/05b21d30e2694ddbb5f8b4bf9740b49d_first_frame
                 save_output: False
            output_file_path: outputs/05b21d30e2694ddbb5f8b4bf9740b49d_d325f921517049ba9bfded00fe3619f3.mp4
        
[09-20 06:58:12] Running pipeline stages: ['RealtimeInputValidationStage', 'RealtimeTextEncodingStage', 'AuxiliaryConditionEncodingStage', 'RealtimeImageVAEEncodingStage', 'DMDTimestepPreparationStage', 'RealtimeChunkLatentPreparationStage', 'LingBotWorldCausalDMDDenoisingStage', 'CausalVaeDecodingStage']
[09-20 06:58:12] [RealtimeInputValidationStage] started...
[09-20 06:58:12] [RealtimeInputValidationStage] finished in 0.0001 seconds
[09-20 06:58:12] [RealtimeTextEncodingStage] started...
[09-20 06:58:12] [RealtimeTextEncodingStage] finished in 0.0000 seconds
[09-20 06:58:12] [AuxiliaryConditionEncodingStage] started...
[09-20 06:58:12] [AuxiliaryConditionEncodingStage] finished in 0.0021 seconds
[09-20 06:58:12] [RealtimeImageVAEEncodingStage] started...
[09-20 06:58:12] [RealtimeImageVAEEncodingStage] finished in 0.0000 seconds
[09-20 06:58:12] [DMDTimestepPreparationStage] started...
[09-20 06:58:12] [DMDTimestepPreparationStage] finished in 0.0002 seconds
[09-20 06:58:12] [RealtimeChunkLatentPreparationStage] started...
[09-20 06:58:12] [RealtimeChunkLatentPreparationStage] finished in 0.0001 seconds
[09-20 06:58:12] [LingBotWorldCausalDMDDenoisingStage] started...
[09-20 06:58:12] realtime chunk timing: session_id=05b21d30e2694ddbb5f8b4bf9740b49d request_id=05b21d30e2694ddbb5f8b4bf9740b49d_50dda1356e71403ba65180df058befd1 chunk_idx=4 event_id=None condition_kinds=['camera_actions'] request_prepare=0.45ms scheduler_forward=2317.97ms output_pace=0.00ms header_pack=0.01ms header_write=0.04ms raw_payload_build=1.51ms raw_write=4.59ms ws_write=4.63ms chunk_total=2325.45ms batches=1 frames=12 frame_shape=(480, 832, 3) raw_bytes=14376960 ws_payload_bytes=14377291 content_type=application/x-raw-rgb
[09-20 06:58:14] [LingBotWorldCausalDMDDenoisingStage] finished in 2.0806 seconds
[09-20 06:58:14] [CausalVaeDecodingStage] started...
[09-20 06:58:14] [CausalVaeDecodingStage] finished in 0.3467 seconds
[09-20 06:58:14] realtime raw RGB frame batch timing: request_id=05b21d30e2694ddbb5f8b4bf9740b49d_d325f921517049ba9bfded00fe3619f3 chunk_idx=5 sample_to_frames=1.13ms frames_to_bytes=2.08ms total=3.24ms batches=1 frames=12 frame_shape=(480, 832, 3) raw_bytes=14376960 content_type=application/x-raw-rgb
[09-20 06:58:14] Pixel data generated successfully in [92m2.45[0;0m seconds
[09-20 06:58:14] Peak memory usage: 82744.00 MB
[09-20 06:58:14] Adjusting number of frames from 21 to 21 based on model
[09-20 06:58:14] Sampling params:
                       width: 832
                      height: 480
                  num_frames: 21
                         fps: 16
                      prompt: <redacted, len=62>
                  neg_prompt: None
                        seed: 42
                 infer_steps: 4
      num_outputs_per_prompt: 1
              guidance_scale: 1.0
     embedded_guidance_scale: 6.0
                    n_tokens: None
                  flow_shift: 5.0
                  image_path: inputs/uploads/05b21d30e2694ddbb5f8b4bf9740b49d_first_frame
                 save_output: False
            output_file_path: outputs/05b21d30e2694ddbb5f8b4bf9740b49d_5946023a15f5474aba2f9cb81e8de444.mp4
        
[09-20 06:58:14] Running pipeline stages: ['RealtimeInputValidationStage', 'RealtimeTextEncodingStage', 'AuxiliaryConditionEncodingStage', 'RealtimeImageVAEEncodingStage', 'DMDTimestepPreparationStage', 'RealtimeChunkLatentPreparationStage', 'LingBotWorldCausalDMDDenoisingStage', 'CausalVaeDecodingStage']
[09-20 06:58:14] [RealtimeInputValidationStage] started...
[09-20 06:58:14] [RealtimeInputValidationStage] finished in 0.0001 seconds
[09-20 06:58:14] [RealtimeTextEncodingStage] started...
[09-20 06:58:14] [RealtimeTextEncodingStage] finished in 0.0000 seconds
[09-20 06:58:14] [AuxiliaryConditionEncodingStage] started...
[09-20 06:58:14] [AuxiliaryConditionEncodingStage] finished in 0.0021 seconds
[09-20 06:58:14] [RealtimeImageVAEEncodingStage] started...
[09-20 06:58:14] [RealtimeImageVAEEncodingStage] finished in 0.0000 seconds
[09-20 06:58:14] [DMDTimestepPreparationStage] started...
[09-20 06:58:14] [DMDTimestepPreparationStage] finished in 0.0002 seconds
[09-20 06:58:14] [RealtimeChunkLatentPreparationStage] started...
[09-20 06:58:14] [RealtimeChunkLatentPreparationStage] finished in 0.0001 seconds
[09-20 06:58:14] [LingBotWorldCausalDMDDenoisingStage] started...
[09-20 06:58:14] realtime chunk timing: session_id=05b21d30e2694ddbb5f8b4bf9740b49d request_id=05b21d30e2694ddbb5f8b4bf9740b49d_d325f921517049ba9bfded00fe3619f3 chunk_idx=5 event_id=None condition_kinds=['camera_actions'] request_prepare=0.47ms scheduler_forward=2451.37ms output_pace=0.00ms header_pack=0.02ms header_write=0.03ms raw_payload_build=1.41ms raw_write=4.46ms ws_write=4.50ms chunk_total=2458.67ms batches=1 frames=12 frame_shape=(480, 832, 3) raw_bytes=14376960 ws_payload_bytes=14377291 content_type=application/x-raw-rgb
[09-20 06:58:16] [LingBotWorldCausalDMDDenoisingStage] finished in 2.0948 seconds
[09-20 06:58:16] [CausalVaeDecodingStage] started...
[09-20 06:58:17] [CausalVaeDecodingStage] finished in 0.3465 seconds
[09-20 06:58:17] realtime raw RGB frame batch timing: request_id=05b21d30e2694ddbb5f8b4bf9740b49d_5946023a15f5474aba2f9cb81e8de444 chunk_idx=6 sample_to_frames=1.13ms frames_to_bytes=2.09ms total=3.24ms batches=1 frames=12 frame_shape=(480, 832, 3) raw_bytes=14376960 content_type=application/x-raw-rgb
[09-20 06:58:17] Pixel data generated successfully in [92m2.47[0;0m seconds
[09-20 06:58:17] Peak memory usage: 82744.00 MB
[09-20 06:58:17] Adjusting number of frames from 21 to 21 based on model
[09-20 06:58:17] Sampling params:
                       width: 832
                      height: 480
                  num_frames: 21
                         fps: 16
                      prompt: <redacted, len=62>
                  neg_prompt: None
                        seed: 42
                 infer_steps: 4
      num_outputs_per_prompt: 1
              guidance_scale: 1.0
     embedded_guidance_scale: 6.0
                    n_tokens: None
                  flow_shift: 5.0
                  image_path: inputs/uploads/05b21d30e2694ddbb5f8b4bf9740b49d_first_frame
                 save_output: False
            output_file_path: outputs/05b21d30e2694ddbb5f8b4bf9740b49d_ddc29bee372043e9b47ec1387b20d952.mp4
        
[09-20 06:58:17] Running pipeline stages: ['RealtimeInputValidationStage', 'RealtimeTextEncodingStage', 'AuxiliaryConditionEncodingStage', 'RealtimeImageVAEEncodingStage', 'DMDTimestepPreparationStage', 'RealtimeChunkLatentPreparationStage', 'LingBotWorldCausalDMDDenoisingStage', 'CausalVaeDecodingStage']
[09-20 06:58:17] [RealtimeInputValidationStage] started...
[09-20 06:58:17] [RealtimeInputValidationStage] finished in 0.0001 seconds
[09-20 06:58:17] [RealtimeTextEncodingStage] started...
[09-20 06:58:17] [RealtimeTextEncodingStage] finished in 0.0000 seconds
[09-20 06:58:17] [AuxiliaryConditionEncodingStage] started...
[09-20 06:58:17] [AuxiliaryConditionEncodingStage] finished in 0.0021 seconds
[09-20 06:58:17] [RealtimeImageVAEEncodingStage] started...
[09-20 06:58:17] [RealtimeImageVAEEncodingStage] finished in 0.0000 seconds
[09-20 06:58:17] [DMDTimestepPreparationStage] started...
[09-20 06:58:17] [DMDTimestepPreparationStage] finished in 0.0002 seconds
[09-20 06:58:17] [RealtimeChunkLatentPreparationStage] started...
[09-20 06:58:17] [RealtimeChunkLatentPreparationStage] finished in 0.0001 seconds
[09-20 06:58:17] [LingBotWorldCausalDMDDenoisingStage] started...
[09-20 06:58:17] realtime chunk timing: session_id=05b21d30e2694ddbb5f8b4bf9740b49d request_id=05b21d30e2694ddbb5f8b4bf9740b49d_5946023a15f5474aba2f9cb81e8de444 chunk_idx=6 event_id=None condition_kinds=['camera_actions'] request_prepare=0.46ms scheduler_forward=2468.15ms output_pace=0.00ms header_pack=0.01ms header_write=0.04ms raw_payload_build=1.44ms raw_write=4.49ms ws_write=4.53ms chunk_total=2475.45ms batches=1 frames=12 frame_shape=(480, 832, 3) raw_bytes=14376960 ws_payload_bytes=14377291 content_type=application/x-raw-rgb
[09-20 06:58:19] [LingBotWorldCausalDMDDenoisingStage] finished in 2.0965 seconds
[09-20 06:58:19] [CausalVaeDecodingStage] started...
[09-20 06:58:19] [CausalVaeDecodingStage] finished in 0.3469 seconds
[09-20 06:58:19] realtime raw RGB frame batch timing: request_id=05b21d30e2694ddbb5f8b4bf9740b49d_ddc29bee372043e9b47ec1387b20d952 chunk_idx=7 sample_to_frames=1.13ms frames_to_bytes=2.13ms total=3.28ms batches=1 frames=12 frame_shape=(480, 832, 3) raw_bytes=14376960 content_type=application/x-raw-rgb
[09-20 06:58:19] Pixel data generated successfully in [92m2.47[0;0m seconds
[09-20 06:58:19] Peak memory usage: 82744.00 MB
[09-20 06:58:19] Adjusting number of frames from 21 to 21 based on model
[09-20 06:58:19] Sampling params:
                       width: 832
                      height: 480
                  num_frames: 21
                         fps: 16
                      prompt: <redacted, len=62>
                  neg_prompt: None
                        seed: 42
                 infer_steps: 4
      num_outputs_per_prompt: 1
              guidance_scale: 1.0
     embedded_guidance_scale: 6.0
                    n_tokens: None
                  flow_shift: 5.0
                  image_path: inputs/uploads/05b21d30e2694ddbb5f8b4bf9740b49d_first_frame
                 save_output: False
            output_file_path: outputs/05b21d30e2694ddbb5f8b4bf9740b49d_e90f179cc6334b0897e4119bee551e10.mp4
        
[09-20 06:58:19] Running pipeline stages: ['RealtimeInputValidationStage', 'RealtimeTextEncodingStage', 'AuxiliaryConditionEncodingStage', 'RealtimeImageVAEEncodingStage', 'DMDTimestepPreparationStage', 'RealtimeChunkLatentPreparationStage', 'LingBotWorldCausalDMDDenoisingStage', 'CausalVaeDecodingStage']
[09-20 06:58:19] [RealtimeInputValidationStage] started...
[09-20 06:58:19] [RealtimeInputValidationStage] finished in 0.0001 seconds
[09-20 06:58:19] [RealtimeTextEncodingStage] started...
[09-20 06:58:19] [RealtimeTextEncodingStage] finished in 0.0000 seconds
[09-20 06:58:19] [AuxiliaryConditionEncodingStage] started...
[09-20 06:58:19] [AuxiliaryConditionEncodingStage] finished in 0.0022 seconds
[09-20 06:58:19] [RealtimeImageVAEEncodingStage] started...
[09-20 06:58:19] [RealtimeImageVAEEncodingStage] finished in 0.0000 seconds
[09-20 06:58:19] [DMDTimestepPreparationStage] started...
[09-20 06:58:19] [DMDTimestepPreparationStage] finished in 0.0002 seconds
[09-20 06:58:19] [RealtimeChunkLatentPreparationStage] started...
[09-20 06:58:19] [RealtimeChunkLatentPreparationStage] finished in 0.0001 seconds
[09-20 06:58:19] [LingBotWorldCausalDMDDenoisingStage] started...
[09-20 06:58:19] realtime chunk timing: session_id=05b21d30e2694ddbb5f8b4bf9740b49d request_id=05b21d30e2694ddbb5f8b4bf9740b49d_ddc29bee372043e9b47ec1387b20d952 chunk_idx=7 event_id=None condition_kinds=['camera_actions'] request_prepare=0.46ms scheduler_forward=2468.93ms output_pace=0.00ms header_pack=0.02ms header_write=0.03ms raw_payload_build=1.40ms raw_write=4.43ms ws_write=4.46ms chunk_total=2476.13ms batches=1 frames=12 frame_shape=(480, 832, 3) raw_bytes=14376960 ws_payload_bytes=14377291 content_type=application/x-raw-rgb
[09-20 06:58:21] [LingBotWorldCausalDMDDenoisingStage] finished in 2.0941 seconds
[09-20 06:58:21] [CausalVaeDecodingStage] started...
[09-20 06:58:22] [CausalVaeDecodingStage] finished in 0.3470 seconds
[09-20 06:58:22] realtime raw RGB frame batch timing: request_id=05b21d30e2694ddbb5f8b4bf9740b49d_e90f179cc6334b0897e4119bee551e10 chunk_idx=8 sample_to_frames=1.14ms frames_to_bytes=2.12ms total=3.29ms batches=1 frames=12 frame_shape=(480, 832, 3) raw_bytes=14376960 content_type=application/x-raw-rgb
[09-20 06:58:22] Pixel data generated successfully in [92m2.47[0;0m seconds
[09-20 06:58:22] Peak memory usage: 82744.00 MB
[09-20 06:58:22] Adjusting number of frames from 21 to 21 based on model
[09-20 06:58:22] Sampling params:
                       width: 832
                      height: 480
                  num_frames: 21
                         fps: 16
                      prompt: <redacted, len=62>
                  neg_prompt: None
                        seed: 42
                 infer_steps: 4
      num_outputs_per_prompt: 1
              guidance_scale: 1.0
     embedded_guidance_scale: 6.0
                    n_tokens: None
                  flow_shift: 5.0
                  image_path: inputs/uploads/05b21d30e2694ddbb5f8b4bf9740b49d_first_frame
                 save_output: False
            output_file_path: outputs/05b21d30e2694ddbb5f8b4bf9740b49d_a5c0c7e62aa3428184cca16c4d83ba1b.mp4
        
[09-20 06:58:22] Running pipeline stages: ['RealtimeInputValidationStage', 'RealtimeTextEncodingStage', 'AuxiliaryConditionEncodingStage', 'RealtimeImageVAEEncodingStage', 'DMDTimestepPreparationStage', 'RealtimeChunkLatentPreparationStage', 'LingBotWorldCausalDMDDenoisingStage', 'CausalVaeDecodingStage']
[09-20 06:58:22] [RealtimeInputValidationStage] started...
[09-20 06:58:22] [RealtimeInputValidationStage] finished in 0.0001 seconds
[09-20 06:58:22] [RealtimeTextEncodingStage] started...
[09-20 06:58:22] [RealtimeTextEncodingStage] finished in 0.0000 seconds
[09-20 06:58:22] [AuxiliaryConditionEncodingStage] started...
[09-20 06:58:22] [AuxiliaryConditionEncodingStage] finished in 0.0022 seconds
[09-20 06:58:22] [RealtimeImageVAEEncodingStage] started...
[09-20 06:58:22] [RealtimeImageVAEEncodingStage] finished in 0.0000 seconds
[09-20 06:58:22] [DMDTimestepPreparationStage] started...
[09-20 06:58:22] [DMDTimestepPreparationStage] finished in 0.0002 seconds
[09-20 06:58:22] [RealtimeChunkLatentPreparationStage] started...
[09-20 06:58:22] [RealtimeChunkLatentPreparationStage] finished in 0.0001 seconds
[09-20 06:58:22] [LingBotWorldCausalDMDDenoisingStage] started...
[09-20 06:58:22] realtime chunk timing: session_id=05b21d30e2694ddbb5f8b4bf9740b49d request_id=05b21d30e2694ddbb5f8b4bf9740b49d_e90f179cc6334b0897e4119bee551e10 chunk_idx=8 event_id=None condition_kinds=['camera_actions'] request_prepare=0.45ms scheduler_forward=2465.47ms output_pace=0.00ms header_pack=0.02ms header_write=0.03ms raw_payload_build=1.43ms raw_write=4.50ms ws_write=4.54ms chunk_total=2472.79ms batches=1 frames=12 frame_shape=(480, 832, 3) raw_bytes=14376960 ws_payload_bytes=14377291 content_type=application/x-raw-rgb
[09-20 06:58:24] [LingBotWorldCausalDMDDenoisingStage] finished in 2.0926 seconds
[09-20 06:58:24] [CausalVaeDecodingStage] started...
[09-20 06:58:24] [CausalVaeDecodingStage] finished in 0.3462 seconds
[09-20 06:58:24] realtime raw RGB frame batch timing: request_id=05b21d30e2694ddbb5f8b4bf9740b49d_a5c0c7e62aa3428184cca16c4d83ba1b chunk_idx=9 sample_to_frames=1.14ms frames_to_bytes=2.06ms total=3.23ms batches=1 frames=12 frame_shape=(480, 832, 3) raw_bytes=14376960 content_type=application/x-raw-rgb
[09-20 06:58:24] Pixel data generated successfully in [92m2.47[0;0m seconds
[09-20 06:58:24] Peak memory usage: 82744.00 MB
[09-20 06:58:24] Adjusting number of frames from 21 to 21 based on model
[09-20 06:58:24] Sampling params:
                       width: 832
                      height: 480
                  num_frames: 21
                         fps: 16
                      prompt: <redacted, len=62>
                  neg_prompt: None
                        seed: 42
                 infer_steps: 4
      num_outputs_per_prompt: 1
              guidance_scale: 1.0
     embedded_guidance_scale: 6.0
                    n_tokens: None
                  flow_shift: 5.0
                  image_path: inputs/uploads/05b21d30e2694ddbb5f8b4bf9740b49d_first_frame
                 save_output: False
            output_file_path: outputs/05b21d30e2694ddbb5f8b4bf9740b49d_4766b535f1384ac5b2d155810fd83071.mp4
        
[09-20 06:58:24] Running pipeline stages: ['RealtimeInputValidationStage', 'RealtimeTextEncodingStage', 'AuxiliaryConditionEncodingStage', 'RealtimeImageVAEEncodingStage', 'DMDTimestepPreparationStage', 'RealtimeChunkLatentPreparationStage', 'LingBotWorldCausalDMDDenoisingStage', 'CausalVaeDecodingStage']
[09-20 06:58:24] [RealtimeInputValidationStage] started...
[09-20 06:58:24] [RealtimeInputValidationStage] finished in 0.0001 seconds
[09-20 06:58:24] [RealtimeTextEncodingStage] started...
[09-20 06:58:24] [RealtimeTextEncodingStage] finished in 0.0000 seconds
[09-20 06:58:24] [AuxiliaryConditionEncodingStage] started...
[09-20 06:58:24] [AuxiliaryConditionEncodingStage] finished in 0.0023 seconds
[09-20 06:58:24] [RealtimeImageVAEEncodingStage] started...
[09-20 06:58:24] [RealtimeImageVAEEncodingStage] finished in 0.0000 seconds
[09-20 06:58:24] [DMDTimestepPreparationStage] started...
[09-20 06:58:24] [DMDTimestepPreparationStage] finished in 0.0002 seconds
[09-20 06:58:24] [RealtimeChunkLatentPreparationStage] started...
[09-20 06:58:24] [RealtimeChunkLatentPreparationStage] finished in 0.0001 seconds
[09-20 06:58:24] [LingBotWorldCausalDMDDenoisingStage] started...
[09-20 06:58:24] realtime chunk timing: session_id=05b21d30e2694ddbb5f8b4bf9740b49d request_id=05b21d30e2694ddbb5f8b4bf9740b49d_a5c0c7e62aa3428184cca16c4d83ba1b chunk_idx=9 event_id=None condition_kinds=['camera_actions'] request_prepare=0.47ms scheduler_forward=2466.67ms output_pace=0.00ms header_pack=0.02ms header_write=0.03ms raw_payload_build=1.55ms raw_write=4.99ms ws_write=5.03ms chunk_total=2474.60ms batches=1 frames=12 frame_shape=(480, 832, 3) raw_bytes=14376960 ws_payload_bytes=14377291 content_type=application/x-raw-rgb
[09-20 06:58:26] [LingBotWorldCausalDMDDenoisingStage] finished in 2.0958 seconds
[09-20 06:58:26] [CausalVaeDecodingStage] started...
[09-20 06:58:27] [CausalVaeDecodingStage] finished in 0.3471 seconds
[09-20 06:58:27] realtime raw RGB frame batch timing: request_id=05b21d30e2694ddbb5f8b4bf9740b49d_4766b535f1384ac5b2d155810fd83071 chunk_idx=10 sample_to_frames=1.14ms frames_to_bytes=2.11ms total=3.28ms batches=1 frames=12 frame_shape=(480, 832, 3) raw_bytes=14376960 content_type=application/x-raw-rgb
[09-20 06:58:27] Pixel data generated successfully in [92m2.47[0;0m seconds
[09-20 06:58:27] Peak memory usage: 82744.00 MB
[09-20 06:58:27] Adjusting number of frames from 21 to 21 based on model
[09-20 06:58:27] Sampling params:
                       width: 832
                      height: 480
                  num_frames: 21
                         fps: 16
                      prompt: <redacted, len=62>
                  neg_prompt: None
                        seed: 42
                 infer_steps: 4
      num_outputs_per_prompt: 1
              guidance_scale: 1.0
     embedded_guidance_scale: 6.0
                    n_tokens: None
                  flow_shift: 5.0
                  image_path: inputs/uploads/05b21d30e2694ddbb5f8b4bf9740b49d_first_frame
                 save_output: False
            output_file_path: outputs/05b21d30e2694ddbb5f8b4bf9740b49d_7b45ea35f1174532b5ffaf0c893d4108.mp4
        
[09-20 06:58:27] Running pipeline stages: ['RealtimeInputValidationStage', 'RealtimeTextEncodingStage', 'AuxiliaryConditionEncodingStage', 'RealtimeImageVAEEncodingStage', 'DMDTimestepPreparationStage', 'RealtimeChunkLatentPreparationStage', 'LingBotWorldCausalDMDDenoisingStage', 'CausalVaeDecodingStage']
[09-20 06:58:27] [RealtimeInputValidationStage] started...
[09-20 06:58:27] [RealtimeInputValidationStage] finished in 0.0001 seconds
[09-20 06:58:27] [RealtimeTextEncodingStage] started...
[09-20 06:58:27] [RealtimeTextEncodingStage] finished in 0.0000 seconds
[09-20 06:58:27] [AuxiliaryConditionEncodingStage] started...
[09-20 06:58:27] [AuxiliaryConditionEncodingStage] finished in 0.0024 seconds
[09-20 06:58:27] [RealtimeImageVAEEncodingStage] started...
[09-20 06:58:27] [RealtimeImageVAEEncodingStage] finished in 0.0000 seconds
[09-20 06:58:27] [DMDTimestepPreparationStage] started...
[09-20 06:58:27] [DMDTimestepPreparationStage] finished in 0.0002 seconds
[09-20 06:58:27] [RealtimeChunkLatentPreparationStage] started...
[09-20 06:58:27] [RealtimeChunkLatentPreparationStage] finished in 0.0001 seconds
[09-20 06:58:27] [LingBotWorldCausalDMDDenoisingStage] started...
[09-20 06:58:27] realtime chunk timing: session_id=05b21d30e2694ddbb5f8b4bf9740b49d request_id=05b21d30e2694ddbb5f8b4bf9740b49d_4766b535f1384ac5b2d155810fd83071 chunk_idx=10 event_id=None condition_kinds=['camera_actions'] request_prepare=0.47ms scheduler_forward=2468.64ms output_pace=0.00ms header_pack=0.01ms header_write=0.04ms raw_payload_build=1.41ms raw_write=4.36ms ws_write=4.40ms chunk_total=2475.79ms batches=1 frames=12 frame_shape=(480, 832, 3) raw_bytes=14376960 ws_payload_bytes=14377291 content_type=application/x-raw-rgb
[09-20 06:58:29] [LingBotWorldCausalDMDDenoisingStage] finished in 2.0962 seconds
[09-20 06:58:29] [CausalVaeDecodingStage] started...
[09-20 06:58:29] [CausalVaeDecodingStage] finished in 0.3467 seconds
[09-20 06:58:29] realtime raw RGB frame batch timing: request_id=05b21d30e2694ddbb5f8b4bf9740b49d_7b45ea35f1174532b5ffaf0c893d4108 chunk_idx=11 sample_to_frames=1.15ms frames_to_bytes=2.09ms total=3.26ms batches=1 frames=12 frame_shape=(480, 832, 3) raw_bytes=14376960 content_type=application/x-raw-rgb
[09-20 06:58:29] Pixel data generated successfully in [92m2.47[0;0m seconds
[09-20 06:58:29] Peak memory usage: 82744.00 MB
[09-20 06:58:29] Adjusting number of frames from 21 to 21 based on model
[09-20 06:58:29] Sampling params:
                       width: 832
                      height: 480
                  num_frames: 21
                         fps: 16
                      prompt: <redacted, len=62>
                  neg_prompt: None
                        seed: 42
                 infer_steps: 4
      num_outputs_per_prompt: 1
              guidance_scale: 1.0
     embedded_guidance_scale: 6.0
                    n_tokens: None
                  flow_shift: 5.0
                  image_path: inputs/uploads/05b21d30e2694ddbb5f8b4bf9740b49d_first_frame
                 save_output: False
            output_file_path: outputs/05b21d30e2694ddbb5f8b4bf9740b49d_677d1583f57246dea79ef9c9bc6fd69d.mp4
        
[09-20 06:58:29] Running pipeline stages: ['RealtimeInputValidationStage', 'RealtimeTextEncodingStage', 'AuxiliaryConditionEncodingStage', 'RealtimeImageVAEEncodingStage', 'DMDTimestepPreparationStage', 'RealtimeChunkLatentPreparationStage', 'LingBotWorldCausalDMDDenoisingStage', 'CausalVaeDecodingStage']
[09-20 06:58:29] [RealtimeInputValidationStage] started...
[09-20 06:58:29] [RealtimeInputValidationStage] finished in 0.0001 seconds
[09-20 06:58:29] [RealtimeTextEncodingStage] started...
[09-20 06:58:29] [RealtimeTextEncodingStage] finished in 0.0000 seconds
[09-20 06:58:29] [AuxiliaryConditionEncodingStage] started...
[09-20 06:58:29] [AuxiliaryConditionEncodingStage] finished in 0.0025 seconds
[09-20 06:58:29] [RealtimeImageVAEEncodingStage] started...
[09-20 06:58:29] [RealtimeImageVAEEncodingStage] finished in 0.0000 seconds
[09-20 06:58:29] [DMDTimestepPreparationStage] started...
[09-20 06:58:29] [DMDTimestepPreparationStage] finished in 0.0002 seconds
[09-20 06:58:29] realtime chunk timing: session_id=05b21d30e2694ddbb5f8b4bf9740b49d request_id=05b21d30e2694ddbb5f8b4bf9740b49d_7b45ea35f1174532b5ffaf0c893d4108 chunk_idx=11 event_id=None condition_kinds=['camera_actions'] request_prepare=0.46ms scheduler_forward=2470.80ms output_pace=0.00ms header_pack=0.02ms header_write=0.03ms raw_payload_build=1.44ms raw_write=4.47ms ws_write=4.50ms chunk_total=2478.08ms batches=1 frames=12 frame_shape=(480, 832, 3) raw_bytes=14376960 ws_payload_bytes=14377291 content_type=application/x-raw-rgb
[09-20 06:58:29] [RealtimeChunkLatentPreparationStage] started...
[09-20 06:58:29] [RealtimeChunkLatentPreparationStage] finished in 0.0001 seconds
[09-20 06:58:29] [LingBotWorldCausalDMDDenoisingStage] started...
[09-20 06:58:31] [LingBotWorldCausalDMDDenoisingStage] finished in 2.1019 seconds
[09-20 06:58:31] [CausalVaeDecodingStage] started...
[09-20 06:58:31] [CausalVaeDecodingStage] finished in 0.3469 seconds
[09-20 06:58:31] realtime raw RGB frame batch timing: request_id=05b21d30e2694ddbb5f8b4bf9740b49d_677d1583f57246dea79ef9c9bc6fd69d chunk_idx=12 sample_to_frames=1.15ms frames_to_bytes=2.78ms total=3.95ms batches=1 frames=12 frame_shape=(480, 832, 3) raw_bytes=14376960 content_type=application/x-raw-rgb
[09-20 06:58:32] Pixel data generated successfully in [92m2.48[0;0m seconds
[09-20 06:58:32] Peak memory usage: 82744.00 MB
[09-20 06:58:32] Adjusting number of frames from 21 to 21 based on model
[09-20 06:58:32] Sampling params:
                       width: 832
                      height: 480
                  num_frames: 21
                         fps: 16
                      prompt: <redacted, len=62>
                  neg_prompt: None
                        seed: 42
                 infer_steps: 4
      num_outputs_per_prompt: 1
              guidance_scale: 1.0
     embedded_guidance_scale: 6.0
                    n_tokens: None
                  flow_shift: 5.0
                  image_path: inputs/uploads/05b21d30e2694ddbb5f8b4bf9740b49d_first_frame
                 save_output: False
            output_file_path: outputs/05b21d30e2694ddbb5f8b4bf9740b49d_d4521b55ecef448c943911d7303fa0dc.mp4
        
[09-20 06:58:32] Running pipeline stages: ['RealtimeInputValidationStage', 'RealtimeTextEncodingStage', 'AuxiliaryConditionEncodingStage', 'RealtimeImageVAEEncodingStage', 'DMDTimestepPreparationStage', 'RealtimeChunkLatentPreparationStage', 'LingBotWorldCausalDMDDenoisingStage', 'CausalVaeDecodingStage']
[09-20 06:58:32] [RealtimeInputValidationStage] started...
[09-20 06:58:32] [RealtimeInputValidationStage] finished in 0.0001 seconds
[09-20 06:58:32] [RealtimeTextEncodingStage] started...
[09-20 06:58:32] [RealtimeTextEncodingStage] finished in 0.0000 seconds
[09-20 06:58:32] [AuxiliaryConditionEncodingStage] started...
[09-20 06:58:32] [AuxiliaryConditionEncodingStage] finished in 0.0025 seconds
[09-20 06:58:32] [RealtimeImageVAEEncodingStage] started...
[09-20 06:58:32] [RealtimeImageVAEEncodingStage] finished in 0.0000 seconds
[09-20 06:58:32] [DMDTimestepPreparationStage] started...
[09-20 06:58:32] [DMDTimestepPreparationStage] finished in 0.0002 seconds
[09-20 06:58:32] [RealtimeChunkLatentPreparationStage] started...
[09-20 06:58:32] [RealtimeChunkLatentPreparationStage] finished in 0.0001 seconds
[09-20 06:58:32] realtime chunk timing: session_id=05b21d30e2694ddbb5f8b4bf9740b49d request_id=05b21d30e2694ddbb5f8b4bf9740b49d_677d1583f57246dea79ef9c9bc6fd69d chunk_idx=12 event_id=None condition_kinds=['camera_actions'] request_prepare=0.46ms scheduler_forward=2476.19ms output_pace=0.00ms header_pack=0.02ms header_write=0.04ms raw_payload_build=1.44ms raw_write=4.37ms ws_write=4.41ms chunk_total=2483.40ms batches=1 frames=12 frame_shape=(480, 832, 3) raw_bytes=14376960 ws_payload_bytes=14377291 content_type=application/x-raw-rgb
[09-20 06:58:32] [LingBotWorldCausalDMDDenoisingStage] started...
[09-20 06:58:34] [LingBotWorldCausalDMDDenoisingStage] finished in 2.0976 seconds
[09-20 06:58:34] [CausalVaeDecodingStage] started...
[09-20 06:58:34] [CausalVaeDecodingStage] finished in 0.3464 seconds
[09-20 06:58:34] realtime raw RGB frame batch timing: request_id=05b21d30e2694ddbb5f8b4bf9740b49d_d4521b55ecef448c943911d7303fa0dc chunk_idx=13 sample_to_frames=1.14ms frames_to_bytes=2.07ms total=3.24ms batches=1 frames=12 frame_shape=(480, 832, 3) raw_bytes=14376960 content_type=application/x-raw-rgb
[09-20 06:58:34] Pixel data generated successfully in [92m2.47[0;0m seconds
[09-20 06:58:34] Peak memory usage: 82744.00 MB
[09-20 06:58:34] Adjusting number of frames from 21 to 21 based on model
[09-20 06:58:34] Sampling params:
                       width: 832
                      height: 480
                  num_frames: 21
                         fps: 16
                      prompt: <redacted, len=62>
                  neg_prompt: None
                        seed: 42
                 infer_steps: 4
      num_outputs_per_prompt: 1
              guidance_scale: 1.0
     embedded_guidance_scale: 6.0
                    n_tokens: None
                  flow_shift: 5.0
                  image_path: inputs/uploads/05b21d30e2694ddbb5f8b4bf9740b49d_first_frame
                 save_output: False
            output_file_path: outputs/05b21d30e2694ddbb5f8b4bf9740b49d_90abd93c556c449fb7fbca1ffb9ed5ff.mp4
        
[09-20 06:58:34] Running pipeline stages: ['RealtimeInputValidationStage', 'RealtimeTextEncodingStage', 'AuxiliaryConditionEncodingStage', 'RealtimeImageVAEEncodingStage', 'DMDTimestepPreparationStage', 'RealtimeChunkLatentPreparationStage', 'LingBotWorldCausalDMDDenoisingStage', 'CausalVaeDecodingStage']
[09-20 06:58:34] [RealtimeInputValidationStage] started...
[09-20 06:58:34] [RealtimeInputValidationStage] finished in 0.0001 seconds
[09-20 06:58:34] [RealtimeTextEncodingStage] started...
[09-20 06:58:34] [RealtimeTextEncodingStage] finished in 0.0000 seconds
[09-20 06:58:34] [AuxiliaryConditionEncodingStage] started...
[09-20 06:58:34] [AuxiliaryConditionEncodingStage] finished in 0.0025 seconds
[09-20 06:58:34] [RealtimeImageVAEEncodingStage] started...
[09-20 06:58:34] [RealtimeImageVAEEncodingStage] finished in 0.0000 seconds
[09-20 06:58:34] [DMDTimestepPreparationStage] started...
[09-20 06:58:34] [DMDTimestepPreparationStage] finished in 0.0002 seconds
[09-20 06:58:34] [RealtimeChunkLatentPreparationStage] started...
[09-20 06:58:34] [RealtimeChunkLatentPreparationStage] finished in 0.0001 seconds
[09-20 06:58:34] [LingBotWorldCausalDMDDenoisingStage] started...
[09-20 06:58:34] realtime chunk timing: session_id=05b21d30e2694ddbb5f8b4bf9740b49d request_id=05b21d30e2694ddbb5f8b4bf9740b49d_d4521b55ecef448c943911d7303fa0dc chunk_idx=13 event_id=None condition_kinds=['camera_actions'] request_prepare=0.47ms scheduler_forward=2470.10ms output_pace=0.00ms header_pack=0.02ms header_write=0.03ms raw_payload_build=1.51ms raw_write=4.56ms ws_write=4.59ms chunk_total=2477.56ms batches=1 frames=12 frame_shape=(480, 832, 3) raw_bytes=14376960 ws_payload_bytes=14377291 content_type=application/x-raw-rgb
[09-20 06:58:36] [LingBotWorldCausalDMDDenoisingStage] finished in 2.0989 seconds
[09-20 06:58:36] [CausalVaeDecodingStage] started...
[09-20 06:58:36] [CausalVaeDecodingStage] finished in 0.3481 seconds
[09-20 06:58:36] realtime raw RGB frame batch timing: request_id=05b21d30e2694ddbb5f8b4bf9740b49d_90abd93c556c449fb7fbca1ffb9ed5ff chunk_idx=14 sample_to_frames=1.16ms frames_to_bytes=2.10ms total=3.28ms batches=1 frames=12 frame_shape=(480, 832, 3) raw_bytes=14376960 content_type=application/x-raw-rgb
[09-20 06:58:36] Pixel data generated successfully in [92m2.48[0;0m seconds
[09-20 06:58:36] Peak memory usage: 82744.00 MB
[09-20 06:58:36] Adjusting number of frames from 21 to 21 based on model
[09-20 06:58:36] Sampling params:
                       width: 832
                      height: 480
                  num_frames: 21
                         fps: 16
                      prompt: <redacted, len=62>
                  neg_prompt: None
                        seed: 42
                 infer_steps: 4
      num_outputs_per_prompt: 1
              guidance_scale: 1.0
     embedded_guidance_scale: 6.0
                    n_tokens: None
                  flow_shift: 5.0
                  image_path: inputs/uploads/05b21d30e2694ddbb5f8b4bf9740b49d_first_frame
                 save_output: False
            output_file_path: outputs/05b21d30e2694ddbb5f8b4bf9740b49d_73d2b8be05504d5eba97bfa6f0e9d5f7.mp4
        
[09-20 06:58:36] Running pipeline stages: ['RealtimeInputValidationStage', 'RealtimeTextEncodingStage', 'AuxiliaryConditionEncodingStage', 'RealtimeImageVAEEncodingStage', 'DMDTimestepPreparationStage', 'RealtimeChunkLatentPreparationStage', 'LingBotWorldCausalDMDDenoisingStage', 'CausalVaeDecodingStage']
[09-20 06:58:36] [RealtimeInputValidationStage] started...
[09-20 06:58:36] [RealtimeInputValidationStage] finished in 0.0001 seconds
[09-20 06:58:36] [RealtimeTextEncodingStage] started...
[09-20 06:58:36] [RealtimeTextEncodingStage] finished in 0.0000 seconds
[09-20 06:58:36] [AuxiliaryConditionEncodingStage] started...
[09-20 06:58:36] [AuxiliaryConditionEncodingStage] finished in 0.0026 seconds
[09-20 06:58:36] [RealtimeImageVAEEncodingStage] started...
[09-20 06:58:36] [RealtimeImageVAEEncodingStage] finished in 0.0000 seconds
[09-20 06:58:36] [DMDTimestepPreparationStage] started...
[09-20 06:58:36] [DMDTimestepPreparationStage] finished in 0.0002 seconds
[09-20 06:58:36] [RealtimeChunkLatentPreparationStage] started...
[09-20 06:58:36] [RealtimeChunkLatentPreparationStage] finished in 0.0001 seconds
[09-20 06:58:36] realtime chunk timing: session_id=05b21d30e2694ddbb5f8b4bf9740b49d request_id=05b21d30e2694ddbb5f8b4bf9740b49d_90abd93c556c449fb7fbca1ffb9ed5ff chunk_idx=14 event_id=None condition_kinds=['camera_actions'] request_prepare=0.46ms scheduler_forward=2475.61ms output_pace=0.00ms header_pack=0.02ms header_write=0.03ms raw_payload_build=1.40ms raw_write=4.49ms ws_write=4.53ms chunk_total=2482.88ms batches=1 frames=12 frame_shape=(480, 832, 3) raw_bytes=14376960 ws_payload_bytes=14377291 content_type=application/x-raw-rgb
[09-20 06:58:36] [LingBotWorldCausalDMDDenoisingStage] started...
[09-20 06:58:39] [LingBotWorldCausalDMDDenoisingStage] finished in 2.1009 seconds
[09-20 06:58:39] [CausalVaeDecodingStage] started...
[09-20 06:58:39] [CausalVaeDecodingStage] finished in 0.3469 seconds
[09-20 06:58:39] realtime raw RGB frame batch timing: request_id=05b21d30e2694ddbb5f8b4bf9740b49d_73d2b8be05504d5eba97bfa6f0e9d5f7 chunk_idx=15 sample_to_frames=1.14ms frames_to_bytes=2.09ms total=3.26ms batches=1 frames=12 frame_shape=(480, 832, 3) raw_bytes=14376960 content_type=application/x-raw-rgb
[09-20 06:58:39] Pixel data generated successfully in [92m2.47[0;0m seconds
[09-20 06:58:39] Peak memory usage: 82744.00 MB
[09-20 06:58:39] Adjusting number of frames from 21 to 21 based on model
[09-20 06:58:39] Sampling params:
                       width: 832
                      height: 480
                  num_frames: 21
                         fps: 16
                      prompt: <redacted, len=62>
                  neg_prompt: None
                        seed: 42
                 infer_steps: 4
      num_outputs_per_prompt: 1
              guidance_scale: 1.0
     embedded_guidance_scale: 6.0
                    n_tokens: None
                  flow_shift: 5.0
                  image_path: inputs/uploads/05b21d30e2694ddbb5f8b4bf9740b49d_first_frame
                 save_output: False
            output_file_path: outputs/05b21d30e2694ddbb5f8b4bf9740b49d_4804142fffa64a42a2cf71e9c4732277.mp4
        
[09-20 06:58:39] Running pipeline stages: ['RealtimeInputValidationStage', 'RealtimeTextEncodingStage', 'AuxiliaryConditionEncodingStage', 'RealtimeImageVAEEncodingStage', 'DMDTimestepPreparationStage', 'RealtimeChunkLatentPreparationStage', 'LingBotWorldCausalDMDDenoisingStage', 'CausalVaeDecodingStage']
[09-20 06:58:39] [RealtimeInputValidationStage] started...
[09-20 06:58:39] [RealtimeInputValidationStage] finished in 0.0001 seconds
[09-20 06:58:39] [RealtimeTextEncodingStage] started...
[09-20 06:58:39] [RealtimeTextEncodingStage] finished in 0.0000 seconds
[09-20 06:58:39] [AuxiliaryConditionEncodingStage] started...
[09-20 06:58:39] [AuxiliaryConditionEncodingStage] finished in 0.0027 seconds
[09-20 06:58:39] [RealtimeImageVAEEncodingStage] started...
[09-20 06:58:39] [RealtimeImageVAEEncodingStage] finished in 0.0000 seconds
[09-20 06:58:39] [DMDTimestepPreparationStage] started...
[09-20 06:58:39] [DMDTimestepPreparationStage] finished in 0.0002 seconds
[09-20 06:58:39] [RealtimeChunkLatentPreparationStage] started...
[09-20 06:58:39] [RealtimeChunkLatentPreparationStage] finished in 0.0001 seconds
[09-20 06:58:39] realtime chunk timing: session_id=05b21d30e2694ddbb5f8b4bf9740b49d request_id=05b21d30e2694ddbb5f8b4bf9740b49d_73d2b8be05504d5eba97bfa6f0e9d5f7 chunk_idx=15 event_id=None condition_kinds=['camera_actions'] request_prepare=0.47ms scheduler_forward=2474.40ms output_pace=0.00ms header_pack=0.02ms header_write=0.03ms raw_payload_build=1.42ms raw_write=4.50ms ws_write=4.54ms chunk_total=2481.72ms batches=1 frames=12 frame_shape=(480, 832, 3) raw_bytes=14376960 ws_payload_bytes=14377291 content_type=application/x-raw-rgb
[09-20 06:58:39] [LingBotWorldCausalDMDDenoisingStage] started...
[09-20 06:58:41] [LingBotWorldCausalDMDDenoisingStage] finished in 2.0964 seconds
[09-20 06:58:41] [CausalVaeDecodingStage] started...
[09-20 06:58:41] [CausalVaeDecodingStage] finished in 0.3473 seconds
[09-20 06:58:41] realtime raw RGB frame batch timing: request_id=05b21d30e2694ddbb5f8b4bf9740b49d_4804142fffa64a42a2cf71e9c4732277 chunk_idx=16 sample_to_frames=1.13ms frames_to_bytes=2.16ms total=3.32ms batches=1 frames=12 frame_shape=(480, 832, 3) raw_bytes=14376960 content_type=application/x-raw-rgb
[09-20 06:58:41] Pixel data generated successfully in [92m2.47[0;0m seconds
[09-20 06:58:41] Peak memory usage: 82744.00 MB
[09-20 06:58:41] Adjusting number of frames from 21 to 21 based on model
[09-20 06:58:41] Sampling params:
                       width: 832
                      height: 480
                  num_frames: 21
                         fps: 16
                      prompt: <redacted, len=62>
                  neg_prompt: None
                        seed: 42
                 infer_steps: 4
      num_outputs_per_prompt: 1
              guidance_scale: 1.0
     embedded_guidance_scale: 6.0
                    n_tokens: None
                  flow_shift: 5.0
                  image_path: inputs/uploads/05b21d30e2694ddbb5f8b4bf9740b49d_first_frame
                 save_output: False
            output_file_path: outputs/05b21d30e2694ddbb5f8b4bf9740b49d_41eaa68be2fb48019716c3ac14ddf04f.mp4
        
[09-20 06:58:41] Running pipeline stages: ['RealtimeInputValidationStage', 'RealtimeTextEncodingStage', 'AuxiliaryConditionEncodingStage', 'RealtimeImageVAEEncodingStage', 'DMDTimestepPreparationStage', 'RealtimeChunkLatentPreparationStage', 'LingBotWorldCausalDMDDenoisingStage', 'CausalVaeDecodingStage']
[09-20 06:58:41] [RealtimeInputValidationStage] started...
[09-20 06:58:41] [RealtimeInputValidationStage] finished in 0.0001 seconds
[09-20 06:58:41] [RealtimeTextEncodingStage] started...
[09-20 06:58:41] [RealtimeTextEncodingStage] finished in 0.0000 seconds
[09-20 06:58:41] [AuxiliaryConditionEncodingStage] started...
[09-20 06:58:41] [AuxiliaryConditionEncodingStage] finished in 0.0028 seconds
[09-20 06:58:41] [RealtimeImageVAEEncodingStage] started...
[09-20 06:58:41] [RealtimeImageVAEEncodingStage] finished in 0.0000 seconds
[09-20 06:58:41] [DMDTimestepPreparationStage] started...
[09-20 06:58:41] [DMDTimestepPreparationStage] finished in 0.0002 seconds
[09-20 06:58:41] [RealtimeChunkLatentPreparationStage] started...
[09-20 06:58:41] [RealtimeChunkLatentPreparationStage] finished in 0.0001 seconds
[09-20 06:58:41] realtime chunk timing: session_id=05b21d30e2694ddbb5f8b4bf9740b49d request_id=05b21d30e2694ddbb5f8b4bf9740b49d_4804142fffa64a42a2cf71e9c4732277 chunk_idx=16 event_id=None condition_kinds=['camera_actions'] request_prepare=0.46ms scheduler_forward=2471.22ms output_pace=0.00ms header_pack=0.02ms header_write=0.04ms raw_payload_build=1.54ms raw_write=4.54ms ws_write=4.58ms chunk_total=2478.68ms batches=1 frames=12 frame_shape=(480, 832, 3) raw_bytes=14376960 ws_payload_bytes=14377291 content_type=application/x-raw-rgb
[09-20 06:58:41] [LingBotWorldCausalDMDDenoisingStage] started...
[09-20 06:58:44] [LingBotWorldCausalDMDDenoisingStage] finished in 2.1066 seconds
[09-20 06:58:44] [CausalVaeDecodingStage] started...
[09-20 06:58:44] [CausalVaeDecodingStage] finished in 0.3484 seconds
[09-20 06:58:44] realtime raw RGB frame batch timing: request_id=05b21d30e2694ddbb5f8b4bf9740b49d_41eaa68be2fb48019716c3ac14ddf04f chunk_idx=17 sample_to_frames=1.15ms frames_to_bytes=2.09ms total=3.27ms batches=1 frames=12 frame_shape=(480, 832, 3) raw_bytes=14376960 content_type=application/x-raw-rgb
[09-20 06:58:44] Pixel data generated successfully in [92m2.48[0;0m seconds
[09-20 06:58:44] Peak memory usage: 82744.00 MB
[09-20 06:58:44] Adjusting number of frames from 21 to 21 based on model
[09-20 06:58:44] Sampling params:
                       width: 832
                      height: 480
                  num_frames: 21
                         fps: 16
                      prompt: <redacted, len=62>
                  neg_prompt: None
                        seed: 42
                 infer_steps: 4
      num_outputs_per_prompt: 1
              guidance_scale: 1.0
     embedded_guidance_scale: 6.0
                    n_tokens: None
                  flow_shift: 5.0
                  image_path: inputs/uploads/05b21d30e2694ddbb5f8b4bf9740b49d_first_frame
                 save_output: False
            output_file_path: outputs/05b21d30e2694ddbb5f8b4bf9740b49d_a4022c4e0e2a450ea688f11e7d796e71.mp4
        
[09-20 06:58:44] Running pipeline stages: ['RealtimeInputValidationStage', 'RealtimeTextEncodingStage', 'AuxiliaryConditionEncodingStage', 'RealtimeImageVAEEncodingStage', 'DMDTimestepPreparationStage', 'RealtimeChunkLatentPreparationStage', 'LingBotWorldCausalDMDDenoisingStage', 'CausalVaeDecodingStage']
[09-20 06:58:44] [RealtimeInputValidationStage] started...
[09-20 06:58:44] [RealtimeInputValidationStage] finished in 0.0001 seconds
[09-20 06:58:44] [RealtimeTextEncodingStage] started...
[09-20 06:58:44] [RealtimeTextEncodingStage] finished in 0.0000 seconds
[09-20 06:58:44] [AuxiliaryConditionEncodingStage] started...
[09-20 06:58:44] [AuxiliaryConditionEncodingStage] finished in 0.0028 seconds
[09-20 06:58:44] [RealtimeImageVAEEncodingStage] started...
[09-20 06:58:44] [RealtimeImageVAEEncodingStage] finished in 0.0000 seconds
[09-20 06:58:44] [DMDTimestepPreparationStage] started...
[09-20 06:58:44] [DMDTimestepPreparationStage] finished in 0.0002 seconds
[09-20 06:58:44] [RealtimeChunkLatentPreparationStage] started...
[09-20 06:58:44] [RealtimeChunkLatentPreparationStage] finished in 0.0001 seconds
[09-20 06:58:44] realtime chunk timing: session_id=05b21d30e2694ddbb5f8b4bf9740b49d request_id=05b21d30e2694ddbb5f8b4bf9740b49d_41eaa68be2fb48019716c3ac14ddf04f chunk_idx=17 event_id=None condition_kinds=['camera_actions'] request_prepare=0.46ms scheduler_forward=2480.90ms output_pace=0.00ms header_pack=0.02ms header_write=0.03ms raw_payload_build=1.47ms raw_write=4.36ms ws_write=4.39ms chunk_total=2488.11ms batches=1 frames=12 frame_shape=(480, 832, 3) raw_bytes=14376960 ws_payload_bytes=14377291 content_type=application/x-raw-rgb
[09-20 06:58:44] [LingBotWorldCausalDMDDenoisingStage] started...
[09-20 06:58:46] [LingBotWorldCausalDMDDenoisingStage] finished in 2.1045 seconds
[09-20 06:58:46] [CausalVaeDecodingStage] started...
[09-20 06:58:46] [CausalVaeDecodingStage] finished in 0.3472 seconds
[09-20 06:58:46] realtime raw RGB frame batch timing: request_id=05b21d30e2694ddbb5f8b4bf9740b49d_a4022c4e0e2a450ea688f11e7d796e71 chunk_idx=18 sample_to_frames=1.14ms frames_to_bytes=2.09ms total=3.25ms batches=1 frames=12 frame_shape=(480, 832, 3) raw_bytes=14376960 content_type=application/x-raw-rgb
[09-20 06:58:46] Pixel data generated successfully in [92m2.48[0;0m seconds
[09-20 06:58:46] Peak memory usage: 82744.00 MB
[09-20 06:58:46] Adjusting number of frames from 21 to 21 based on model
[09-20 06:58:46] Sampling params:
                       width: 832
                      height: 480
                  num_frames: 21
                         fps: 16
                      prompt: <redacted, len=62>
                  neg_prompt: None
                        seed: 42
                 infer_steps: 4
      num_outputs_per_prompt: 1
              guidance_scale: 1.0
     embedded_guidance_scale: 6.0
                    n_tokens: None
                  flow_shift: 5.0
                  image_path: inputs/uploads/05b21d30e2694ddbb5f8b4bf9740b49d_first_frame
                 save_output: False
            output_file_path: outputs/05b21d30e2694ddbb5f8b4bf9740b49d_f156441ec9d248ae9a338719a442d6e3.mp4
        
[09-20 06:58:46] Running pipeline stages: ['RealtimeInputValidationStage', 'RealtimeTextEncodingStage', 'AuxiliaryConditionEncodingStage', 'RealtimeImageVAEEncodingStage', 'DMDTimestepPreparationStage', 'RealtimeChunkLatentPreparationStage', 'LingBotWorldCausalDMDDenoisingStage', 'CausalVaeDecodingStage']
[09-20 06:58:46] [RealtimeInputValidationStage] started...
[09-20 06:58:46] [RealtimeInputValidationStage] finished in 0.0001 seconds
[09-20 06:58:46] [RealtimeTextEncodingStage] started...
[09-20 06:58:46] [RealtimeTextEncodingStage] finished in 0.0000 seconds
[09-20 06:58:46] [AuxiliaryConditionEncodingStage] started...
[09-20 06:58:46] [AuxiliaryConditionEncodingStage] finished in 0.0029 seconds
[09-20 06:58:46] [RealtimeImageVAEEncodingStage] started...
[09-20 06:58:46] [RealtimeImageVAEEncodingStage] finished in 0.0000 seconds
[09-20 06:58:46] [DMDTimestepPreparationStage] started...
[09-20 06:58:46] realtime chunk timing: session_id=05b21d30e2694ddbb5f8b4bf9740b49d request_id=05b21d30e2694ddbb5f8b4bf9740b49d_a4022c4e0e2a450ea688f11e7d796e71 chunk_idx=18 event_id=None condition_kinds=['camera_actions'] request_prepare=0.46ms scheduler_forward=2479.80ms output_pace=0.00ms header_pack=0.01ms header_write=0.03ms raw_payload_build=1.39ms raw_write=4.66ms ws_write=4.69ms chunk_total=2487.28ms batches=1 frames=12 frame_shape=(480, 832, 3) raw_bytes=14376960 ws_payload_bytes=14377291 content_type=application/x-raw-rgb
[09-20 06:58:46] [DMDTimestepPreparationStage] finished in 0.0002 seconds
[09-20 06:58:46] [RealtimeChunkLatentPreparationStage] started...
[09-20 06:58:46] [RealtimeChunkLatentPreparationStage] finished in 0.0001 seconds
[09-20 06:58:46] [LingBotWorldCausalDMDDenoisingStage] started...
[09-20 06:58:48] [LingBotWorldCausalDMDDenoisingStage] finished in 2.1070 seconds
[09-20 06:58:48] [CausalVaeDecodingStage] started...
[09-20 06:58:49] [CausalVaeDecodingStage] finished in 0.3481 seconds
[09-20 06:58:49] realtime raw RGB frame batch timing: request_id=05b21d30e2694ddbb5f8b4bf9740b49d_f156441ec9d248ae9a338719a442d6e3 chunk_idx=19 sample_to_frames=1.13ms frames_to_bytes=2.11ms total=3.27ms batches=1 frames=12 frame_shape=(480, 832, 3) raw_bytes=14376960 content_type=application/x-raw-rgb
[09-20 06:58:49] Pixel data generated successfully in [92m2.48[0;0m seconds
[09-20 06:58:49] Peak memory usage: 82744.00 MB
[09-20 06:58:49] Adjusting number of frames from 21 to 21 based on model
[09-20 06:58:49] Sampling params:
                       width: 832
                      height: 480
                  num_frames: 21
                         fps: 16
                      prompt: <redacted, len=62>
                  neg_prompt: None
                        seed: 42
                 infer_steps: 4
      num_outputs_per_prompt: 1
              guidance_scale: 1.0
     embedded_guidance_scale: 6.0
                    n_tokens: None
                  flow_shift: 5.0
                  image_path: inputs/uploads/05b21d30e2694ddbb5f8b4bf9740b49d_first_frame
                 save_output: False
            output_file_path: outputs/05b21d30e2694ddbb5f8b4bf9740b49d_31f80df7f92a4787a4665c5ece74827c.mp4
        
[09-20 06:58:49] Running pipeline stages: ['RealtimeInputValidationStage', 'RealtimeTextEncodingStage', 'AuxiliaryConditionEncodingStage', 'RealtimeImageVAEEncodingStage', 'DMDTimestepPreparationStage', 'RealtimeChunkLatentPreparationStage', 'LingBotWorldCausalDMDDenoisingStage', 'CausalVaeDecodingStage']
[09-20 06:58:49] [RealtimeInputValidationStage] started...
[09-20 06:58:49] [RealtimeInputValidationStage] finished in 0.0001 seconds
[09-20 06:58:49] [RealtimeTextEncodingStage] started...
[09-20 06:58:49] [RealtimeTextEncodingStage] finished in 0.0000 seconds
[09-20 06:58:49] [AuxiliaryConditionEncodingStage] started...
[09-20 06:58:49] [AuxiliaryConditionEncodingStage] finished in 0.0029 seconds
[09-20 06:58:49] [RealtimeImageVAEEncodingStage] started...
[09-20 06:58:49] [RealtimeImageVAEEncodingStage] finished in 0.0000 seconds
[09-20 06:58:49] [DMDTimestepPreparationStage] started...
[09-20 06:58:49] [DMDTimestepPreparationStage] finished in 0.0002 seconds
[09-20 06:58:49] [RealtimeChunkLatentPreparationStage] started...
[09-20 06:58:49] [RealtimeChunkLatentPreparationStage] finished in 0.0001 seconds
[09-20 06:58:49] realtime chunk timing: session_id=05b21d30e2694ddbb5f8b4bf9740b49d request_id=05b21d30e2694ddbb5f8b4bf9740b49d_f156441ec9d248ae9a338719a442d6e3 chunk_idx=19 event_id=None condition_kinds=['camera_actions'] request_prepare=0.50ms scheduler_forward=2479.42ms output_pace=0.00ms header_pack=0.02ms header_write=0.04ms raw_payload_build=1.44ms raw_write=4.46ms ws_write=4.49ms chunk_total=2486.76ms batches=1 frames=12 frame_shape=(480, 832, 3) raw_bytes=14376960 ws_payload_bytes=14377291 content_type=application/x-raw-rgb
[09-20 06:58:49] [LingBotWorldCausalDMDDenoisingStage] started...
[09-20 06:58:51] [LingBotWorldCausalDMDDenoisingStage] finished in 2.1011 seconds
[09-20 06:58:51] [CausalVaeDecodingStage] started...
[09-20 06:58:51] [CausalVaeDecodingStage] finished in 0.3469 seconds
[09-20 06:58:51] realtime raw RGB frame batch timing: request_id=05b21d30e2694ddbb5f8b4bf9740b49d_31f80df7f92a4787a4665c5ece74827c chunk_idx=20 sample_to_frames=1.15ms frames_to_bytes=2.18ms total=3.35ms batches=1 frames=12 frame_shape=(480, 832, 3) raw_bytes=14376960 content_type=application/x-raw-rgb
[09-20 06:58:51] Pixel data generated successfully in [92m2.47[0;0m seconds
[09-20 06:58:51] Peak memory usage: 82744.00 MB
[09-20 06:58:51] Adjusting number of frames from 21 to 21 based on model
[09-20 06:58:51] Sampling params:
                       width: 832
                      height: 480
                  num_frames: 21
                         fps: 16
                      prompt: <redacted, len=62>
                  neg_prompt: None
                        seed: 42
                 infer_steps: 4
      num_outputs_per_prompt: 1
              guidance_scale: 1.0
     embedded_guidance_scale: 6.0
                    n_tokens: None
                  flow_shift: 5.0
                  image_path: inputs/uploads/05b21d30e2694ddbb5f8b4bf9740b49d_first_frame
                 save_output: False
            output_file_path: outputs/05b21d30e2694ddbb5f8b4bf9740b49d_9e380c7a0637448ea484fba03fd97e58.mp4
        
[09-20 06:58:51] Running pipeline stages: ['RealtimeInputValidationStage', 'RealtimeTextEncodingStage', 'AuxiliaryConditionEncodingStage', 'RealtimeImageVAEEncodingStage', 'DMDTimestepPreparationStage', 'RealtimeChunkLatentPreparationStage', 'LingBotWorldCausalDMDDenoisingStage', 'CausalVaeDecodingStage']
[09-20 06:58:51] [RealtimeInputValidationStage] started...
[09-20 06:58:51] [RealtimeInputValidationStage] finished in 0.0001 seconds
[09-20 06:58:51] [RealtimeTextEncodingStage] started...
[09-20 06:58:51] [RealtimeTextEncodingStage] finished in 0.0000 seconds
[09-20 06:58:51] [AuxiliaryConditionEncodingStage] started...
[09-20 06:58:51] [AuxiliaryConditionEncodingStage] finished in 0.0030 seconds
[09-20 06:58:51] [RealtimeImageVAEEncodingStage] started...
[09-20 06:58:51] [RealtimeImageVAEEncodingStage] finished in 0.0000 seconds
[09-20 06:58:51] [DMDTimestepPreparationStage] started...
[09-20 06:58:51] [DMDTimestepPreparationStage] finished in 0.0002 seconds
[09-20 06:58:51] realtime chunk timing: session_id=05b21d30e2694ddbb5f8b4bf9740b49d request_id=05b21d30e2694ddbb5f8b4bf9740b49d_31f80df7f92a4787a4665c5ece74827c chunk_idx=20 event_id=None condition_kinds=['camera_actions'] request_prepare=0.47ms scheduler_forward=2473.44ms output_pace=0.00ms header_pack=0.02ms header_write=0.04ms raw_payload_build=1.42ms raw_write=4.34ms ws_write=4.37ms chunk_total=2480.58ms batches=1 frames=12 frame_shape=(480, 832, 3) raw_bytes=14376960 ws_payload_bytes=14377291 content_type=application/x-raw-rgb
[09-20 06:58:51] [RealtimeChunkLatentPreparationStage] started...
[09-20 06:58:51] [RealtimeChunkLatentPreparationStage] finished in 0.0001 seconds
[09-20 06:58:51] [LingBotWorldCausalDMDDenoisingStage] started...
[09-20 06:58:53] [LingBotWorldCausalDMDDenoisingStage] finished in 2.1022 seconds
[09-20 06:58:53] [CausalVaeDecodingStage] started...
[09-20 06:58:54] [CausalVaeDecodingStage] finished in 0.3473 seconds
[09-20 06:58:54] realtime raw RGB frame batch timing: request_id=05b21d30e2694ddbb5f8b4bf9740b49d_9e380c7a0637448ea484fba03fd97e58 chunk_idx=21 sample_to_frames=1.13ms frames_to_bytes=2.11ms total=3.27ms batches=1 frames=12 frame_shape=(480, 832, 3) raw_bytes=14376960 content_type=application/x-raw-rgb
[09-20 06:58:54] Pixel data generated successfully in [92m2.47[0;0m seconds
[09-20 06:58:54] Peak memory usage: 82744.00 MB
[09-20 06:58:54] Adjusting number of frames from 21 to 21 based on model
[09-20 06:58:54] Sampling params:
                       width: 832
                      height: 480
                  num_frames: 21
                         fps: 16
                      prompt: <redacted, len=62>
                  neg_prompt: None
                        seed: 42
                 infer_steps: 4
      num_outputs_per_prompt: 1
              guidance_scale: 1.0
     embedded_guidance_scale: 6.0
                    n_tokens: None
                  flow_shift: 5.0
                  image_path: inputs/uploads/05b21d30e2694ddbb5f8b4bf9740b49d_first_frame
                 save_output: False
            output_file_path: outputs/05b21d30e2694ddbb5f8b4bf9740b49d_9436e68f8f574848a2d7333429f5493a.mp4
        
[09-20 06:58:54] Running pipeline stages: ['RealtimeInputValidationStage', 'RealtimeTextEncodingStage', 'AuxiliaryConditionEncodingStage', 'RealtimeImageVAEEncodingStage', 'DMDTimestepPreparationStage', 'RealtimeChunkLatentPreparationStage', 'LingBotWorldCausalDMDDenoisingStage', 'CausalVaeDecodingStage']
[09-20 06:58:54] [RealtimeInputValidationStage] started...
[09-20 06:58:54] [RealtimeInputValidationStage] finished in 0.0001 seconds
[09-20 06:58:54] [RealtimeTextEncodingStage] started...
[09-20 06:58:54] [RealtimeTextEncodingStage] finished in 0.0000 seconds
[09-20 06:58:54] [AuxiliaryConditionEncodingStage] started...
[09-20 06:58:54] [AuxiliaryConditionEncodingStage] finished in 0.0030 seconds
[09-20 06:58:54] [RealtimeImageVAEEncodingStage] started...
[09-20 06:58:54] [RealtimeImageVAEEncodingStage] finished in 0.0000 seconds
[09-20 06:58:54] [DMDTimestepPreparationStage] started...
[09-20 06:58:54] [DMDTimestepPreparationStage] finished in 0.0002 seconds
[09-20 06:58:54] [RealtimeChunkLatentPreparationStage] started...
[09-20 06:58:54] realtime chunk timing: session_id=05b21d30e2694ddbb5f8b4bf9740b49d request_id=05b21d30e2694ddbb5f8b4bf9740b49d_9e380c7a0637448ea484fba03fd97e58 chunk_idx=21 event_id=None condition_kinds=['camera_actions'] request_prepare=0.46ms scheduler_forward=2473.20ms output_pace=0.00ms header_pack=0.01ms header_write=0.03ms raw_payload_build=1.44ms raw_write=4.41ms ws_write=4.44ms chunk_total=2480.44ms batches=1 frames=12 frame_shape=(480, 832, 3) raw_bytes=14376960 ws_payload_bytes=14377291 content_type=application/x-raw-rgb
[09-20 06:58:54] [RealtimeChunkLatentPreparationStage] finished in 0.0001 seconds
[09-20 06:58:54] [LingBotWorldCausalDMDDenoisingStage] started...
[09-20 06:58:56] [LingBotWorldCausalDMDDenoisingStage] finished in 2.1092 seconds
[09-20 06:58:56] [CausalVaeDecodingStage] started...
[09-20 06:58:56] [CausalVaeDecodingStage] finished in 0.3486 seconds
[09-20 06:58:56] realtime raw RGB frame batch timing: request_id=05b21d30e2694ddbb5f8b4bf9740b49d_9436e68f8f574848a2d7333429f5493a chunk_idx=22 sample_to_frames=1.15ms frames_to_bytes=2.08ms total=3.26ms batches=1 frames=12 frame_shape=(480, 832, 3) raw_bytes=14376960 content_type=application/x-raw-rgb
[09-20 06:58:56] Pixel data generated successfully in [92m2.48[0;0m seconds
[09-20 06:58:56] Peak memory usage: 82744.00 MB
[09-20 06:58:56] Adjusting number of frames from 21 to 21 based on model
[09-20 06:58:56] Sampling params:
                       width: 832
                      height: 480
                  num_frames: 21
                         fps: 16
                      prompt: <redacted, len=62>
                  neg_prompt: None
                        seed: 42
                 infer_steps: 4
      num_outputs_per_prompt: 1
              guidance_scale: 1.0
     embedded_guidance_scale: 6.0
                    n_tokens: None
                  flow_shift: 5.0
                  image_path: inputs/uploads/05b21d30e2694ddbb5f8b4bf9740b49d_first_frame
                 save_output: False
            output_file_path: outputs/05b21d30e2694ddbb5f8b4bf9740b49d_0ba500c39d3248ef8662d7b5f0dcff35.mp4
        
[09-20 06:58:56] Running pipeline stages: ['RealtimeInputValidationStage', 'RealtimeTextEncodingStage', 'AuxiliaryConditionEncodingStage', 'RealtimeImageVAEEncodingStage', 'DMDTimestepPreparationStage', 'RealtimeChunkLatentPreparationStage', 'LingBotWorldCausalDMDDenoisingStage', 'CausalVaeDecodingStage']
[09-20 06:58:56] [RealtimeInputValidationStage] started...
[09-20 06:58:56] [RealtimeInputValidationStage] finished in 0.0001 seconds
[09-20 06:58:56] [RealtimeTextEncodingStage] started...
[09-20 06:58:56] [RealtimeTextEncodingStage] finished in 0.0000 seconds
[09-20 06:58:56] [AuxiliaryConditionEncodingStage] started...
[09-20 06:58:56] [AuxiliaryConditionEncodingStage] finished in 0.0031 seconds
[09-20 06:58:56] [RealtimeImageVAEEncodingStage] started...
[09-20 06:58:56] [RealtimeImageVAEEncodingStage] finished in 0.0000 seconds
[09-20 06:58:56] [DMDTimestepPreparationStage] started...
[09-20 06:58:56] [DMDTimestepPreparationStage] finished in 0.0002 seconds
[09-20 06:58:56] realtime chunk timing: session_id=05b21d30e2694ddbb5f8b4bf9740b49d request_id=05b21d30e2694ddbb5f8b4bf9740b49d_9436e68f8f574848a2d7333429f5493a chunk_idx=22 event_id=None condition_kinds=['camera_actions'] request_prepare=0.46ms scheduler_forward=2482.58ms output_pace=0.00ms header_pack=0.02ms header_write=0.03ms raw_payload_build=1.45ms raw_write=4.31ms ws_write=4.34ms chunk_total=2489.71ms batches=1 frames=12 frame_shape=(480, 832, 3) raw_bytes=14376960 ws_payload_bytes=14377291 content_type=application/x-raw-rgb
[09-20 06:58:56] [RealtimeChunkLatentPreparationStage] started...
[09-20 06:58:56] [RealtimeChunkLatentPreparationStage] finished in 0.0001 seconds
[09-20 06:58:56] [LingBotWorldCausalDMDDenoisingStage] started...
[09-20 06:58:58] [LingBotWorldCausalDMDDenoisingStage] finished in 2.1058 seconds
[09-20 06:58:58] [CausalVaeDecodingStage] started...
[09-20 06:58:59] [CausalVaeDecodingStage] finished in 0.3472 seconds
[09-20 06:58:59] realtime raw RGB frame batch timing: request_id=05b21d30e2694ddbb5f8b4bf9740b49d_0ba500c39d3248ef8662d7b5f0dcff35 chunk_idx=23 sample_to_frames=1.14ms frames_to_bytes=2.15ms total=3.32ms batches=1 frames=12 frame_shape=(480, 832, 3) raw_bytes=14376960 content_type=application/x-raw-rgb
[09-20 06:58:59] Pixel data generated successfully in [92m2.48[0;0m seconds
[09-20 06:58:59] Peak memory usage: 82744.00 MB
[09-20 06:58:59] Adjusting number of frames from 21 to 21 based on model
[09-20 06:58:59] Sampling params:
                       width: 832
                      height: 480
                  num_frames: 21
                         fps: 16
                      prompt: <redacted, len=62>
                  neg_prompt: None
                        seed: 42
                 infer_steps: 4
      num_outputs_per_prompt: 1
              guidance_scale: 1.0
     embedded_guidance_scale: 6.0
                    n_tokens: None
                  flow_shift: 5.0
                  image_path: inputs/uploads/05b21d30e2694ddbb5f8b4bf9740b49d_first_frame
                 save_output: False
            output_file_path: outputs/05b21d30e2694ddbb5f8b4bf9740b49d_01e18c915408452baffdc0082ebbf1c7.mp4
        
[09-20 06:58:59] Running pipeline stages: ['RealtimeInputValidationStage', 'RealtimeTextEncodingStage', 'AuxiliaryConditionEncodingStage', 'RealtimeImageVAEEncodingStage', 'DMDTimestepPreparationStage', 'RealtimeChunkLatentPreparationStage', 'LingBotWorldCausalDMDDenoisingStage', 'CausalVaeDecodingStage']
[09-20 06:58:59] [RealtimeInputValidationStage] started...
[09-20 06:58:59] [RealtimeInputValidationStage] finished in 0.0001 seconds
[09-20 06:58:59] [RealtimeTextEncodingStage] started...
[09-20 06:58:59] [RealtimeTextEncodingStage] finished in 0.0000 seconds
[09-20 06:58:59] [AuxiliaryConditionEncodingStage] started...
[09-20 06:58:59] [AuxiliaryConditionEncodingStage] finished in 0.0032 seconds
[09-20 06:58:59] realtime chunk timing: session_id=05b21d30e2694ddbb5f8b4bf9740b49d request_id=05b21d30e2694ddbb5f8b4bf9740b49d_0ba500c39d3248ef8662d7b5f0dcff35 chunk_idx=23 event_id=None condition_kinds=['camera_actions'] request_prepare=0.46ms scheduler_forward=2476.93ms output_pace=0.00ms header_pack=0.02ms header_write=0.03ms raw_payload_build=1.44ms raw_write=4.43ms ws_write=4.47ms chunk_total=2484.24ms batches=1 frames=12 frame_shape=(480, 832, 3) raw_bytes=14376960 ws_payload_bytes=14377291 content_type=application/x-raw-rgb
[09-20 06:58:59] [RealtimeImageVAEEncodingStage] started...
[09-20 06:58:59] [RealtimeImageVAEEncodingStage] finished in 0.0000 seconds
[09-20 06:58:59] [DMDTimestepPreparationStage] started...
[09-20 06:58:59] [DMDTimestepPreparationStage] finished in 0.0002 seconds
[09-20 06:58:59] [RealtimeChunkLatentPreparationStage] started...
[09-20 06:58:59] [RealtimeChunkLatentPreparationStage] finished in 0.0001 seconds
[09-20 06:58:59] [LingBotWorldCausalDMDDenoisingStage] started...
[09-20 06:59:01] [LingBotWorldCausalDMDDenoisingStage] finished in 2.1027 seconds
[09-20 06:59:01] [CausalVaeDecodingStage] started...
[09-20 06:59:01] [CausalVaeDecodingStage] finished in 0.3479 seconds
[09-20 06:59:01] realtime raw RGB frame batch timing: request_id=05b21d30e2694ddbb5f8b4bf9740b49d_01e18c915408452baffdc0082ebbf1c7 chunk_idx=24 sample_to_frames=1.14ms frames_to_bytes=2.16ms total=3.33ms batches=1 frames=12 frame_shape=(480, 832, 3) raw_bytes=14376960 content_type=application/x-raw-rgb
[09-20 06:59:01] Pixel data generated successfully in [92m2.48[0;0m seconds
[09-20 06:59:01] Peak memory usage: 82744.00 MB
[09-20 06:59:01] Adjusting number of frames from 21 to 21 based on model
[09-20 06:59:01] Sampling params:
                       width: 832
                      height: 480
                  num_frames: 21
                         fps: 16
                      prompt: <redacted, len=62>
                  neg_prompt: None
                        seed: 42
                 infer_steps: 4
      num_outputs_per_prompt: 1
              guidance_scale: 1.0
     embedded_guidance_scale: 6.0
                    n_tokens: None
                  flow_shift: 5.0
                  image_path: inputs/uploads/05b21d30e2694ddbb5f8b4bf9740b49d_first_frame
                 save_output: False
            output_file_path: outputs/05b21d30e2694ddbb5f8b4bf9740b49d_d9b124db7d6145c59f0922056eddeb50.mp4
        
[09-20 06:59:01] Running pipeline stages: ['RealtimeInputValidationStage', 'RealtimeTextEncodingStage', 'AuxiliaryConditionEncodingStage', 'RealtimeImageVAEEncodingStage', 'DMDTimestepPreparationStage', 'RealtimeChunkLatentPreparationStage', 'LingBotWorldCausalDMDDenoisingStage', 'CausalVaeDecodingStage']
[09-20 06:59:01] [RealtimeInputValidationStage] started...
[09-20 06:59:01] [RealtimeInputValidationStage] finished in 0.0001 seconds
[09-20 06:59:01] [RealtimeTextEncodingStage] started...
[09-20 06:59:01] [RealtimeTextEncodingStage] finished in 0.0000 seconds
[09-20 06:59:01] [AuxiliaryConditionEncodingStage] started...
[09-20 06:59:01] [AuxiliaryConditionEncodingStage] finished in 0.0032 seconds
[09-20 06:59:01] [RealtimeImageVAEEncodingStage] started...
[09-20 06:59:01] [RealtimeImageVAEEncodingStage] finished in 0.0000 seconds
[09-20 06:59:01] [DMDTimestepPreparationStage] started...
[09-20 06:59:01] [DMDTimestepPreparationStage] finished in 0.0002 seconds
[09-20 06:59:01] realtime chunk timing: session_id=05b21d30e2694ddbb5f8b4bf9740b49d request_id=05b21d30e2694ddbb5f8b4bf9740b49d_01e18c915408452baffdc0082ebbf1c7 chunk_idx=24 event_id=None condition_kinds=['camera_actions'] request_prepare=0.48ms scheduler_forward=2475.22ms output_pace=0.00ms header_pack=0.02ms header_write=0.03ms raw_payload_build=1.46ms raw_write=4.30ms ws_write=4.34ms chunk_total=2482.38ms batches=1 frames=12 frame_shape=(480, 832, 3) raw_bytes=14376960 ws_payload_bytes=14377291 content_type=application/x-raw-rgb
[09-20 06:59:01] [RealtimeChunkLatentPreparationStage] started...
[09-20 06:59:01] [RealtimeChunkLatentPreparationStage] finished in 0.0001 seconds
[09-20 06:59:01] [LingBotWorldCausalDMDDenoisingStage] started...
[09-20 06:59:03] [LingBotWorldCausalDMDDenoisingStage] finished in 2.1024 seconds
[09-20 06:59:03] [CausalVaeDecodingStage] started...
[09-20 06:59:04] [CausalVaeDecodingStage] finished in 0.3478 seconds
[09-20 06:59:04] realtime raw RGB frame batch timing: request_id=05b21d30e2694ddbb5f8b4bf9740b49d_d9b124db7d6145c59f0922056eddeb50 chunk_idx=25 sample_to_frames=1.13ms frames_to_bytes=2.15ms total=3.31ms batches=1 frames=12 frame_shape=(480, 832, 3) raw_bytes=14376960 content_type=application/x-raw-rgb
[09-20 06:59:04] Pixel data generated successfully in [92m2.47[0;0m seconds
[09-20 06:59:04] Peak memory usage: 82744.00 MB
[09-20 06:59:04] Adjusting number of frames from 21 to 21 based on model
[09-20 06:59:04] Sampling params:
                       width: 832
                      height: 480
                  num_frames: 21
                         fps: 16
                      prompt: <redacted, len=62>
                  neg_prompt: None
                        seed: 42
                 infer_steps: 4
      num_outputs_per_prompt: 1
              guidance_scale: 1.0
     embedded_guidance_scale: 6.0
                    n_tokens: None
                  flow_shift: 5.0
                  image_path: inputs/uploads/05b21d30e2694ddbb5f8b4bf9740b49d_first_frame
                 save_output: False
            output_file_path: outputs/05b21d30e2694ddbb5f8b4bf9740b49d_5a78bca29dd34ce48d88f2f11ea6be71.mp4
        
[09-20 06:59:04] Running pipeline stages: ['RealtimeInputValidationStage', 'RealtimeTextEncodingStage', 'AuxiliaryConditionEncodingStage', 'RealtimeImageVAEEncodingStage', 'DMDTimestepPreparationStage', 'RealtimeChunkLatentPreparationStage', 'LingBotWorldCausalDMDDenoisingStage', 'CausalVaeDecodingStage']
[09-20 06:59:04] [RealtimeInputValidationStage] started...
[09-20 06:59:04] [RealtimeInputValidationStage] finished in 0.0001 seconds
[09-20 06:59:04] [RealtimeTextEncodingStage] started...
[09-20 06:59:04] [RealtimeTextEncodingStage] finished in 0.0000 seconds
[09-20 06:59:04] [AuxiliaryConditionEncodingStage] started...
[09-20 06:59:04] [AuxiliaryConditionEncodingStage] finished in 0.0032 seconds
[09-20 06:59:04] [RealtimeImageVAEEncodingStage] started...
[09-20 06:59:04] [RealtimeImageVAEEncodingStage] finished in 0.0000 seconds
[09-20 06:59:04] [DMDTimestepPreparationStage] started...
[09-20 06:59:04] [DMDTimestepPreparationStage] finished in 0.0002 seconds
[09-20 06:59:04] realtime chunk timing: session_id=05b21d30e2694ddbb5f8b4bf9740b49d request_id=05b21d30e2694ddbb5f8b4bf9740b49d_d9b124db7d6145c59f0922056eddeb50 chunk_idx=25 event_id=None condition_kinds=['camera_actions'] request_prepare=0.45ms scheduler_forward=2474.80ms output_pace=0.00ms header_pack=0.02ms header_write=0.04ms raw_payload_build=1.44ms raw_write=4.43ms ws_write=4.47ms chunk_total=2482.06ms batches=1 frames=12 frame_shape=(480, 832, 3) raw_bytes=14376960 ws_payload_bytes=14377291 content_type=application/x-raw-rgb
[09-20 06:59:04] [RealtimeChunkLatentPreparationStage] started...
[09-20 06:59:04] [RealtimeChunkLatentPreparationStage] finished in 0.0001 seconds
[09-20 06:59:04] [LingBotWorldCausalDMDDenoisingStage] started...
[09-20 06:59:06] [LingBotWorldCausalDMDDenoisingStage] finished in 2.1064 seconds
[09-20 06:59:06] [CausalVaeDecodingStage] started...
[09-20 06:59:06] [CausalVaeDecodingStage] finished in 0.3478 seconds
[09-20 06:59:06] realtime raw RGB frame batch timing: request_id=05b21d30e2694ddbb5f8b4bf9740b49d_5a78bca29dd34ce48d88f2f11ea6be71 chunk_idx=26 sample_to_frames=1.14ms frames_to_bytes=2.11ms total=3.27ms batches=1 frames=12 frame_shape=(480, 832, 3) raw_bytes=14376960 content_type=application/x-raw-rgb
[09-20 06:59:06] Pixel data generated successfully in [92m2.48[0;0m seconds
[09-20 06:59:06] Peak memory usage: 82744.00 MB
[09-20 06:59:06] Adjusting number of frames from 21 to 21 based on model
[09-20 06:59:06] Sampling params:
                       width: 832
                      height: 480
                  num_frames: 21
                         fps: 16
                      prompt: <redacted, len=62>
                  neg_prompt: None
                        seed: 42
                 infer_steps: 4
      num_outputs_per_prompt: 1
              guidance_scale: 1.0
     embedded_guidance_scale: 6.0
                    n_tokens: None
                  flow_shift: 5.0
                  image_path: inputs/uploads/05b21d30e2694ddbb5f8b4bf9740b49d_first_frame
                 save_output: False
            output_file_path: outputs/05b21d30e2694ddbb5f8b4bf9740b49d_62ce39987fc44d7f8fcd13bfbd53107a.mp4
        
[09-20 06:59:06] Running pipeline stages: ['RealtimeInputValidationStage', 'RealtimeTextEncodingStage', 'AuxiliaryConditionEncodingStage', 'RealtimeImageVAEEncodingStage', 'DMDTimestepPreparationStage', 'RealtimeChunkLatentPreparationStage', 'LingBotWorldCausalDMDDenoisingStage', 'CausalVaeDecodingStage']
[09-20 06:59:06] [RealtimeInputValidationStage] started...
[09-20 06:59:06] [RealtimeInputValidationStage] finished in 0.0001 seconds
[09-20 06:59:06] [RealtimeTextEncodingStage] started...
[09-20 06:59:06] [RealtimeTextEncodingStage] finished in 0.0000 seconds
[09-20 06:59:06] [AuxiliaryConditionEncodingStage] started...
[09-20 06:59:06] [AuxiliaryConditionEncodingStage] finished in 0.0033 seconds
[09-20 06:59:06] [RealtimeImageVAEEncodingStage] started...
[09-20 06:59:06] [RealtimeImageVAEEncodingStage] finished in 0.0000 seconds
[09-20 06:59:06] [DMDTimestepPreparationStage] started...
[09-20 06:59:06] [DMDTimestepPreparationStage] finished in 0.0002 seconds
[09-20 06:59:06] realtime chunk timing: session_id=05b21d30e2694ddbb5f8b4bf9740b49d request_id=05b21d30e2694ddbb5f8b4bf9740b49d_5a78bca29dd34ce48d88f2f11ea6be71 chunk_idx=26 event_id=None condition_kinds=['camera_actions'] request_prepare=0.48ms scheduler_forward=2478.13ms output_pace=0.00ms header_pack=0.02ms header_write=0.03ms raw_payload_build=1.48ms raw_write=4.42ms ws_write=4.45ms chunk_total=2485.42ms batches=1 frames=12 frame_shape=(480, 832, 3) raw_bytes=14376960 ws_payload_bytes=14377291 content_type=application/x-raw-rgb
[09-20 06:59:06] [RealtimeChunkLatentPreparationStage] started...
[09-20 06:59:06] [RealtimeChunkLatentPreparationStage] finished in 0.0001 seconds
[09-20 06:59:06] [LingBotWorldCausalDMDDenoisingStage] started...
[09-20 06:59:08] [LingBotWorldCausalDMDDenoisingStage] finished in 2.1043 seconds
[09-20 06:59:08] [CausalVaeDecodingStage] started...
[09-20 06:59:09] [CausalVaeDecodingStage] finished in 0.3481 seconds
[09-20 06:59:09] realtime raw RGB frame batch timing: request_id=05b21d30e2694ddbb5f8b4bf9740b49d_62ce39987fc44d7f8fcd13bfbd53107a chunk_idx=27 sample_to_frames=1.14ms frames_to_bytes=2.09ms total=3.25ms batches=1 frames=12 frame_shape=(480, 832, 3) raw_bytes=14376960 content_type=application/x-raw-rgb
[09-20 06:59:09] Pixel data generated successfully in [92m2.48[0;0m seconds
[09-20 06:59:09] Peak memory usage: 82744.00 MB
[09-20 06:59:09] Adjusting number of frames from 21 to 21 based on model
[09-20 06:59:09] Sampling params:
                       width: 832
                      height: 480
                  num_frames: 21
                         fps: 16
                      prompt: <redacted, len=62>
                  neg_prompt: None
                        seed: 42
                 infer_steps: 4
      num_outputs_per_prompt: 1
              guidance_scale: 1.0
     embedded_guidance_scale: 6.0
                    n_tokens: None
                  flow_shift: 5.0
                  image_path: inputs/uploads/05b21d30e2694ddbb5f8b4bf9740b49d_first_frame
                 save_output: False
            output_file_path: outputs/05b21d30e2694ddbb5f8b4bf9740b49d_3255e5e76ecf4190858f2dda109dbd89.mp4
        
[09-20 06:59:09] Running pipeline stages: ['RealtimeInputValidationStage', 'RealtimeTextEncodingStage', 'AuxiliaryConditionEncodingStage', 'RealtimeImageVAEEncodingStage', 'DMDTimestepPreparationStage', 'RealtimeChunkLatentPreparationStage', 'LingBotWorldCausalDMDDenoisingStage', 'CausalVaeDecodingStage']
[09-20 06:59:09] [RealtimeInputValidationStage] started...
[09-20 06:59:09] [RealtimeInputValidationStage] finished in 0.0001 seconds
[09-20 06:59:09] [RealtimeTextEncodingStage] started...
[09-20 06:59:09] [RealtimeTextEncodingStage] finished in 0.0000 seconds
[09-20 06:59:09] [AuxiliaryConditionEncodingStage] started...
[09-20 06:59:09] [AuxiliaryConditionEncodingStage] finished in 0.0034 seconds
[09-20 06:59:09] [RealtimeImageVAEEncodingStage] started...
[09-20 06:59:09] [RealtimeImageVAEEncodingStage] finished in 0.0000 seconds
[09-20 06:59:09] [DMDTimestepPreparationStage] started...
[09-20 06:59:09] [DMDTimestepPreparationStage] finished in 0.0002 seconds
[09-20 06:59:09] realtime chunk timing: session_id=05b21d30e2694ddbb5f8b4bf9740b49d request_id=05b21d30e2694ddbb5f8b4bf9740b49d_62ce39987fc44d7f8fcd13bfbd53107a chunk_idx=27 event_id=None condition_kinds=['camera_actions'] request_prepare=0.45ms scheduler_forward=2477.01ms output_pace=0.00ms header_pack=0.02ms header_write=0.03ms raw_payload_build=1.45ms raw_write=4.61ms ws_write=4.64ms chunk_total=2484.46ms batches=1 frames=12 frame_shape=(480, 832, 3) raw_bytes=14376960 ws_payload_bytes=14377291 content_type=application/x-raw-rgb
[09-20 06:59:09] [RealtimeChunkLatentPreparationStage] started...
[09-20 06:59:09] [RealtimeChunkLatentPreparationStage] finished in 0.0001 seconds
[09-20 06:59:09] [LingBotWorldCausalDMDDenoisingStage] started...
[09-20 06:59:11] [LingBotWorldCausalDMDDenoisingStage] finished in 2.1037 seconds
[09-20 06:59:11] [CausalVaeDecodingStage] started...
[09-20 06:59:11] [CausalVaeDecodingStage] finished in 0.3472 seconds
[09-20 06:59:11] realtime raw RGB frame batch timing: request_id=05b21d30e2694ddbb5f8b4bf9740b49d_3255e5e76ecf4190858f2dda109dbd89 chunk_idx=28 sample_to_frames=1.13ms frames_to_bytes=2.13ms total=3.29ms batches=1 frames=12 frame_shape=(480, 832, 3) raw_bytes=14376960 content_type=application/x-raw-rgb
[09-20 06:59:11] Pixel data generated successfully in [92m2.47[0;0m seconds
[09-20 06:59:11] Peak memory usage: 82744.00 MB
[09-20 06:59:11] Adjusting number of frames from 21 to 21 based on model
[09-20 06:59:11] Sampling params:
                       width: 832
                      height: 480
                  num_frames: 21
                         fps: 16
                      prompt: <redacted, len=62>
                  neg_prompt: None
                        seed: 42
                 infer_steps: 4
      num_outputs_per_prompt: 1
              guidance_scale: 1.0
     embedded_guidance_scale: 6.0
                    n_tokens: None
                  flow_shift: 5.0
                  image_path: inputs/uploads/05b21d30e2694ddbb5f8b4bf9740b49d_first_frame
                 save_output: False
            output_file_path: outputs/05b21d30e2694ddbb5f8b4bf9740b49d_aba9916305dd4d649267f4c6d7d91fa4.mp4
        
[09-20 06:59:11] Running pipeline stages: ['RealtimeInputValidationStage', 'RealtimeTextEncodingStage', 'AuxiliaryConditionEncodingStage', 'RealtimeImageVAEEncodingStage', 'DMDTimestepPreparationStage', 'RealtimeChunkLatentPreparationStage', 'LingBotWorldCausalDMDDenoisingStage', 'CausalVaeDecodingStage']
[09-20 06:59:11] [RealtimeInputValidationStage] started...
[09-20 06:59:11] [RealtimeInputValidationStage] finished in 0.0001 seconds
[09-20 06:59:11] [RealtimeTextEncodingStage] started...
[09-20 06:59:11] [RealtimeTextEncodingStage] finished in 0.0000 seconds
[09-20 06:59:11] [AuxiliaryConditionEncodingStage] started...
[09-20 06:59:11] [AuxiliaryConditionEncodingStage] finished in 0.0034 seconds
[09-20 06:59:11] [RealtimeImageVAEEncodingStage] started...
[09-20 06:59:11] [RealtimeImageVAEEncodingStage] finished in 0.0000 seconds
[09-20 06:59:11] [DMDTimestepPreparationStage] started...
[09-20 06:59:11] realtime chunk timing: session_id=05b21d30e2694ddbb5f8b4bf9740b49d request_id=05b21d30e2694ddbb5f8b4bf9740b49d_3255e5e76ecf4190858f2dda109dbd89 chunk_idx=28 event_id=None condition_kinds=['camera_actions'] request_prepare=0.47ms scheduler_forward=2474.92ms output_pace=0.00ms header_pack=0.02ms header_write=0.03ms raw_payload_build=1.49ms raw_write=4.48ms ws_write=4.51ms chunk_total=2482.28ms batches=1 frames=12 frame_shape=(480, 832, 3) raw_bytes=14376960 ws_payload_bytes=14377291 content_type=application/x-raw-rgb
[09-20 06:59:11] [DMDTimestepPreparationStage] finished in 0.0002 seconds
[09-20 06:59:11] [RealtimeChunkLatentPreparationStage] started...
[09-20 06:59:11] [RealtimeChunkLatentPreparationStage] finished in 0.0001 seconds
[09-20 06:59:11] [LingBotWorldCausalDMDDenoisingStage] started...
[09-20 06:59:13] [LingBotWorldCausalDMDDenoisingStage] finished in 2.1038 seconds
[09-20 06:59:13] [CausalVaeDecodingStage] started...
[09-20 06:59:14] [CausalVaeDecodingStage] finished in 0.3470 seconds
[09-20 06:59:14] realtime raw RGB frame batch timing: request_id=05b21d30e2694ddbb5f8b4bf9740b49d_aba9916305dd4d649267f4c6d7d91fa4 chunk_idx=29 sample_to_frames=1.13ms frames_to_bytes=2.15ms total=3.30ms batches=1 frames=12 frame_shape=(480, 832, 3) raw_bytes=14376960 content_type=application/x-raw-rgb
[09-20 06:59:14] Pixel data generated successfully in [92m2.48[0;0m seconds
[09-20 06:59:14] Peak memory usage: 82744.00 MB
[09-20 06:59:14] realtime chunk timing: session_id=05b21d30e2694ddbb5f8b4bf9740b49d request_id=05b21d30e2694ddbb5f8b4bf9740b49d_aba9916305dd4d649267f4c6d7d91fa4 chunk_idx=29 event_id=None condition_kinds=['camera_actions'] request_prepare=0.46ms scheduler_forward=2475.34ms output_pace=0.00ms header_pack=0.02ms header_write=0.03ms raw_payload_build=1.42ms raw_write=4.49ms ws_write=4.53ms chunk_total=2481.83ms batches=1 frames=12 frame_shape=(480, 832, 3) raw_bytes=14376960 ws_payload_bytes=14377291 content_type=application/x-raw-rgb
[09-20 06:59:14] generation reached max chunks, session_id=05b21d30e2694ddbb5f8b4bf9740b49d, max_chunks=30
[09-20 06:59:14] terminating session, session_id=05b21d30e2694ddbb5f8b4bf9740b49d
[09-20 06:59:14] Realtime session release: session_id=05b21d30e2694ddbb5f8b4bf9740b49d released=True
[2026-09-20 06:59:16] [32mINFO[0m:     Shutting down
[2026-09-20 06:59:16] [32mINFO[0m:     Waiting for application shutdown.
[09-20 06:59:16] FastAPI app is shutting down...
[2026-09-20 06:59:16] [32mINFO[0m:     Application shutdown complete.
[2026-09-20 06:59:16] [32mINFO[0m:     Finished server process [[36m129713[0m]
/usr/lib/python3.12/multiprocessing/resource_tracker.py:254: UserWarning: resource_tracker: There appear to be 1 leaked semaphore objects to clean up at shutdown
  warnings.warn('resource_tracker: There appear to be %d '
