Flax classes are deprecated and will be removed in Diffusers v1.0.0. We recommend migrating to PyTorch classes or pinning your version of Diffusers.
Flax classes are deprecated and will be removed in Diffusers v1.0.0. We recommend migrating to PyTorch classes or pinning your version of Diffusers.
[09-20 06:47:07] server_args: {"model_path": "robbyant/lingbot-world-v2-14b-causal-fast-diffusers", "model_subfolder": null, "model_variant": null, "model_id": null, "served_model_name": "robbyant/lingbot-world-v2-14b-causal-fast-diffusers", "backend": "auto", "attention_backend": null, "enable_attention_backend_autotune": false, "attention_backend_config": {}, "component_attention_backends": {}, "cache_dit_config": null, "nccl_port": null, "enable_nccl_nvls": false, "trust_remote_code": false, "revision": null, "num_gpus": 1, "performance_mode": "manual", "base_gpu_id": 0, "gpu_ids": null, "nnodes": 1, "node_rank": 0, "dist_init_addr": null, "tp_size": 1, "sp_degree": 1, "ulysses_degree": 1, "ring_degree": 1, "kv_gather_degree": 1, "sp_split_auto": false, "dp_size": 1, "enable_cfg_parallel": false, "cfg_parallel_degree": 1, "encoder_parallel": "auto", "hsdp_replicate_dim": 1, "hsdp_shard_dim": 1, "dist_timeout": 3600, "scheduler_rpc_timeout": null, "pipeline_class_name": null, "lora_path": null, "lora_nickname": "default", "lora_scale": 1.0, "lora_alpha": null, "lora_merge_mode": "auto", "lora_weight_name": null, "component_paths": {}, "component_weights_paths": {}, "component_direct_gpu_weight_loading": {}, "component_quantizations": {}, "component_precisions": {}, "component_quantization_ignored_layers": {}, "load_diffusion_decoder": false, "transformer_weights_path": null, "minimax_h3_adaln_cache_path": null, "minimax_h3_adaln_online": false, "minimax_h3_adaln_plan_width": 4, "minimax_h3_adaln_host_cache_gb": 8.0, "quantization": null, "quantization_ignored_layers": null, "lora_target_modules": null, "component_residency": null, "cpu_offload_components": null, "dit_cpu_offload": false, "direct_gpu_weight_loading": false, "dit_layerwise_offload": false, "layerwise_offload_components": null, "dit_offload_prefetch_size": 0.0, "dit_layerwise_resident_layers": 0.0, "dit_layerwise_residency_policy": "leading", "layerwise_prefetch_size": {}, "layerwise_resident_layers": {}, "layerwise_residency_policy": {}, "offload_during_compile": true, "text_encoder_cpu_offload": true, "image_encoder_cpu_offload": null, "vae_cpu_offload": false, "use_fsdp_inference": null, "pin_cpu_memory": true, "ltx2_two_stage_device_mode": null, "comfyui_mode": false, "enable_torch_compile": false, "regional_compile": false, "enable_breakable_cuda_graph": false, "bcg_text_buckets": null, "enable_layerwise_nvtx_marker": false, "warmup_mode": "server", "warmup_resolutions": ["832x480"], "warmup_num_frames": 9, "warmup_steps": 1, "warmup_sampling_params": null, "disable_autocast": false, "master_port": 24302, "host": "127.0.0.1", "port": 24202, "enable_metrics": false, "webui": false, "webui_port": 12312, "scheduler_port": 5556, "scheduler_ports": [5556], "batching_mode": "dynamic", "batching_max_size": 1, "batching_delay_ms": 0.0, "batching_config": null, "enable_batching_metrics": false, "strict_ports": false, "output_path": "outputs/", "input_save_path": "inputs/uploads", "prompt_file_path": null, "model_paths": {}, "model_loaded": {"transformer": true, "vae": true, "video_vae": true, "audio_vae": true, "video_dit": true, "audio_dit": true, "dual_tower_bridge": true}, "boundary_ratio": null, "disagg_role": "monolithic", "disagg_timeout": 3600, "disagg_downstream_wait_timeout": 1800, "disagg_dispatch_policy": "round_robin", "disagg_mode": false, "disagg_instance_id": 0, "disagg_max_slots_per_instance": 8, "disagg_transfer_redundancy": 1.25, "disagg_role_device": "auto", "disagg_transfer_backend": "auto", "disagg_transfer_pool_size": 268435456, "disagg_transfer_pin_memory": "auto", "disagg_p2p_hostname": "127.0.0.1", "disagg_ib_device": null, "disagg_server_addr": null, "encoder_urls": null, "denoiser_urls": null, "decoder_urls": null, "encoder_tp": null, "denoiser_tp": null, "denoiser_sp": null, "denoiser_ulysses": null, "denoiser_ring": null, "decoder_sp": null, "pool_work_endpoint": null, "pool_result_endpoint": null, "pool_control_endpoint": null, "pool_control_advertised_endpoint": null, "log_level": "info", "log_requests": false, "log_requests_level": 2, "log_requests_format": "text", "log_requests_target": null, "uvicorn_access_log_exclude_prefixes": [], "enable_cache_report": false, "enable_trace": false, "otlp_traces_endpoint": "localhost:4317", "otlp_service_name": null, "srt_encoder_url": null, "srt_encoder_connect_timeout": 3.05, "srt_encoder_timeout": 100, "pe_server_url": null}
[09-20 06:47:07] Starting server...
Flax classes are deprecated and will be removed in Diffusers v1.0.0. We recommend migrating to PyTorch classes or pinning your version of Diffusers.
Flax classes are deprecated and will be removed in Diffusers v1.0.0. We recommend migrating to PyTorch classes or pinning your version of Diffusers.
[09-20 06:47:19] Scheduler (dp replica 0) bind at endpoint: tcp://127.0.0.1:5556
[09-20 06:47:19] torch.compile cache: TORCHINDUCTOR_CACHE_DIR=/campaign/model-caches/lingbot-world-v2-cycle/sglang/torch_compile_cache/inductor TRITON_CACHE_DIR=/campaign/model-caches/lingbot-world-v2-cycle/sglang/torch_compile_cache/triton
[09-20 06:47:19] Initializing distributed environment with world_size=1, device=cuda:0, timeout=3600
[09-20 06:47:19] Setting distributed timeout to 3600 seconds
[09-20 06:47:20] No pipeline_class_name specified, using model_index.json
[09-20 06:47:21] Using pipeline from model_index.json: LingBotWorldCausalDMDPipeline
[09-20 06:47:21] Loading pipeline modules...
[09-20 06:47:21] Checking for cached model in Hugging Face Hub cache for robbyant/lingbot-world-v2-14b-causal-fast-diffusers...
[09-20 06:47:21] Found complete model in cache at /campaign/model-caches/lingbot-world-v2-cycle/huggingface/hub/models--robbyant--lingbot-world-v2-14b-causal-fast-diffusers/snapshots/59cccf49f2d2dd27418ae7a04b82b10868d455c2
[09-20 06:47:21] Model path: /campaign/model-caches/lingbot-world-v2-cycle/huggingface/hub/models--robbyant--lingbot-world-v2-14b-causal-fast-diffusers/snapshots/59cccf49f2d2dd27418ae7a04b82b10868d455c2
[09-20 06:47:21] Diffusers version: 0.35.0.dev0
[09-20 06:47:21] Loading pipeline modules from config: {'_class_name': 'LingBotWorldCausalDMDPipeline', '_diffusers_version': '0.35.0.dev0', 'boundary_ratio': 0.9, 'image_encoder': [None, None], 'image_processor': [None, None], 'scheduler': ['diffusers', 'UniPCMultistepScheduler'], 'text_encoder': ['transformers', 'UMT5EncoderModel'], 'tokenizer': ['transformers', 'T5TokenizerFast'], 'transformer': ['diffusers', 'CausalLingBotWorldTransformer3DModel'], 'transformer_2': [None, None], 'vae': ['diffusers', 'AutoencoderKLWan']}
[09-20 06:47:21] MoE pipeline detected. Adding transformer_2 to self.required_config_modules...
[09-20 06:47:21] Setting boundary ratio to 0.9
[09-20 06:47:21] Loading required components: ['text_encoder', 'tokenizer', 'vae', 'transformer', 'scheduler', 'image_encoder', 'image_processor', 'transformer_2']
[93m[09-20 06:47:21] Module image_encoder in model_index.json has null value, removing from required_config_modules[0;0m
[93m[09-20 06:47:21] Module image_processor in model_index.json has null value, removing from required_config_modules[0;0m
[93m[09-20 06:47:21] Module transformer_2 in model_index.json has null value, removing from required_config_modules[0;0m
[09-20 06:47:21] Memory-aware component load order: ['transformer', 'text_encoder', 'vae', 'tokenizer', 'scheduler']
Loading required modules:   0%|          | 0/5 [00:00<?, ?it/s][09-20 06:47:22] Loading transformer from /campaign/model-caches/lingbot-world-v2-cycle/huggingface/hub/models--robbyant--lingbot-world-v2-14b-causal-fast-diffusers/snapshots/59cccf49f2d2dd27418ae7a04b82b10868d455c2/transformer. avail mem: 138.65 GB
[09-20 06:47:22] Loading CausalLingBotWorldTransformer3DModel from 8 safetensors file(s) , param_dtype: torch.bfloat16

Loading safetensors checkpoint shards: 0%|          | 0/8[ALoading safetensors checkpoint shards: 100%|██████████| 8/8
[09-20 06:47:31] Attention backends for transformer: fa
[09-20 06:47:31] Loaded transformer: CausalLingBotWorldTransformer3DModel (sgl-diffusion version). model size: 40.4 GB, vram: 40.40 GB. avail GPU mem: 96.74 GB
Loading required modules:  20%|██        | 1/5 [00:09<00:39,  9.87s/it][09-20 06:47:31] Loading text_encoder from /campaign/model-caches/lingbot-world-v2-cycle/huggingface/hub/models--robbyant--lingbot-world-v2-14b-causal-fast-diffusers/snapshots/59cccf49f2d2dd27418ae7a04b82b10868d455c2/text_encoder. avail mem: 96.74 GB

Loading safetensors checkpoint shards: 0%|          | 0/3[A
Loading safetensors checkpoint shards: 33%|███▎      | 1/3[A
Loading safetensors checkpoint shards: 67%|██████▋   | 2/3[A
Loading safetensors checkpoint shards: 100%|██████████| 3/3[ALoading safetensors checkpoint shards: 100%|██████████| 3/3
[09-20 06:47:32] Loaded text_encoder: UMT5EncoderModel (sgl-diffusion version). model size: 10.58 GB, host pageable: 10.58 GB. avail GPU mem: 96.70 GB
Loading required modules:  40%|████      | 2/5 [00:10<00:14,  4.70s/it][09-20 06:47:32] Loading vae from /campaign/model-caches/lingbot-world-v2-cycle/huggingface/hub/models--robbyant--lingbot-world-v2-14b-causal-fast-diffusers/snapshots/59cccf49f2d2dd27418ae7a04b82b10868d455c2/vae. avail mem: 96.70 GB
[09-20 06:47:33] VAE: converted 61 Conv3d weights to channels_last_3d
[09-20 06:47:33] Wan VAE: installed quality-gated fast path (29 RMSNorm+SiLU fusions, 3 channels_last upsamples).
[09-20 06:47:34] Loaded vae: AutoencoderKLWan (sgl-diffusion version). model size: 0.47 GB, vram: 0.47 GB. avail GPU mem: 96.72 GB
Loading required modules:  60%|██████    | 3/5 [00:12<00:06,  3.45s/it][09-20 06:47:34] Loading tokenizer from /campaign/model-caches/lingbot-world-v2-cycle/huggingface/hub/models--robbyant--lingbot-world-v2-14b-causal-fast-diffusers/snapshots/59cccf49f2d2dd27418ae7a04b82b10868d455c2/tokenizer. avail mem: 96.72 GB
[09-20 06:47:36] Loaded tokenizer: T5Tokenizer (sgl-diffusion version). model size: NA GB, weights: none. avail GPU mem: 96.72 GB
Loading required modules:  80%|████████  | 4/5 [00:14<00:02,  2.75s/it][09-20 06:47:36] Loading scheduler from /campaign/model-caches/lingbot-world-v2-cycle/huggingface/hub/models--robbyant--lingbot-world-v2-14b-causal-fast-diffusers/snapshots/59cccf49f2d2dd27418ae7a04b82b10868d455c2/scheduler. avail mem: 96.72 GB
[09-20 06:47:36] Loaded scheduler: UniPCMultistepScheduler (sgl-diffusion version). model size: NA GB, weights: none. avail GPU mem: 96.72 GB
Loading required modules: 100%|██████████| 5/5 [00:14<00:00,  1.80s/it]Loading required modules: 100%|██████████| 5/5 [00:14<00:00,  2.94s/it]
[09-20 06:47:36] Creating pipeline stages...
[09-20 06:47:36] Using fa attention backend
[09-20 06:47:36] Pipeline instantiated
[09-20 06:47:36] Worker 0: Initialized device, model, and distributed environment.
[09-20 06:47:36] Worker 0: Scheduler loop started.
[09-20 06:47:36] Starting FastAPI server.
[2026-09-20 06:47:36] [32mINFO[0m:     Started server process [[36m127944[0m]
[2026-09-20 06:47:36] [32mINFO[0m:     Waiting for application startup.
[09-20 06:47:36] ZMQ Broker is listening for offline jobs on tcp://127.0.0.1:24203
[2026-09-20 06:47:36] [32mINFO[0m:     Application startup complete.
[2026-09-20 06:47:36] [32mINFO[0m:     Uvicorn running on [1mhttp://127.0.0.1:24202[0m (Press CTRL+C to quit)
[2026-09-20 06:47:37] [32mINFO[0m:     127.0.0.1:39358 - "[1mGET /health HTTP/1.1[0m" [32m200 OK[0m
[2026-09-20 06:47:37] [32mINFO[0m:     127.0.0.1:39364 - "WebSocket /v1/realtime_video/generate" [accepted]
[2026-09-20 06:47:37] [32mINFO[0m:     connection open
[09-20 06:47:37] Adjusting number of frames from 21 to 21 based on model
[09-20 06:47:37] Sampling params:
                       width: 832
                      height: 480
                  num_frames: 21
                         fps: 16
                      prompt: <redacted, len=62>
                  neg_prompt: None
                        seed: 41
                 infer_steps: 4
      num_outputs_per_prompt: 1
              guidance_scale: 1.0
     embedded_guidance_scale: 6.0
                    n_tokens: None
                  flow_shift: 5.0
                  image_path: inputs/uploads/1e114127dd914a879c926f6ea8bf006f_first_frame
                 save_output: False
            output_file_path: outputs/1e114127dd914a879c926f6ea8bf006f_a094bb6b345b431aada0367a6756db58.mp4
        
[09-20 06:47:37] Running pipeline stages: ['RealtimeInputValidationStage', 'RealtimeTextEncodingStage', 'AuxiliaryConditionEncodingStage', 'RealtimeImageVAEEncodingStage', 'DMDTimestepPreparationStage', 'RealtimeChunkLatentPreparationStage', 'LingBotWorldCausalDMDDenoisingStage', 'CausalVaeDecodingStage']
[09-20 06:47:37] [RealtimeInputValidationStage] started...
[09-20 06:47:37] [RealtimeInputValidationStage] finished in 0.0477 seconds
[09-20 06:47:37] [RealtimeTextEncodingStage] started...
[09-20 06:47:41] [RealtimeTextEncodingStage] finished in 3.5661 seconds
[09-20 06:47:50] [AuxiliaryConditionEncodingStage] started...
[09-20 06:47:51] [AuxiliaryConditionEncodingStage] finished in 0.1612 seconds
[09-20 06:47:51] [RealtimeImageVAEEncodingStage] started...
[09-20 06:47:52] [RealtimeImageVAEEncodingStage] finished in 1.2602 seconds
[09-20 06:47:52] [DMDTimestepPreparationStage] started...
[09-20 06:47:52] [DMDTimestepPreparationStage] finished in 0.0004 seconds
[09-20 06:47:52] [RealtimeChunkLatentPreparationStage] started...
[09-20 06:47:52] [RealtimeChunkLatentPreparationStage] finished in 0.0203 seconds
[09-20 06:47:52] [LingBotWorldCausalDMDDenoisingStage] started...
[09-20 06:47:55] [LingBotWorldCausalDMDDenoisingStage] finished in 3.3054 seconds
[09-20 06:47:55] [CausalVaeDecodingStage] started...
[09-20 06:47:56] [CausalVaeDecodingStage] finished in 0.4905 seconds
[09-20 06:47:56] realtime raw RGB frame batch timing: request_id=1e114127dd914a879c926f6ea8bf006f_a094bb6b345b431aada0367a6756db58 chunk_idx=0 sample_to_frames=4.03ms frames_to_bytes=6.09ms total=10.16ms batches=1 frames=9 frame_shape=(480, 832, 3) raw_bytes=10782720 content_type=application/x-raw-rgb
[09-20 06:47:56] Pixel data generated successfully in [92m18.59[0;0m seconds
[09-20 06:47:56] Peak memory usage: 82744.00 MB
[09-20 06:47:56] Adjusting number of frames from 21 to 21 based on model
[09-20 06:47:56] Sampling params:
                       width: 832
                      height: 480
                  num_frames: 21
                         fps: 16
                      prompt: <redacted, len=62>
                  neg_prompt: None
                        seed: 41
                 infer_steps: 4
      num_outputs_per_prompt: 1
              guidance_scale: 1.0
     embedded_guidance_scale: 6.0
                    n_tokens: None
                  flow_shift: 5.0
                  image_path: inputs/uploads/1e114127dd914a879c926f6ea8bf006f_first_frame
                 save_output: False
            output_file_path: outputs/1e114127dd914a879c926f6ea8bf006f_d0919d2854954e5db1939538310b3da1.mp4
        
[09-20 06:47:56] Running pipeline stages: ['RealtimeInputValidationStage', 'RealtimeTextEncodingStage', 'AuxiliaryConditionEncodingStage', 'RealtimeImageVAEEncodingStage', 'DMDTimestepPreparationStage', 'RealtimeChunkLatentPreparationStage', 'LingBotWorldCausalDMDDenoisingStage', 'CausalVaeDecodingStage']
[09-20 06:47:56] [RealtimeInputValidationStage] started...
[09-20 06:47:56] [RealtimeInputValidationStage] finished in 0.0001 seconds
[09-20 06:47:56] [RealtimeTextEncodingStage] started...
[09-20 06:47:56] [RealtimeTextEncodingStage] finished in 0.0000 seconds
[09-20 06:47:56] [AuxiliaryConditionEncodingStage] started...
[09-20 06:47:56] [AuxiliaryConditionEncodingStage] finished in 0.0020 seconds
[09-20 06:47:56] [RealtimeImageVAEEncodingStage] started...
[09-20 06:47:56] [RealtimeImageVAEEncodingStage] finished in 0.0000 seconds
[09-20 06:47:56] [DMDTimestepPreparationStage] started...
[09-20 06:47:56] [DMDTimestepPreparationStage] finished in 0.0003 seconds
[09-20 06:47:56] [RealtimeChunkLatentPreparationStage] started...
[09-20 06:47:56] [RealtimeChunkLatentPreparationStage] finished in 0.0001 seconds
[09-20 06:47:56] [LingBotWorldCausalDMDDenoisingStage] started...
[09-20 06:47:56] realtime chunk timing: session_id=1e114127dd914a879c926f6ea8bf006f request_id=1e114127dd914a879c926f6ea8bf006f_a094bb6b345b431aada0367a6756db58 chunk_idx=0 event_id=None condition_kinds=['camera_actions'] request_prepare=2.06ms scheduler_forward=18593.29ms output_pace=0.00ms header_pack=0.02ms header_write=0.06ms raw_payload_build=1.87ms raw_write=4.61ms ws_write=4.67ms chunk_total=18603.18ms batches=1 frames=9 frame_shape=(480, 832, 3) raw_bytes=10782720 ws_payload_bytes=10783051 content_type=application/x-raw-rgb
[09-20 06:47:57] [LingBotWorldCausalDMDDenoisingStage] finished in 1.5214 seconds
[09-20 06:47:57] [CausalVaeDecodingStage] started...
[09-20 06:47:57] [CausalVaeDecodingStage] finished in 0.3483 seconds
[09-20 06:47:58] realtime raw RGB frame batch timing: request_id=1e114127dd914a879c926f6ea8bf006f_d0919d2854954e5db1939538310b3da1 chunk_idx=1 sample_to_frames=1.32ms frames_to_bytes=2.07ms total=3.42ms batches=1 frames=12 frame_shape=(480, 832, 3) raw_bytes=14376960 content_type=application/x-raw-rgb
[09-20 06:47:58] Pixel data generated successfully in [92m1.90[0;0m seconds
[09-20 06:47:58] Peak memory usage: 82744.00 MB
[09-20 06:47:58] realtime chunk timing: session_id=1e114127dd914a879c926f6ea8bf006f request_id=1e114127dd914a879c926f6ea8bf006f_d0919d2854954e5db1939538310b3da1 chunk_idx=1 event_id=None condition_kinds=['camera_actions'] request_prepare=0.53ms scheduler_forward=1904.75ms output_pace=0.00ms header_pack=0.02ms header_write=0.03ms raw_payload_build=2.78ms raw_write=4.96ms ws_write=5.00ms chunk_total=1913.29ms batches=1 frames=12 frame_shape=(480, 832, 3) raw_bytes=14376960 ws_payload_bytes=14377291 content_type=application/x-raw-rgb
[09-20 06:47:58] generation reached max chunks, session_id=1e114127dd914a879c926f6ea8bf006f, max_chunks=2
[09-20 06:47:58] terminating session, session_id=1e114127dd914a879c926f6ea8bf006f
[09-20 06:47:58] Realtime session release: session_id=1e114127dd914a879c926f6ea8bf006f released=True
[2026-09-20 06:47:59] [32mINFO[0m:     127.0.0.1:53870 - "WebSocket /v1/realtime_video/generate" [accepted]
[2026-09-20 06:47:59] [32mINFO[0m:     connection open
[09-20 06:47:59] Adjusting number of frames from 21 to 21 based on model
[09-20 06:47:59] Sampling params:
                       width: 832
                      height: 480
                  num_frames: 21
                         fps: 16
                      prompt: <redacted, len=62>
                  neg_prompt: None
                        seed: 42
                 infer_steps: 4
      num_outputs_per_prompt: 1
              guidance_scale: 1.0
     embedded_guidance_scale: 6.0
                    n_tokens: None
                  flow_shift: 5.0
                  image_path: inputs/uploads/f46b1b3640504bbf8321570a8fa3d9b4_first_frame
                 save_output: False
            output_file_path: outputs/f46b1b3640504bbf8321570a8fa3d9b4_1d698ed610f141fe823401aa09dd6569.mp4
        
[09-20 06:47:59] Running pipeline stages: ['RealtimeInputValidationStage', 'RealtimeTextEncodingStage', 'AuxiliaryConditionEncodingStage', 'RealtimeImageVAEEncodingStage', 'DMDTimestepPreparationStage', 'RealtimeChunkLatentPreparationStage', 'LingBotWorldCausalDMDDenoisingStage', 'CausalVaeDecodingStage']
[09-20 06:47:59] [RealtimeInputValidationStage] started...
[09-20 06:47:59] [RealtimeInputValidationStage] finished in 0.0388 seconds
[09-20 06:47:59] [RealtimeTextEncodingStage] started...
[09-20 06:47:59] [RealtimeTextEncodingStage] finished in 0.5187 seconds
[09-20 06:47:59] [AuxiliaryConditionEncodingStage] started...
[09-20 06:47:59] [AuxiliaryConditionEncodingStage] finished in 0.0017 seconds
[09-20 06:47:59] [RealtimeImageVAEEncodingStage] started...
[09-20 06:48:00] [RealtimeImageVAEEncodingStage] finished in 0.3774 seconds
[09-20 06:48:00] [DMDTimestepPreparationStage] started...
[09-20 06:48:00] [DMDTimestepPreparationStage] finished in 0.0002 seconds
[09-20 06:48:00] [RealtimeChunkLatentPreparationStage] started...
[09-20 06:48:00] [RealtimeChunkLatentPreparationStage] finished in 0.0001 seconds
[09-20 06:48:00] [LingBotWorldCausalDMDDenoisingStage] started...
[09-20 06:48:01] [LingBotWorldCausalDMDDenoisingStage] finished in 1.7685 seconds
[09-20 06:48:01] [CausalVaeDecodingStage] started...
[09-20 06:48:02] [CausalVaeDecodingStage] finished in 0.3664 seconds
[09-20 06:48:02] realtime raw RGB frame batch timing: request_id=f46b1b3640504bbf8321570a8fa3d9b4_1d698ed610f141fe823401aa09dd6569 chunk_idx=0 sample_to_frames=1.68ms frames_to_bytes=4.27ms total=5.99ms batches=1 frames=9 frame_shape=(480, 832, 3) raw_bytes=10782720 content_type=application/x-raw-rgb
[09-20 06:48:02] Pixel data generated successfully in [92m3.32[0;0m seconds
[09-20 06:48:02] Peak memory usage: 82744.00 MB
[09-20 06:48:02] Adjusting number of frames from 21 to 21 based on model
[09-20 06:48:02] Sampling params:
                       width: 832
                      height: 480
                  num_frames: 21
                         fps: 16
                      prompt: <redacted, len=62>
                  neg_prompt: None
                        seed: 42
                 infer_steps: 4
      num_outputs_per_prompt: 1
              guidance_scale: 1.0
     embedded_guidance_scale: 6.0
                    n_tokens: None
                  flow_shift: 5.0
                  image_path: inputs/uploads/f46b1b3640504bbf8321570a8fa3d9b4_first_frame
                 save_output: False
            output_file_path: outputs/f46b1b3640504bbf8321570a8fa3d9b4_26ef9e4c4a78482b9eb2586621ea1fc1.mp4
        
[09-20 06:48:02] Running pipeline stages: ['RealtimeInputValidationStage', 'RealtimeTextEncodingStage', 'AuxiliaryConditionEncodingStage', 'RealtimeImageVAEEncodingStage', 'DMDTimestepPreparationStage', 'RealtimeChunkLatentPreparationStage', 'LingBotWorldCausalDMDDenoisingStage', 'CausalVaeDecodingStage']
[09-20 06:48:02] [RealtimeInputValidationStage] started...
[09-20 06:48:02] [RealtimeInputValidationStage] finished in 0.0001 seconds
[09-20 06:48:02] [RealtimeTextEncodingStage] started...
[09-20 06:48:02] [RealtimeTextEncodingStage] finished in 0.0000 seconds
[09-20 06:48:02] [AuxiliaryConditionEncodingStage] started...
[09-20 06:48:02] [AuxiliaryConditionEncodingStage] finished in 0.0020 seconds
[09-20 06:48:02] [RealtimeImageVAEEncodingStage] started...
[09-20 06:48:02] [RealtimeImageVAEEncodingStage] finished in 0.0000 seconds
[09-20 06:48:02] [DMDTimestepPreparationStage] started...
[09-20 06:48:02] [DMDTimestepPreparationStage] finished in 0.0003 seconds
[09-20 06:48:02] [RealtimeChunkLatentPreparationStage] started...
[09-20 06:48:02] [RealtimeChunkLatentPreparationStage] finished in 0.0001 seconds
[09-20 06:48:02] realtime chunk timing: session_id=f46b1b3640504bbf8321570a8fa3d9b4 request_id=f46b1b3640504bbf8321570a8fa3d9b4_1d698ed610f141fe823401aa09dd6569 chunk_idx=0 event_id=None condition_kinds=['camera_actions'] request_prepare=0.51ms scheduler_forward=3318.15ms output_pace=0.00ms header_pack=0.01ms header_write=0.03ms raw_payload_build=1.02ms raw_write=4.59ms ws_write=4.63ms chunk_total=3325.17ms batches=1 frames=9 frame_shape=(480, 832, 3) raw_bytes=10782720 ws_payload_bytes=10783051 content_type=application/x-raw-rgb
[09-20 06:48:02] [LingBotWorldCausalDMDDenoisingStage] started...
[09-20 06:48:03] [LingBotWorldCausalDMDDenoisingStage] finished in 1.5224 seconds
[09-20 06:48:03] [CausalVaeDecodingStage] started...
[09-20 06:48:04] [CausalVaeDecodingStage] finished in 0.3494 seconds
[09-20 06:48:04] realtime raw RGB frame batch timing: request_id=f46b1b3640504bbf8321570a8fa3d9b4_26ef9e4c4a78482b9eb2586621ea1fc1 chunk_idx=1 sample_to_frames=1.28ms frames_to_bytes=2.06ms total=3.37ms batches=1 frames=12 frame_shape=(480, 832, 3) raw_bytes=14376960 content_type=application/x-raw-rgb
[09-20 06:48:04] Pixel data generated successfully in [92m1.90[0;0m seconds
[09-20 06:48:04] Peak memory usage: 82744.00 MB
[09-20 06:48:04] Adjusting number of frames from 21 to 21 based on model
[09-20 06:48:04] Sampling params:
                       width: 832
                      height: 480
                  num_frames: 21
                         fps: 16
                      prompt: <redacted, len=62>
                  neg_prompt: None
                        seed: 42
                 infer_steps: 4
      num_outputs_per_prompt: 1
              guidance_scale: 1.0
     embedded_guidance_scale: 6.0
                    n_tokens: None
                  flow_shift: 5.0
                  image_path: inputs/uploads/f46b1b3640504bbf8321570a8fa3d9b4_first_frame
                 save_output: False
            output_file_path: outputs/f46b1b3640504bbf8321570a8fa3d9b4_8441903952a848ff9eeac125a0cccc86.mp4
        
[09-20 06:48:04] Running pipeline stages: ['RealtimeInputValidationStage', 'RealtimeTextEncodingStage', 'AuxiliaryConditionEncodingStage', 'RealtimeImageVAEEncodingStage', 'DMDTimestepPreparationStage', 'RealtimeChunkLatentPreparationStage', 'LingBotWorldCausalDMDDenoisingStage', 'CausalVaeDecodingStage']
[09-20 06:48:04] [RealtimeInputValidationStage] started...
[09-20 06:48:04] [RealtimeInputValidationStage] finished in 0.0001 seconds
[09-20 06:48:04] [RealtimeTextEncodingStage] started...
[09-20 06:48:04] [RealtimeTextEncodingStage] finished in 0.0000 seconds
[09-20 06:48:04] [AuxiliaryConditionEncodingStage] started...
[09-20 06:48:04] [AuxiliaryConditionEncodingStage] finished in 0.0019 seconds
[09-20 06:48:04] [RealtimeImageVAEEncodingStage] started...
[09-20 06:48:04] [RealtimeImageVAEEncodingStage] finished in 0.0000 seconds
[09-20 06:48:04] [DMDTimestepPreparationStage] started...
[09-20 06:48:04] [DMDTimestepPreparationStage] finished in 0.0002 seconds
[09-20 06:48:04] [RealtimeChunkLatentPreparationStage] started...
[09-20 06:48:04] realtime chunk timing: session_id=f46b1b3640504bbf8321570a8fa3d9b4 request_id=f46b1b3640504bbf8321570a8fa3d9b4_26ef9e4c4a78482b9eb2586621ea1fc1 chunk_idx=1 event_id=None condition_kinds=['camera_actions'] request_prepare=0.45ms scheduler_forward=1901.11ms output_pace=0.00ms header_pack=0.01ms header_write=0.03ms raw_payload_build=1.58ms raw_write=3.86ms ws_write=3.89ms chunk_total=1907.92ms batches=1 frames=12 frame_shape=(480, 832, 3) raw_bytes=14376960 ws_payload_bytes=14377291 content_type=application/x-raw-rgb
[09-20 06:48:04] [RealtimeChunkLatentPreparationStage] finished in 0.0001 seconds
[09-20 06:48:04] [LingBotWorldCausalDMDDenoisingStage] started...
[09-20 06:48:05] [LingBotWorldCausalDMDDenoisingStage] finished in 1.6694 seconds
[09-20 06:48:05] [CausalVaeDecodingStage] started...
[09-20 06:48:06] [CausalVaeDecodingStage] finished in 0.3482 seconds
[09-20 06:48:06] realtime raw RGB frame batch timing: request_id=f46b1b3640504bbf8321570a8fa3d9b4_8441903952a848ff9eeac125a0cccc86 chunk_idx=2 sample_to_frames=1.29ms frames_to_bytes=2.07ms total=3.38ms batches=1 frames=12 frame_shape=(480, 832, 3) raw_bytes=14376960 content_type=application/x-raw-rgb
[09-20 06:48:06] Pixel data generated successfully in [92m2.05[0;0m seconds
[09-20 06:48:06] Peak memory usage: 82744.00 MB
[09-20 06:48:06] Adjusting number of frames from 21 to 21 based on model
[09-20 06:48:06] Sampling params:
                       width: 832
                      height: 480
                  num_frames: 21
                         fps: 16
                      prompt: <redacted, len=62>
                  neg_prompt: None
                        seed: 42
                 infer_steps: 4
      num_outputs_per_prompt: 1
              guidance_scale: 1.0
     embedded_guidance_scale: 6.0
                    n_tokens: None
                  flow_shift: 5.0
                  image_path: inputs/uploads/f46b1b3640504bbf8321570a8fa3d9b4_first_frame
                 save_output: False
            output_file_path: outputs/f46b1b3640504bbf8321570a8fa3d9b4_74c8f168d3bf4921a97df977ace8539c.mp4
        
[09-20 06:48:06] Running pipeline stages: ['RealtimeInputValidationStage', 'RealtimeTextEncodingStage', 'AuxiliaryConditionEncodingStage', 'RealtimeImageVAEEncodingStage', 'DMDTimestepPreparationStage', 'RealtimeChunkLatentPreparationStage', 'LingBotWorldCausalDMDDenoisingStage', 'CausalVaeDecodingStage']
[09-20 06:48:06] [RealtimeInputValidationStage] started...
[09-20 06:48:06] [RealtimeInputValidationStage] finished in 0.0001 seconds
[09-20 06:48:06] [RealtimeTextEncodingStage] started...
[09-20 06:48:06] [RealtimeTextEncodingStage] finished in 0.0000 seconds
[09-20 06:48:06] [AuxiliaryConditionEncodingStage] started...
[09-20 06:48:06] [AuxiliaryConditionEncodingStage] finished in 0.0020 seconds
[09-20 06:48:06] [RealtimeImageVAEEncodingStage] started...
[09-20 06:48:06] [RealtimeImageVAEEncodingStage] finished in 0.0000 seconds
[09-20 06:48:06] [DMDTimestepPreparationStage] started...
[09-20 06:48:06] [DMDTimestepPreparationStage] finished in 0.0002 seconds
[09-20 06:48:06] [RealtimeChunkLatentPreparationStage] started...
[09-20 06:48:06] [RealtimeChunkLatentPreparationStage] finished in 0.0001 seconds
[09-20 06:48:06] [LingBotWorldCausalDMDDenoisingStage] started...
[09-20 06:48:06] realtime chunk timing: session_id=f46b1b3640504bbf8321570a8fa3d9b4 request_id=f46b1b3640504bbf8321570a8fa3d9b4_8441903952a848ff9eeac125a0cccc86 chunk_idx=2 event_id=None condition_kinds=['camera_actions'] request_prepare=0.46ms scheduler_forward=2045.65ms output_pace=0.00ms header_pack=0.01ms header_write=0.03ms raw_payload_build=1.49ms raw_write=4.99ms ws_write=5.02ms chunk_total=2053.48ms batches=1 frames=12 frame_shape=(480, 832, 3) raw_bytes=14376960 ws_payload_bytes=14377291 content_type=application/x-raw-rgb
[09-20 06:48:08] [LingBotWorldCausalDMDDenoisingStage] finished in 1.8082 seconds
[09-20 06:48:08] [CausalVaeDecodingStage] started...
[09-20 06:48:08] [CausalVaeDecodingStage] finished in 0.3494 seconds
[09-20 06:48:08] realtime raw RGB frame batch timing: request_id=f46b1b3640504bbf8321570a8fa3d9b4_74c8f168d3bf4921a97df977ace8539c chunk_idx=3 sample_to_frames=1.28ms frames_to_bytes=2.78ms total=4.09ms batches=1 frames=12 frame_shape=(480, 832, 3) raw_bytes=14376960 content_type=application/x-raw-rgb
[09-20 06:48:08] Pixel data generated successfully in [92m2.18[0;0m seconds
[09-20 06:48:08] Peak memory usage: 82744.00 MB
[09-20 06:48:08] Adjusting number of frames from 21 to 21 based on model
[09-20 06:48:08] Sampling params:
                       width: 832
                      height: 480
                  num_frames: 21
                         fps: 16
                      prompt: <redacted, len=62>
                  neg_prompt: None
                        seed: 42
                 infer_steps: 4
      num_outputs_per_prompt: 1
              guidance_scale: 1.0
     embedded_guidance_scale: 6.0
                    n_tokens: None
                  flow_shift: 5.0
                  image_path: inputs/uploads/f46b1b3640504bbf8321570a8fa3d9b4_first_frame
                 save_output: False
            output_file_path: outputs/f46b1b3640504bbf8321570a8fa3d9b4_bea7d42c9e354d2f956c9ccf5c100ed6.mp4
        
[09-20 06:48:08] Running pipeline stages: ['RealtimeInputValidationStage', 'RealtimeTextEncodingStage', 'AuxiliaryConditionEncodingStage', 'RealtimeImageVAEEncodingStage', 'DMDTimestepPreparationStage', 'RealtimeChunkLatentPreparationStage', 'LingBotWorldCausalDMDDenoisingStage', 'CausalVaeDecodingStage']
[09-20 06:48:08] [RealtimeInputValidationStage] started...
[09-20 06:48:08] [RealtimeInputValidationStage] finished in 0.0001 seconds
[09-20 06:48:08] [RealtimeTextEncodingStage] started...
[09-20 06:48:08] [RealtimeTextEncodingStage] finished in 0.0000 seconds
[09-20 06:48:08] [AuxiliaryConditionEncodingStage] started...
[09-20 06:48:08] [AuxiliaryConditionEncodingStage] finished in 0.0034 seconds
[09-20 06:48:08] realtime chunk timing: session_id=f46b1b3640504bbf8321570a8fa3d9b4 request_id=f46b1b3640504bbf8321570a8fa3d9b4_74c8f168d3bf4921a97df977ace8539c chunk_idx=3 event_id=None condition_kinds=['camera_actions'] request_prepare=0.46ms scheduler_forward=2182.34ms output_pace=0.00ms header_pack=0.01ms header_write=0.03ms raw_payload_build=1.41ms raw_write=4.39ms ws_write=4.43ms chunk_total=2189.52ms batches=1 frames=12 frame_shape=(480, 832, 3) raw_bytes=14376960 ws_payload_bytes=14377291 content_type=application/x-raw-rgb
[09-20 06:48:08] [RealtimeImageVAEEncodingStage] started...
[09-20 06:48:08] [RealtimeImageVAEEncodingStage] finished in 0.0000 seconds
[09-20 06:48:08] [DMDTimestepPreparationStage] started...
[09-20 06:48:08] [DMDTimestepPreparationStage] finished in 0.0003 seconds
[09-20 06:48:08] [RealtimeChunkLatentPreparationStage] started...
[09-20 06:48:08] [RealtimeChunkLatentPreparationStage] finished in 0.0001 seconds
[09-20 06:48:08] [LingBotWorldCausalDMDDenoisingStage] started...
[09-20 06:48:10] [LingBotWorldCausalDMDDenoisingStage] finished in 1.9556 seconds
[09-20 06:48:10] [CausalVaeDecodingStage] started...
[09-20 06:48:10] [CausalVaeDecodingStage] finished in 0.3476 seconds
[09-20 06:48:10] realtime raw RGB frame batch timing: request_id=f46b1b3640504bbf8321570a8fa3d9b4_bea7d42c9e354d2f956c9ccf5c100ed6 chunk_idx=4 sample_to_frames=1.29ms frames_to_bytes=2.09ms total=3.41ms batches=1 frames=12 frame_shape=(480, 832, 3) raw_bytes=14376960 content_type=application/x-raw-rgb
[09-20 06:48:10] Pixel data generated successfully in [92m2.33[0;0m seconds
[09-20 06:48:10] Peak memory usage: 82744.00 MB
[09-20 06:48:10] Adjusting number of frames from 21 to 21 based on model
[09-20 06:48:10] Sampling params:
                       width: 832
                      height: 480
                  num_frames: 21
                         fps: 16
                      prompt: <redacted, len=62>
                  neg_prompt: None
                        seed: 42
                 infer_steps: 4
      num_outputs_per_prompt: 1
              guidance_scale: 1.0
     embedded_guidance_scale: 6.0
                    n_tokens: None
                  flow_shift: 5.0
                  image_path: inputs/uploads/f46b1b3640504bbf8321570a8fa3d9b4_first_frame
                 save_output: False
            output_file_path: outputs/f46b1b3640504bbf8321570a8fa3d9b4_14e1ad7bd1094560b521546f27fb4679.mp4
        
[09-20 06:48:10] Running pipeline stages: ['RealtimeInputValidationStage', 'RealtimeTextEncodingStage', 'AuxiliaryConditionEncodingStage', 'RealtimeImageVAEEncodingStage', 'DMDTimestepPreparationStage', 'RealtimeChunkLatentPreparationStage', 'LingBotWorldCausalDMDDenoisingStage', 'CausalVaeDecodingStage']
[09-20 06:48:10] [RealtimeInputValidationStage] started...
[09-20 06:48:10] [RealtimeInputValidationStage] finished in 0.0001 seconds
[09-20 06:48:10] [RealtimeTextEncodingStage] started...
[09-20 06:48:10] [RealtimeTextEncodingStage] finished in 0.0000 seconds
[09-20 06:48:10] [AuxiliaryConditionEncodingStage] started...
[09-20 06:48:10] [AuxiliaryConditionEncodingStage] finished in 0.0021 seconds
[09-20 06:48:10] [RealtimeImageVAEEncodingStage] started...
[09-20 06:48:10] [RealtimeImageVAEEncodingStage] finished in 0.0000 seconds
[09-20 06:48:10] [DMDTimestepPreparationStage] started...
[09-20 06:48:10] [DMDTimestepPreparationStage] finished in 0.0002 seconds
[09-20 06:48:10] [RealtimeChunkLatentPreparationStage] started...
[09-20 06:48:10] [RealtimeChunkLatentPreparationStage] finished in 0.0001 seconds
[09-20 06:48:10] realtime chunk timing: session_id=f46b1b3640504bbf8321570a8fa3d9b4 request_id=f46b1b3640504bbf8321570a8fa3d9b4_bea7d42c9e354d2f956c9ccf5c100ed6 chunk_idx=4 event_id=None condition_kinds=['camera_actions'] request_prepare=0.47ms scheduler_forward=2328.20ms output_pace=0.00ms header_pack=0.01ms header_write=0.04ms raw_payload_build=1.39ms raw_write=4.40ms ws_write=4.43ms chunk_total=2335.36ms batches=1 frames=12 frame_shape=(480, 832, 3) raw_bytes=14376960 ws_payload_bytes=14377291 content_type=application/x-raw-rgb
[09-20 06:48:10] [LingBotWorldCausalDMDDenoisingStage] started...
[09-20 06:48:12] [LingBotWorldCausalDMDDenoisingStage] finished in 2.0937 seconds
[09-20 06:48:12] [CausalVaeDecodingStage] started...
[09-20 06:48:13] [CausalVaeDecodingStage] finished in 0.3477 seconds
[09-20 06:48:13] realtime raw RGB frame batch timing: request_id=f46b1b3640504bbf8321570a8fa3d9b4_14e1ad7bd1094560b521546f27fb4679 chunk_idx=5 sample_to_frames=1.27ms frames_to_bytes=2.05ms total=3.35ms batches=1 frames=12 frame_shape=(480, 832, 3) raw_bytes=14376960 content_type=application/x-raw-rgb
[09-20 06:48:13] Pixel data generated successfully in [92m2.47[0;0m seconds
[09-20 06:48:13] Peak memory usage: 82744.00 MB
[09-20 06:48:13] Adjusting number of frames from 21 to 21 based on model
[09-20 06:48:13] Sampling params:
                       width: 832
                      height: 480
                  num_frames: 21
                         fps: 16
                      prompt: <redacted, len=62>
                  neg_prompt: None
                        seed: 42
                 infer_steps: 4
      num_outputs_per_prompt: 1
              guidance_scale: 1.0
     embedded_guidance_scale: 6.0
                    n_tokens: None
                  flow_shift: 5.0
                  image_path: inputs/uploads/f46b1b3640504bbf8321570a8fa3d9b4_first_frame
                 save_output: False
            output_file_path: outputs/f46b1b3640504bbf8321570a8fa3d9b4_f0d36ca2d68243fbbc80342c56854ea9.mp4
        
[09-20 06:48:13] Running pipeline stages: ['RealtimeInputValidationStage', 'RealtimeTextEncodingStage', 'AuxiliaryConditionEncodingStage', 'RealtimeImageVAEEncodingStage', 'DMDTimestepPreparationStage', 'RealtimeChunkLatentPreparationStage', 'LingBotWorldCausalDMDDenoisingStage', 'CausalVaeDecodingStage']
[09-20 06:48:13] [RealtimeInputValidationStage] started...
[09-20 06:48:13] [RealtimeInputValidationStage] finished in 0.0001 seconds
[09-20 06:48:13] [RealtimeTextEncodingStage] started...
[09-20 06:48:13] [RealtimeTextEncodingStage] finished in 0.0000 seconds
[09-20 06:48:13] [AuxiliaryConditionEncodingStage] started...
[09-20 06:48:13] [AuxiliaryConditionEncodingStage] finished in 0.0021 seconds
[09-20 06:48:13] [RealtimeImageVAEEncodingStage] started...
[09-20 06:48:13] [RealtimeImageVAEEncodingStage] finished in 0.0000 seconds
[09-20 06:48:13] [DMDTimestepPreparationStage] started...
[09-20 06:48:13] [DMDTimestepPreparationStage] finished in 0.0002 seconds
[09-20 06:48:13] [RealtimeChunkLatentPreparationStage] started...
[09-20 06:48:13] [RealtimeChunkLatentPreparationStage] finished in 0.0001 seconds
[09-20 06:48:13] [LingBotWorldCausalDMDDenoisingStage] started...
[09-20 06:48:13] realtime chunk timing: session_id=f46b1b3640504bbf8321570a8fa3d9b4 request_id=f46b1b3640504bbf8321570a8fa3d9b4_14e1ad7bd1094560b521546f27fb4679 chunk_idx=5 event_id=None condition_kinds=['camera_actions'] request_prepare=0.45ms scheduler_forward=2465.73ms output_pace=0.00ms header_pack=0.01ms header_write=0.03ms raw_payload_build=1.40ms raw_write=4.48ms ws_write=4.51ms chunk_total=2472.97ms batches=1 frames=12 frame_shape=(480, 832, 3) raw_bytes=14376960 ws_payload_bytes=14377291 content_type=application/x-raw-rgb
[09-20 06:48:15] [LingBotWorldCausalDMDDenoisingStage] finished in 2.1017 seconds
[09-20 06:48:15] [CausalVaeDecodingStage] started...
[09-20 06:48:15] [CausalVaeDecodingStage] finished in 0.3476 seconds
[09-20 06:48:15] realtime raw RGB frame batch timing: request_id=f46b1b3640504bbf8321570a8fa3d9b4_f0d36ca2d68243fbbc80342c56854ea9 chunk_idx=6 sample_to_frames=1.29ms frames_to_bytes=2.11ms total=3.43ms batches=1 frames=12 frame_shape=(480, 832, 3) raw_bytes=14376960 content_type=application/x-raw-rgb
[09-20 06:48:15] Pixel data generated successfully in [92m2.48[0;0m seconds
[09-20 06:48:15] Peak memory usage: 82744.00 MB
[09-20 06:48:15] Adjusting number of frames from 21 to 21 based on model
[09-20 06:48:15] Sampling params:
                       width: 832
                      height: 480
                  num_frames: 21
                         fps: 16
                      prompt: <redacted, len=62>
                  neg_prompt: None
                        seed: 42
                 infer_steps: 4
      num_outputs_per_prompt: 1
              guidance_scale: 1.0
     embedded_guidance_scale: 6.0
                    n_tokens: None
                  flow_shift: 5.0
                  image_path: inputs/uploads/f46b1b3640504bbf8321570a8fa3d9b4_first_frame
                 save_output: False
            output_file_path: outputs/f46b1b3640504bbf8321570a8fa3d9b4_2616671c55554462b36fde0bcd58d607.mp4
        
[09-20 06:48:15] Running pipeline stages: ['RealtimeInputValidationStage', 'RealtimeTextEncodingStage', 'AuxiliaryConditionEncodingStage', 'RealtimeImageVAEEncodingStage', 'DMDTimestepPreparationStage', 'RealtimeChunkLatentPreparationStage', 'LingBotWorldCausalDMDDenoisingStage', 'CausalVaeDecodingStage']
[09-20 06:48:15] [RealtimeInputValidationStage] started...
[09-20 06:48:15] [RealtimeInputValidationStage] finished in 0.0001 seconds
[09-20 06:48:15] [RealtimeTextEncodingStage] started...
[09-20 06:48:15] [RealtimeTextEncodingStage] finished in 0.0000 seconds
[09-20 06:48:15] [AuxiliaryConditionEncodingStage] started...
[09-20 06:48:15] [AuxiliaryConditionEncodingStage] finished in 0.0023 seconds
[09-20 06:48:15] [RealtimeImageVAEEncodingStage] started...
[09-20 06:48:15] [RealtimeImageVAEEncodingStage] finished in 0.0000 seconds
[09-20 06:48:15] [DMDTimestepPreparationStage] started...
[09-20 06:48:15] [DMDTimestepPreparationStage] finished in 0.0002 seconds
[09-20 06:48:15] [RealtimeChunkLatentPreparationStage] started...
[09-20 06:48:15] [RealtimeChunkLatentPreparationStage] finished in 0.0001 seconds
[09-20 06:48:15] [LingBotWorldCausalDMDDenoisingStage] started...
[09-20 06:48:15] realtime chunk timing: session_id=f46b1b3640504bbf8321570a8fa3d9b4 request_id=f46b1b3640504bbf8321570a8fa3d9b4_f0d36ca2d68243fbbc80342c56854ea9 chunk_idx=6 event_id=None condition_kinds=['camera_actions'] request_prepare=0.47ms scheduler_forward=2477.79ms output_pace=0.00ms header_pack=0.01ms header_write=0.03ms raw_payload_build=1.43ms raw_write=5.54ms ws_write=5.57ms chunk_total=2486.15ms batches=1 frames=12 frame_shape=(480, 832, 3) raw_bytes=14376960 ws_payload_bytes=14377291 content_type=application/x-raw-rgb
[09-20 06:48:17] [LingBotWorldCausalDMDDenoisingStage] finished in 2.0980 seconds
[09-20 06:48:17] [CausalVaeDecodingStage] started...
[09-20 06:48:18] [CausalVaeDecodingStage] finished in 0.3471 seconds
[09-20 06:48:18] realtime raw RGB frame batch timing: request_id=f46b1b3640504bbf8321570a8fa3d9b4_2616671c55554462b36fde0bcd58d607 chunk_idx=7 sample_to_frames=1.27ms frames_to_bytes=2.09ms total=3.38ms batches=1 frames=12 frame_shape=(480, 832, 3) raw_bytes=14376960 content_type=application/x-raw-rgb
[09-20 06:48:18] Pixel data generated successfully in [92m2.47[0;0m seconds
[09-20 06:48:18] Peak memory usage: 82744.00 MB
[09-20 06:48:18] Adjusting number of frames from 21 to 21 based on model
[09-20 06:48:18] Sampling params:
                       width: 832
                      height: 480
                  num_frames: 21
                         fps: 16
                      prompt: <redacted, len=62>
                  neg_prompt: None
                        seed: 42
                 infer_steps: 4
      num_outputs_per_prompt: 1
              guidance_scale: 1.0
     embedded_guidance_scale: 6.0
                    n_tokens: None
                  flow_shift: 5.0
                  image_path: inputs/uploads/f46b1b3640504bbf8321570a8fa3d9b4_first_frame
                 save_output: False
            output_file_path: outputs/f46b1b3640504bbf8321570a8fa3d9b4_4a5adfa4fb9f4a0babef64c9563d8ffb.mp4
        
[09-20 06:48:18] Running pipeline stages: ['RealtimeInputValidationStage', 'RealtimeTextEncodingStage', 'AuxiliaryConditionEncodingStage', 'RealtimeImageVAEEncodingStage', 'DMDTimestepPreparationStage', 'RealtimeChunkLatentPreparationStage', 'LingBotWorldCausalDMDDenoisingStage', 'CausalVaeDecodingStage']
[09-20 06:48:18] [RealtimeInputValidationStage] started...
[09-20 06:48:18] [RealtimeInputValidationStage] finished in 0.0001 seconds
[09-20 06:48:18] [RealtimeTextEncodingStage] started...
[09-20 06:48:18] [RealtimeTextEncodingStage] finished in 0.0000 seconds
[09-20 06:48:18] [AuxiliaryConditionEncodingStage] started...
[09-20 06:48:18] [AuxiliaryConditionEncodingStage] finished in 0.0022 seconds
[09-20 06:48:18] [RealtimeImageVAEEncodingStage] started...
[09-20 06:48:18] [RealtimeImageVAEEncodingStage] finished in 0.0000 seconds
[09-20 06:48:18] [DMDTimestepPreparationStage] started...
[09-20 06:48:18] [DMDTimestepPreparationStage] finished in 0.0002 seconds
[09-20 06:48:18] [RealtimeChunkLatentPreparationStage] started...
[09-20 06:48:18] [RealtimeChunkLatentPreparationStage] finished in 0.0001 seconds
[09-20 06:48:18] [LingBotWorldCausalDMDDenoisingStage] started...
[09-20 06:48:18] realtime chunk timing: session_id=f46b1b3640504bbf8321570a8fa3d9b4 request_id=f46b1b3640504bbf8321570a8fa3d9b4_2616671c55554462b36fde0bcd58d607 chunk_idx=7 event_id=None condition_kinds=['camera_actions'] request_prepare=0.47ms scheduler_forward=2471.59ms output_pace=0.00ms header_pack=0.01ms header_write=0.03ms raw_payload_build=1.43ms raw_write=4.41ms ws_write=4.44ms chunk_total=2478.79ms batches=1 frames=12 frame_shape=(480, 832, 3) raw_bytes=14376960 ws_payload_bytes=14377291 content_type=application/x-raw-rgb
[09-20 06:48:20] [LingBotWorldCausalDMDDenoisingStage] finished in 2.0924 seconds
[09-20 06:48:20] [CausalVaeDecodingStage] started...
[09-20 06:48:20] [CausalVaeDecodingStage] finished in 0.3475 seconds
[09-20 06:48:20] realtime raw RGB frame batch timing: request_id=f46b1b3640504bbf8321570a8fa3d9b4_4a5adfa4fb9f4a0babef64c9563d8ffb chunk_idx=8 sample_to_frames=1.31ms frames_to_bytes=2.12ms total=3.46ms batches=1 frames=12 frame_shape=(480, 832, 3) raw_bytes=14376960 content_type=application/x-raw-rgb
[09-20 06:48:20] Pixel data generated successfully in [92m2.46[0;0m seconds
[09-20 06:48:20] Peak memory usage: 82744.00 MB
[09-20 06:48:20] Adjusting number of frames from 21 to 21 based on model
[09-20 06:48:20] Sampling params:
                       width: 832
                      height: 480
                  num_frames: 21
                         fps: 16
                      prompt: <redacted, len=62>
                  neg_prompt: None
                        seed: 42
                 infer_steps: 4
      num_outputs_per_prompt: 1
              guidance_scale: 1.0
     embedded_guidance_scale: 6.0
                    n_tokens: None
                  flow_shift: 5.0
                  image_path: inputs/uploads/f46b1b3640504bbf8321570a8fa3d9b4_first_frame
                 save_output: False
            output_file_path: outputs/f46b1b3640504bbf8321570a8fa3d9b4_db5731c9d8ed4461a7e612e8539df509.mp4
        
[09-20 06:48:20] Running pipeline stages: ['RealtimeInputValidationStage', 'RealtimeTextEncodingStage', 'AuxiliaryConditionEncodingStage', 'RealtimeImageVAEEncodingStage', 'DMDTimestepPreparationStage', 'RealtimeChunkLatentPreparationStage', 'LingBotWorldCausalDMDDenoisingStage', 'CausalVaeDecodingStage']
[09-20 06:48:20] [RealtimeInputValidationStage] started...
[09-20 06:48:20] [RealtimeInputValidationStage] finished in 0.0001 seconds
[09-20 06:48:20] [RealtimeTextEncodingStage] started...
[09-20 06:48:20] [RealtimeTextEncodingStage] finished in 0.0000 seconds
[09-20 06:48:20] [AuxiliaryConditionEncodingStage] started...
[09-20 06:48:20] [AuxiliaryConditionEncodingStage] finished in 0.0023 seconds
[09-20 06:48:20] [RealtimeImageVAEEncodingStage] started...
[09-20 06:48:20] [RealtimeImageVAEEncodingStage] finished in 0.0000 seconds
[09-20 06:48:20] [DMDTimestepPreparationStage] started...
[09-20 06:48:20] [DMDTimestepPreparationStage] finished in 0.0002 seconds
[09-20 06:48:20] [RealtimeChunkLatentPreparationStage] started...
[09-20 06:48:20] [RealtimeChunkLatentPreparationStage] finished in 0.0001 seconds
[09-20 06:48:20] realtime chunk timing: session_id=f46b1b3640504bbf8321570a8fa3d9b4 request_id=f46b1b3640504bbf8321570a8fa3d9b4_4a5adfa4fb9f4a0babef64c9563d8ffb chunk_idx=8 event_id=None condition_kinds=['camera_actions'] request_prepare=0.45ms scheduler_forward=2464.31ms output_pace=0.00ms header_pack=0.01ms header_write=0.03ms raw_payload_build=1.40ms raw_write=4.36ms ws_write=4.40ms chunk_total=2471.42ms batches=1 frames=12 frame_shape=(480, 832, 3) raw_bytes=14376960 ws_payload_bytes=14377291 content_type=application/x-raw-rgb
[09-20 06:48:20] [LingBotWorldCausalDMDDenoisingStage] started...
[09-20 06:48:22] [LingBotWorldCausalDMDDenoisingStage] finished in 2.0980 seconds
[09-20 06:48:22] [CausalVaeDecodingStage] started...
[09-20 06:48:23] [CausalVaeDecodingStage] finished in 0.3467 seconds
[09-20 06:48:23] realtime raw RGB frame batch timing: request_id=f46b1b3640504bbf8321570a8fa3d9b4_db5731c9d8ed4461a7e612e8539df509 chunk_idx=9 sample_to_frames=1.27ms frames_to_bytes=2.07ms total=3.36ms batches=1 frames=12 frame_shape=(480, 832, 3) raw_bytes=14376960 content_type=application/x-raw-rgb
[09-20 06:48:23] Pixel data generated successfully in [92m2.47[0;0m seconds
[09-20 06:48:23] Peak memory usage: 82744.00 MB
[09-20 06:48:23] Adjusting number of frames from 21 to 21 based on model
[09-20 06:48:23] Sampling params:
                       width: 832
                      height: 480
                  num_frames: 21
                         fps: 16
                      prompt: <redacted, len=62>
                  neg_prompt: None
                        seed: 42
                 infer_steps: 4
      num_outputs_per_prompt: 1
              guidance_scale: 1.0
     embedded_guidance_scale: 6.0
                    n_tokens: None
                  flow_shift: 5.0
                  image_path: inputs/uploads/f46b1b3640504bbf8321570a8fa3d9b4_first_frame
                 save_output: False
            output_file_path: outputs/f46b1b3640504bbf8321570a8fa3d9b4_7178fb11a0974fee996f2f238c587379.mp4
        
[09-20 06:48:23] Running pipeline stages: ['RealtimeInputValidationStage', 'RealtimeTextEncodingStage', 'AuxiliaryConditionEncodingStage', 'RealtimeImageVAEEncodingStage', 'DMDTimestepPreparationStage', 'RealtimeChunkLatentPreparationStage', 'LingBotWorldCausalDMDDenoisingStage', 'CausalVaeDecodingStage']
[09-20 06:48:23] [RealtimeInputValidationStage] started...
[09-20 06:48:23] [RealtimeInputValidationStage] finished in 0.0001 seconds
[09-20 06:48:23] [RealtimeTextEncodingStage] started...
[09-20 06:48:23] [RealtimeTextEncodingStage] finished in 0.0000 seconds
[09-20 06:48:23] [AuxiliaryConditionEncodingStage] started...
[09-20 06:48:23] [AuxiliaryConditionEncodingStage] finished in 0.0024 seconds
[09-20 06:48:23] [RealtimeImageVAEEncodingStage] started...
[09-20 06:48:23] [RealtimeImageVAEEncodingStage] finished in 0.0000 seconds
[09-20 06:48:23] [DMDTimestepPreparationStage] started...
[09-20 06:48:23] [DMDTimestepPreparationStage] finished in 0.0002 seconds
[09-20 06:48:23] [RealtimeChunkLatentPreparationStage] started...
[09-20 06:48:23] [RealtimeChunkLatentPreparationStage] finished in 0.0001 seconds
[09-20 06:48:23] [LingBotWorldCausalDMDDenoisingStage] started...
[09-20 06:48:23] realtime chunk timing: session_id=f46b1b3640504bbf8321570a8fa3d9b4 request_id=f46b1b3640504bbf8321570a8fa3d9b4_db5731c9d8ed4461a7e612e8539df509 chunk_idx=9 event_id=None condition_kinds=['camera_actions'] request_prepare=0.46ms scheduler_forward=2473.03ms output_pace=0.00ms header_pack=0.01ms header_write=0.03ms raw_payload_build=1.47ms raw_write=4.71ms ws_write=4.75ms chunk_total=2480.58ms batches=1 frames=12 frame_shape=(480, 832, 3) raw_bytes=14376960 ws_payload_bytes=14377291 content_type=application/x-raw-rgb
[09-20 06:48:25] [LingBotWorldCausalDMDDenoisingStage] finished in 2.0969 seconds
[09-20 06:48:25] [CausalVaeDecodingStage] started...
[09-20 06:48:25] [CausalVaeDecodingStage] finished in 0.3474 seconds
[09-20 06:48:25] realtime raw RGB frame batch timing: request_id=f46b1b3640504bbf8321570a8fa3d9b4_7178fb11a0974fee996f2f238c587379 chunk_idx=10 sample_to_frames=2.81ms frames_to_bytes=3.21ms total=6.05ms batches=1 frames=12 frame_shape=(480, 832, 3) raw_bytes=14376960 content_type=application/x-raw-rgb
[09-20 06:48:25] Pixel data generated successfully in [92m2.47[0;0m seconds
[09-20 06:48:25] Peak memory usage: 82744.00 MB
[09-20 06:48:25] Adjusting number of frames from 21 to 21 based on model
[09-20 06:48:25] Sampling params:
                       width: 832
                      height: 480
                  num_frames: 21
                         fps: 16
                      prompt: <redacted, len=62>
                  neg_prompt: None
                        seed: 42
                 infer_steps: 4
      num_outputs_per_prompt: 1
              guidance_scale: 1.0
     embedded_guidance_scale: 6.0
                    n_tokens: None
                  flow_shift: 5.0
                  image_path: inputs/uploads/f46b1b3640504bbf8321570a8fa3d9b4_first_frame
                 save_output: False
            output_file_path: outputs/f46b1b3640504bbf8321570a8fa3d9b4_fa28cd1e2b9042bda0916fdcb6eb8d34.mp4
        
[09-20 06:48:25] Running pipeline stages: ['RealtimeInputValidationStage', 'RealtimeTextEncodingStage', 'AuxiliaryConditionEncodingStage', 'RealtimeImageVAEEncodingStage', 'DMDTimestepPreparationStage', 'RealtimeChunkLatentPreparationStage', 'LingBotWorldCausalDMDDenoisingStage', 'CausalVaeDecodingStage']
[09-20 06:48:25] [RealtimeInputValidationStage] started...
[09-20 06:48:25] [RealtimeInputValidationStage] finished in 0.0001 seconds
[09-20 06:48:25] [RealtimeTextEncodingStage] started...
[09-20 06:48:25] [RealtimeTextEncodingStage] finished in 0.0000 seconds
[09-20 06:48:25] [AuxiliaryConditionEncodingStage] started...
[09-20 06:48:25] [AuxiliaryConditionEncodingStage] finished in 0.0024 seconds
[09-20 06:48:25] [RealtimeImageVAEEncodingStage] started...
[09-20 06:48:25] [RealtimeImageVAEEncodingStage] finished in 0.0000 seconds
[09-20 06:48:25] [DMDTimestepPreparationStage] started...
[09-20 06:48:25] [DMDTimestepPreparationStage] finished in 0.0002 seconds
[09-20 06:48:25] [RealtimeChunkLatentPreparationStage] started...
[09-20 06:48:25] [RealtimeChunkLatentPreparationStage] finished in 0.0001 seconds
[09-20 06:48:25] [LingBotWorldCausalDMDDenoisingStage] started...
[09-20 06:48:25] realtime chunk timing: session_id=f46b1b3640504bbf8321570a8fa3d9b4 request_id=f46b1b3640504bbf8321570a8fa3d9b4_7178fb11a0974fee996f2f238c587379 chunk_idx=10 event_id=None condition_kinds=['camera_actions'] request_prepare=0.45ms scheduler_forward=2474.52ms output_pace=0.00ms header_pack=0.01ms header_write=0.03ms raw_payload_build=1.46ms raw_write=4.49ms ws_write=4.53ms chunk_total=2481.83ms batches=1 frames=12 frame_shape=(480, 832, 3) raw_bytes=14376960 ws_payload_bytes=14377291 content_type=application/x-raw-rgb
[09-20 06:48:27] [LingBotWorldCausalDMDDenoisingStage] finished in 2.0978 seconds
[09-20 06:48:27] [CausalVaeDecodingStage] started...
[09-20 06:48:28] [CausalVaeDecodingStage] finished in 0.3472 seconds
[09-20 06:48:28] realtime raw RGB frame batch timing: request_id=f46b1b3640504bbf8321570a8fa3d9b4_fa28cd1e2b9042bda0916fdcb6eb8d34 chunk_idx=11 sample_to_frames=1.28ms frames_to_bytes=2.21ms total=3.53ms batches=1 frames=12 frame_shape=(480, 832, 3) raw_bytes=14376960 content_type=application/x-raw-rgb
[09-20 06:48:28] Pixel data generated successfully in [92m2.47[0;0m seconds
[09-20 06:48:28] Peak memory usage: 82744.00 MB
[09-20 06:48:28] Adjusting number of frames from 21 to 21 based on model
[09-20 06:48:28] Sampling params:
                       width: 832
                      height: 480
                  num_frames: 21
                         fps: 16
                      prompt: <redacted, len=62>
                  neg_prompt: None
                        seed: 42
                 infer_steps: 4
      num_outputs_per_prompt: 1
              guidance_scale: 1.0
     embedded_guidance_scale: 6.0
                    n_tokens: None
                  flow_shift: 5.0
                  image_path: inputs/uploads/f46b1b3640504bbf8321570a8fa3d9b4_first_frame
                 save_output: False
            output_file_path: outputs/f46b1b3640504bbf8321570a8fa3d9b4_5b1c8b38166b489ca0f4011d0c74631a.mp4
        
[09-20 06:48:28] Running pipeline stages: ['RealtimeInputValidationStage', 'RealtimeTextEncodingStage', 'AuxiliaryConditionEncodingStage', 'RealtimeImageVAEEncodingStage', 'DMDTimestepPreparationStage', 'RealtimeChunkLatentPreparationStage', 'LingBotWorldCausalDMDDenoisingStage', 'CausalVaeDecodingStage']
[09-20 06:48:28] [RealtimeInputValidationStage] started...
[09-20 06:48:28] [RealtimeInputValidationStage] finished in 0.0001 seconds
[09-20 06:48:28] [RealtimeTextEncodingStage] started...
[09-20 06:48:28] [RealtimeTextEncodingStage] finished in 0.0000 seconds
[09-20 06:48:28] [AuxiliaryConditionEncodingStage] started...
[09-20 06:48:28] [AuxiliaryConditionEncodingStage] finished in 0.0026 seconds
[09-20 06:48:28] [RealtimeImageVAEEncodingStage] started...
[09-20 06:48:28] [RealtimeImageVAEEncodingStage] finished in 0.0000 seconds
[09-20 06:48:28] realtime chunk timing: session_id=f46b1b3640504bbf8321570a8fa3d9b4 request_id=f46b1b3640504bbf8321570a8fa3d9b4_fa28cd1e2b9042bda0916fdcb6eb8d34 chunk_idx=11 event_id=None condition_kinds=['camera_actions'] request_prepare=0.46ms scheduler_forward=2474.82ms output_pace=0.00ms header_pack=0.01ms header_write=0.03ms raw_payload_build=1.46ms raw_write=4.45ms ws_write=4.49ms chunk_total=2482.10ms batches=1 frames=12 frame_shape=(480, 832, 3) raw_bytes=14376960 ws_payload_bytes=14377291 content_type=application/x-raw-rgb
[09-20 06:48:28] [DMDTimestepPreparationStage] started...
[09-20 06:48:28] [DMDTimestepPreparationStage] finished in 0.0002 seconds
[09-20 06:48:28] [RealtimeChunkLatentPreparationStage] started...
[09-20 06:48:28] [RealtimeChunkLatentPreparationStage] finished in 0.0001 seconds
[09-20 06:48:28] [LingBotWorldCausalDMDDenoisingStage] started...
[09-20 06:48:30] [LingBotWorldCausalDMDDenoisingStage] finished in 2.0985 seconds
[09-20 06:48:30] [CausalVaeDecodingStage] started...
[09-20 06:48:30] [CausalVaeDecodingStage] finished in 0.3473 seconds
[09-20 06:48:30] realtime raw RGB frame batch timing: request_id=f46b1b3640504bbf8321570a8fa3d9b4_5b1c8b38166b489ca0f4011d0c74631a chunk_idx=12 sample_to_frames=1.33ms frames_to_bytes=2.06ms total=3.42ms batches=1 frames=12 frame_shape=(480, 832, 3) raw_bytes=14376960 content_type=application/x-raw-rgb
[09-20 06:48:30] Pixel data generated successfully in [92m2.47[0;0m seconds
[09-20 06:48:30] Peak memory usage: 82744.00 MB
[09-20 06:48:30] Adjusting number of frames from 21 to 21 based on model
[09-20 06:48:30] Sampling params:
                       width: 832
                      height: 480
                  num_frames: 21
                         fps: 16
                      prompt: <redacted, len=62>
                  neg_prompt: None
                        seed: 42
                 infer_steps: 4
      num_outputs_per_prompt: 1
              guidance_scale: 1.0
     embedded_guidance_scale: 6.0
                    n_tokens: None
                  flow_shift: 5.0
                  image_path: inputs/uploads/f46b1b3640504bbf8321570a8fa3d9b4_first_frame
                 save_output: False
            output_file_path: outputs/f46b1b3640504bbf8321570a8fa3d9b4_9aebf52ab46d4941adba1986562b964c.mp4
        
[09-20 06:48:30] Running pipeline stages: ['RealtimeInputValidationStage', 'RealtimeTextEncodingStage', 'AuxiliaryConditionEncodingStage', 'RealtimeImageVAEEncodingStage', 'DMDTimestepPreparationStage', 'RealtimeChunkLatentPreparationStage', 'LingBotWorldCausalDMDDenoisingStage', 'CausalVaeDecodingStage']
[09-20 06:48:30] [RealtimeInputValidationStage] started...
[09-20 06:48:30] [RealtimeInputValidationStage] finished in 0.0001 seconds
[09-20 06:48:30] [RealtimeTextEncodingStage] started...
[09-20 06:48:30] [RealtimeTextEncodingStage] finished in 0.0000 seconds
[09-20 06:48:30] [AuxiliaryConditionEncodingStage] started...
[09-20 06:48:30] [AuxiliaryConditionEncodingStage] finished in 0.0027 seconds
[09-20 06:48:30] [RealtimeImageVAEEncodingStage] started...
[09-20 06:48:30] [RealtimeImageVAEEncodingStage] finished in 0.0000 seconds
[09-20 06:48:30] [DMDTimestepPreparationStage] started...
[09-20 06:48:30] [DMDTimestepPreparationStage] finished in 0.0002 seconds
[09-20 06:48:30] realtime chunk timing: session_id=f46b1b3640504bbf8321570a8fa3d9b4 request_id=f46b1b3640504bbf8321570a8fa3d9b4_5b1c8b38166b489ca0f4011d0c74631a chunk_idx=12 event_id=None condition_kinds=['camera_actions'] request_prepare=0.46ms scheduler_forward=2472.14ms output_pace=0.00ms header_pack=0.01ms header_write=0.03ms raw_payload_build=1.45ms raw_write=4.40ms ws_write=4.44ms chunk_total=2479.39ms batches=1 frames=12 frame_shape=(480, 832, 3) raw_bytes=14376960 ws_payload_bytes=14377291 content_type=application/x-raw-rgb
[09-20 06:48:30] [RealtimeChunkLatentPreparationStage] started...
[09-20 06:48:30] [RealtimeChunkLatentPreparationStage] finished in 0.0001 seconds
[09-20 06:48:30] [LingBotWorldCausalDMDDenoisingStage] started...
[09-20 06:48:32] [LingBotWorldCausalDMDDenoisingStage] finished in 2.0993 seconds
[09-20 06:48:32] [CausalVaeDecodingStage] started...
[09-20 06:48:33] [CausalVaeDecodingStage] finished in 0.3473 seconds
[09-20 06:48:33] realtime raw RGB frame batch timing: request_id=f46b1b3640504bbf8321570a8fa3d9b4_9aebf52ab46d4941adba1986562b964c chunk_idx=13 sample_to_frames=1.29ms frames_to_bytes=2.05ms total=3.37ms batches=1 frames=12 frame_shape=(480, 832, 3) raw_bytes=14376960 content_type=application/x-raw-rgb
[09-20 06:48:33] Pixel data generated successfully in [92m2.47[0;0m seconds
[09-20 06:48:33] Peak memory usage: 82744.00 MB
[09-20 06:48:33] Adjusting number of frames from 21 to 21 based on model
[09-20 06:48:33] Sampling params:
                       width: 832
                      height: 480
                  num_frames: 21
                         fps: 16
                      prompt: <redacted, len=62>
                  neg_prompt: None
                        seed: 42
                 infer_steps: 4
      num_outputs_per_prompt: 1
              guidance_scale: 1.0
     embedded_guidance_scale: 6.0
                    n_tokens: None
                  flow_shift: 5.0
                  image_path: inputs/uploads/f46b1b3640504bbf8321570a8fa3d9b4_first_frame
                 save_output: False
            output_file_path: outputs/f46b1b3640504bbf8321570a8fa3d9b4_a4350e9c1aa34a01bc127596e00bf55e.mp4
        
[09-20 06:48:33] Running pipeline stages: ['RealtimeInputValidationStage', 'RealtimeTextEncodingStage', 'AuxiliaryConditionEncodingStage', 'RealtimeImageVAEEncodingStage', 'DMDTimestepPreparationStage', 'RealtimeChunkLatentPreparationStage', 'LingBotWorldCausalDMDDenoisingStage', 'CausalVaeDecodingStage']
[09-20 06:48:33] [RealtimeInputValidationStage] started...
[09-20 06:48:33] [RealtimeInputValidationStage] finished in 0.0001 seconds
[09-20 06:48:33] [RealtimeTextEncodingStage] started...
[09-20 06:48:33] [RealtimeTextEncodingStage] finished in 0.0000 seconds
[09-20 06:48:33] [AuxiliaryConditionEncodingStage] started...
[09-20 06:48:33] [AuxiliaryConditionEncodingStage] finished in 0.0026 seconds
[09-20 06:48:33] [RealtimeImageVAEEncodingStage] started...
[09-20 06:48:33] [RealtimeImageVAEEncodingStage] finished in 0.0000 seconds
[09-20 06:48:33] [DMDTimestepPreparationStage] started...
[09-20 06:48:33] [DMDTimestepPreparationStage] finished in 0.0002 seconds
[09-20 06:48:33] [RealtimeChunkLatentPreparationStage] started...
[09-20 06:48:33] [RealtimeChunkLatentPreparationStage] finished in 0.0001 seconds
[09-20 06:48:33] realtime chunk timing: session_id=f46b1b3640504bbf8321570a8fa3d9b4 request_id=f46b1b3640504bbf8321570a8fa3d9b4_9aebf52ab46d4941adba1986562b964c chunk_idx=13 event_id=None condition_kinds=['camera_actions'] request_prepare=0.46ms scheduler_forward=2471.04ms output_pace=0.00ms header_pack=0.01ms header_write=0.03ms raw_payload_build=1.44ms raw_write=4.40ms ws_write=4.44ms chunk_total=2478.26ms batches=1 frames=12 frame_shape=(480, 832, 3) raw_bytes=14376960 ws_payload_bytes=14377291 content_type=application/x-raw-rgb
[09-20 06:48:33] [LingBotWorldCausalDMDDenoisingStage] started...
[09-20 06:48:35] [LingBotWorldCausalDMDDenoisingStage] finished in 2.1035 seconds
[09-20 06:48:35] [CausalVaeDecodingStage] started...
[09-20 06:48:35] [CausalVaeDecodingStage] finished in 0.3479 seconds
[09-20 06:48:35] realtime raw RGB frame batch timing: request_id=f46b1b3640504bbf8321570a8fa3d9b4_a4350e9c1aa34a01bc127596e00bf55e chunk_idx=14 sample_to_frames=2.17ms frames_to_bytes=3.60ms total=5.80ms batches=1 frames=12 frame_shape=(480, 832, 3) raw_bytes=14376960 content_type=application/x-raw-rgb
[09-20 06:48:35] Pixel data generated successfully in [92m2.49[0;0m seconds
[09-20 06:48:35] Peak memory usage: 82744.00 MB
[09-20 06:48:35] Adjusting number of frames from 21 to 21 based on model
[09-20 06:48:35] Sampling params:
                       width: 832
                      height: 480
                  num_frames: 21
                         fps: 16
                      prompt: <redacted, len=62>
                  neg_prompt: None
                        seed: 42
                 infer_steps: 4
      num_outputs_per_prompt: 1
              guidance_scale: 1.0
     embedded_guidance_scale: 6.0
                    n_tokens: None
                  flow_shift: 5.0
                  image_path: inputs/uploads/f46b1b3640504bbf8321570a8fa3d9b4_first_frame
                 save_output: False
            output_file_path: outputs/f46b1b3640504bbf8321570a8fa3d9b4_09a5ee6a6b2d4411a78b204739ae5640.mp4
        
[09-20 06:48:35] Running pipeline stages: ['RealtimeInputValidationStage', 'RealtimeTextEncodingStage', 'AuxiliaryConditionEncodingStage', 'RealtimeImageVAEEncodingStage', 'DMDTimestepPreparationStage', 'RealtimeChunkLatentPreparationStage', 'LingBotWorldCausalDMDDenoisingStage', 'CausalVaeDecodingStage']
[09-20 06:48:35] [RealtimeInputValidationStage] started...
[09-20 06:48:35] [RealtimeInputValidationStage] finished in 0.0001 seconds
[09-20 06:48:35] [RealtimeTextEncodingStage] started...
[09-20 06:48:35] [RealtimeTextEncodingStage] finished in 0.0000 seconds
[09-20 06:48:35] [AuxiliaryConditionEncodingStage] started...
[09-20 06:48:35] [AuxiliaryConditionEncodingStage] finished in 0.0028 seconds
[09-20 06:48:35] [RealtimeImageVAEEncodingStage] started...
[09-20 06:48:35] [RealtimeImageVAEEncodingStage] finished in 0.0000 seconds
[09-20 06:48:35] [DMDTimestepPreparationStage] started...
[09-20 06:48:35] [DMDTimestepPreparationStage] finished in 0.0003 seconds
[09-20 06:48:35] realtime chunk timing: session_id=f46b1b3640504bbf8321570a8fa3d9b4 request_id=f46b1b3640504bbf8321570a8fa3d9b4_a4350e9c1aa34a01bc127596e00bf55e chunk_idx=14 event_id=None condition_kinds=['camera_actions'] request_prepare=0.47ms scheduler_forward=2486.26ms output_pace=0.00ms header_pack=0.02ms header_write=0.04ms raw_payload_build=1.51ms raw_write=4.58ms ws_write=4.62ms chunk_total=2493.74ms batches=1 frames=12 frame_shape=(480, 832, 3) raw_bytes=14376960 ws_payload_bytes=14377291 content_type=application/x-raw-rgb
[09-20 06:48:35] [RealtimeChunkLatentPreparationStage] started...
[09-20 06:48:35] [RealtimeChunkLatentPreparationStage] finished in 0.0001 seconds
[09-20 06:48:35] [LingBotWorldCausalDMDDenoisingStage] started...
[09-20 06:48:37] [LingBotWorldCausalDMDDenoisingStage] finished in 2.1037 seconds
[09-20 06:48:37] [CausalVaeDecodingStage] started...
[09-20 06:48:38] [CausalVaeDecodingStage] finished in 0.3469 seconds
[09-20 06:48:38] realtime raw RGB frame batch timing: request_id=f46b1b3640504bbf8321570a8fa3d9b4_09a5ee6a6b2d4411a78b204739ae5640 chunk_idx=15 sample_to_frames=1.28ms frames_to_bytes=2.29ms total=3.61ms batches=1 frames=12 frame_shape=(480, 832, 3) raw_bytes=14376960 content_type=application/x-raw-rgb
[09-20 06:48:38] Pixel data generated successfully in [92m2.48[0;0m seconds
[09-20 06:48:38] Peak memory usage: 82744.00 MB
[09-20 06:48:38] Adjusting number of frames from 21 to 21 based on model
[09-20 06:48:38] Sampling params:
                       width: 832
                      height: 480
                  num_frames: 21
                         fps: 16
                      prompt: <redacted, len=62>
                  neg_prompt: None
                        seed: 42
                 infer_steps: 4
      num_outputs_per_prompt: 1
              guidance_scale: 1.0
     embedded_guidance_scale: 6.0
                    n_tokens: None
                  flow_shift: 5.0
                  image_path: inputs/uploads/f46b1b3640504bbf8321570a8fa3d9b4_first_frame
                 save_output: False
            output_file_path: outputs/f46b1b3640504bbf8321570a8fa3d9b4_4940f5cabd49429fbd84d806a0ca6133.mp4
        
[09-20 06:48:38] Running pipeline stages: ['RealtimeInputValidationStage', 'RealtimeTextEncodingStage', 'AuxiliaryConditionEncodingStage', 'RealtimeImageVAEEncodingStage', 'DMDTimestepPreparationStage', 'RealtimeChunkLatentPreparationStage', 'LingBotWorldCausalDMDDenoisingStage', 'CausalVaeDecodingStage']
[09-20 06:48:38] [RealtimeInputValidationStage] started...
[09-20 06:48:38] [RealtimeInputValidationStage] finished in 0.0001 seconds
[09-20 06:48:38] [RealtimeTextEncodingStage] started...
[09-20 06:48:38] [RealtimeTextEncodingStage] finished in 0.0000 seconds
[09-20 06:48:38] [AuxiliaryConditionEncodingStage] started...
[09-20 06:48:38] [AuxiliaryConditionEncodingStage] finished in 0.0028 seconds
[09-20 06:48:38] [RealtimeImageVAEEncodingStage] started...
[09-20 06:48:38] [RealtimeImageVAEEncodingStage] finished in 0.0000 seconds
[09-20 06:48:38] [DMDTimestepPreparationStage] started...
[09-20 06:48:38] [DMDTimestepPreparationStage] finished in 0.0002 seconds
[09-20 06:48:38] realtime chunk timing: session_id=f46b1b3640504bbf8321570a8fa3d9b4 request_id=f46b1b3640504bbf8321570a8fa3d9b4_09a5ee6a6b2d4411a78b204739ae5640 chunk_idx=15 event_id=None condition_kinds=['camera_actions'] request_prepare=0.46ms scheduler_forward=2482.11ms output_pace=0.00ms header_pack=0.01ms header_write=0.03ms raw_payload_build=1.39ms raw_write=4.39ms ws_write=4.42ms chunk_total=2489.27ms batches=1 frames=12 frame_shape=(480, 832, 3) raw_bytes=14376960 ws_payload_bytes=14377291 content_type=application/x-raw-rgb
[09-20 06:48:38] [RealtimeChunkLatentPreparationStage] started...
[09-20 06:48:38] [RealtimeChunkLatentPreparationStage] finished in 0.0001 seconds
[09-20 06:48:38] [LingBotWorldCausalDMDDenoisingStage] started...
[09-20 06:48:40] [LingBotWorldCausalDMDDenoisingStage] finished in 2.1015 seconds
[09-20 06:48:40] [CausalVaeDecodingStage] started...
[09-20 06:48:40] [CausalVaeDecodingStage] finished in 0.3473 seconds
[09-20 06:48:40] realtime raw RGB frame batch timing: request_id=f46b1b3640504bbf8321570a8fa3d9b4_4940f5cabd49429fbd84d806a0ca6133 chunk_idx=16 sample_to_frames=1.31ms frames_to_bytes=2.10ms total=3.44ms batches=1 frames=12 frame_shape=(480, 832, 3) raw_bytes=14376960 content_type=application/x-raw-rgb
[09-20 06:48:40] Pixel data generated successfully in [92m2.48[0;0m seconds
[09-20 06:48:40] Peak memory usage: 82744.00 MB
[09-20 06:48:40] Adjusting number of frames from 21 to 21 based on model
[09-20 06:48:40] Sampling params:
                       width: 832
                      height: 480
                  num_frames: 21
                         fps: 16
                      prompt: <redacted, len=62>
                  neg_prompt: None
                        seed: 42
                 infer_steps: 4
      num_outputs_per_prompt: 1
              guidance_scale: 1.0
     embedded_guidance_scale: 6.0
                    n_tokens: None
                  flow_shift: 5.0
                  image_path: inputs/uploads/f46b1b3640504bbf8321570a8fa3d9b4_first_frame
                 save_output: False
            output_file_path: outputs/f46b1b3640504bbf8321570a8fa3d9b4_492963899518414aae44f839b21e2930.mp4
        
[09-20 06:48:40] Running pipeline stages: ['RealtimeInputValidationStage', 'RealtimeTextEncodingStage', 'AuxiliaryConditionEncodingStage', 'RealtimeImageVAEEncodingStage', 'DMDTimestepPreparationStage', 'RealtimeChunkLatentPreparationStage', 'LingBotWorldCausalDMDDenoisingStage', 'CausalVaeDecodingStage']
[09-20 06:48:40] [RealtimeInputValidationStage] started...
[09-20 06:48:40] [RealtimeInputValidationStage] finished in 0.0001 seconds
[09-20 06:48:40] [RealtimeTextEncodingStage] started...
[09-20 06:48:40] [RealtimeTextEncodingStage] finished in 0.0000 seconds
[09-20 06:48:40] [AuxiliaryConditionEncodingStage] started...
[09-20 06:48:40] [AuxiliaryConditionEncodingStage] finished in 0.0029 seconds
[09-20 06:48:40] [RealtimeImageVAEEncodingStage] started...
[09-20 06:48:40] [RealtimeImageVAEEncodingStage] finished in 0.0000 seconds
[09-20 06:48:40] [DMDTimestepPreparationStage] started...
[09-20 06:48:40] realtime chunk timing: session_id=f46b1b3640504bbf8321570a8fa3d9b4 request_id=f46b1b3640504bbf8321570a8fa3d9b4_4940f5cabd49429fbd84d806a0ca6133 chunk_idx=16 event_id=None condition_kinds=['camera_actions'] request_prepare=0.46ms scheduler_forward=2477.60ms output_pace=0.00ms header_pack=0.02ms header_write=0.03ms raw_payload_build=1.42ms raw_write=4.38ms ws_write=4.41ms chunk_total=2484.78ms batches=1 frames=12 frame_shape=(480, 832, 3) raw_bytes=14376960 ws_payload_bytes=14377291 content_type=application/x-raw-rgb
[09-20 06:48:40] [DMDTimestepPreparationStage] finished in 0.0003 seconds
[09-20 06:48:40] [RealtimeChunkLatentPreparationStage] started...
[09-20 06:48:40] [RealtimeChunkLatentPreparationStage] finished in 0.0001 seconds
[09-20 06:48:40] [LingBotWorldCausalDMDDenoisingStage] started...
[09-20 06:48:42] [LingBotWorldCausalDMDDenoisingStage] finished in 2.1055 seconds
[09-20 06:48:42] [CausalVaeDecodingStage] started...
[09-20 06:48:42] [CausalVaeDecodingStage] finished in 0.3471 seconds
[09-20 06:48:42] realtime raw RGB frame batch timing: request_id=f46b1b3640504bbf8321570a8fa3d9b4_492963899518414aae44f839b21e2930 chunk_idx=17 sample_to_frames=1.28ms frames_to_bytes=2.07ms total=3.38ms batches=1 frames=12 frame_shape=(480, 832, 3) raw_bytes=14376960 content_type=application/x-raw-rgb
[09-20 06:48:43] Pixel data generated successfully in [92m2.48[0;0m seconds
[09-20 06:48:43] Peak memory usage: 82744.00 MB
[09-20 06:48:43] Adjusting number of frames from 21 to 21 based on model
[09-20 06:48:43] Sampling params:
                       width: 832
                      height: 480
                  num_frames: 21
                         fps: 16
                      prompt: <redacted, len=62>
                  neg_prompt: None
                        seed: 42
                 infer_steps: 4
      num_outputs_per_prompt: 1
              guidance_scale: 1.0
     embedded_guidance_scale: 6.0
                    n_tokens: None
                  flow_shift: 5.0
                  image_path: inputs/uploads/f46b1b3640504bbf8321570a8fa3d9b4_first_frame
                 save_output: False
            output_file_path: outputs/f46b1b3640504bbf8321570a8fa3d9b4_3297d3ad5d594e72804570b423791c85.mp4
        
[09-20 06:48:43] Running pipeline stages: ['RealtimeInputValidationStage', 'RealtimeTextEncodingStage', 'AuxiliaryConditionEncodingStage', 'RealtimeImageVAEEncodingStage', 'DMDTimestepPreparationStage', 'RealtimeChunkLatentPreparationStage', 'LingBotWorldCausalDMDDenoisingStage', 'CausalVaeDecodingStage']
[09-20 06:48:43] [RealtimeInputValidationStage] started...
[09-20 06:48:43] [RealtimeInputValidationStage] finished in 0.0001 seconds
[09-20 06:48:43] [RealtimeTextEncodingStage] started...
[09-20 06:48:43] [RealtimeTextEncodingStage] finished in 0.0000 seconds
[09-20 06:48:43] [AuxiliaryConditionEncodingStage] started...
[09-20 06:48:43] [AuxiliaryConditionEncodingStage] finished in 0.0029 seconds
[09-20 06:48:43] [RealtimeImageVAEEncodingStage] started...
[09-20 06:48:43] [RealtimeImageVAEEncodingStage] finished in 0.0000 seconds
[09-20 06:48:43] [DMDTimestepPreparationStage] started...
[09-20 06:48:43] [DMDTimestepPreparationStage] finished in 0.0002 seconds
[09-20 06:48:43] [RealtimeChunkLatentPreparationStage] started...
[09-20 06:48:43] realtime chunk timing: session_id=f46b1b3640504bbf8321570a8fa3d9b4 request_id=f46b1b3640504bbf8321570a8fa3d9b4_492963899518414aae44f839b21e2930 chunk_idx=17 event_id=None condition_kinds=['camera_actions'] request_prepare=0.46ms scheduler_forward=2475.83ms output_pace=0.00ms header_pack=0.01ms header_write=0.03ms raw_payload_build=1.44ms raw_write=4.35ms ws_write=4.39ms chunk_total=2482.98ms batches=1 frames=12 frame_shape=(480, 832, 3) raw_bytes=14376960 ws_payload_bytes=14377291 content_type=application/x-raw-rgb
[09-20 06:48:43] [RealtimeChunkLatentPreparationStage] finished in 0.0001 seconds
[09-20 06:48:43] [LingBotWorldCausalDMDDenoisingStage] started...
[09-20 06:48:45] [LingBotWorldCausalDMDDenoisingStage] finished in 2.1050 seconds
[09-20 06:48:45] [CausalVaeDecodingStage] started...
[09-20 06:48:45] [CausalVaeDecodingStage] finished in 0.3479 seconds
[09-20 06:48:45] realtime raw RGB frame batch timing: request_id=f46b1b3640504bbf8321570a8fa3d9b4_3297d3ad5d594e72804570b423791c85 chunk_idx=18 sample_to_frames=1.33ms frames_to_bytes=2.65ms total=4.04ms batches=1 frames=12 frame_shape=(480, 832, 3) raw_bytes=14376960 content_type=application/x-raw-rgb
[09-20 06:48:45] Pixel data generated successfully in [92m2.48[0;0m seconds
[09-20 06:48:45] Peak memory usage: 82744.00 MB
[09-20 06:48:45] Adjusting number of frames from 21 to 21 based on model
[09-20 06:48:45] Sampling params:
                       width: 832
                      height: 480
                  num_frames: 21
                         fps: 16
                      prompt: <redacted, len=62>
                  neg_prompt: None
                        seed: 42
                 infer_steps: 4
      num_outputs_per_prompt: 1
              guidance_scale: 1.0
     embedded_guidance_scale: 6.0
                    n_tokens: None
                  flow_shift: 5.0
                  image_path: inputs/uploads/f46b1b3640504bbf8321570a8fa3d9b4_first_frame
                 save_output: False
            output_file_path: outputs/f46b1b3640504bbf8321570a8fa3d9b4_2d9d0cef68724b14b6318206accc3783.mp4
        
[09-20 06:48:45] Running pipeline stages: ['RealtimeInputValidationStage', 'RealtimeTextEncodingStage', 'AuxiliaryConditionEncodingStage', 'RealtimeImageVAEEncodingStage', 'DMDTimestepPreparationStage', 'RealtimeChunkLatentPreparationStage', 'LingBotWorldCausalDMDDenoisingStage', 'CausalVaeDecodingStage']
[09-20 06:48:45] [RealtimeInputValidationStage] started...
[09-20 06:48:45] [RealtimeInputValidationStage] finished in 0.0001 seconds
[09-20 06:48:45] [RealtimeTextEncodingStage] started...
[09-20 06:48:45] [RealtimeTextEncodingStage] finished in 0.0000 seconds
[09-20 06:48:45] [AuxiliaryConditionEncodingStage] started...
[09-20 06:48:45] realtime chunk timing: session_id=f46b1b3640504bbf8321570a8fa3d9b4 request_id=f46b1b3640504bbf8321570a8fa3d9b4_3297d3ad5d594e72804570b423791c85 chunk_idx=18 event_id=None condition_kinds=['camera_actions'] request_prepare=0.46ms scheduler_forward=2483.81ms output_pace=0.00ms header_pack=0.01ms header_write=0.04ms raw_payload_build=1.50ms raw_write=4.41ms ws_write=4.45ms chunk_total=2491.09ms batches=1 frames=12 frame_shape=(480, 832, 3) raw_bytes=14376960 ws_payload_bytes=14377291 content_type=application/x-raw-rgb
[09-20 06:48:45] [AuxiliaryConditionEncodingStage] finished in 0.0031 seconds
[09-20 06:48:45] [RealtimeImageVAEEncodingStage] started...
[09-20 06:48:45] [RealtimeImageVAEEncodingStage] finished in 0.0000 seconds
[09-20 06:48:45] [DMDTimestepPreparationStage] started...
[09-20 06:48:45] [DMDTimestepPreparationStage] finished in 0.0003 seconds
[09-20 06:48:45] [RealtimeChunkLatentPreparationStage] started...
[09-20 06:48:45] [RealtimeChunkLatentPreparationStage] finished in 0.0001 seconds
[09-20 06:48:45] [LingBotWorldCausalDMDDenoisingStage] started...
[09-20 06:48:47] [LingBotWorldCausalDMDDenoisingStage] finished in 2.1024 seconds
[09-20 06:48:47] [CausalVaeDecodingStage] started...
[09-20 06:48:47] [CausalVaeDecodingStage] finished in 0.3470 seconds
[09-20 06:48:47] realtime raw RGB frame batch timing: request_id=f46b1b3640504bbf8321570a8fa3d9b4_2d9d0cef68724b14b6318206accc3783 chunk_idx=19 sample_to_frames=1.32ms frames_to_bytes=2.40ms total=3.74ms batches=1 frames=12 frame_shape=(480, 832, 3) raw_bytes=14376960 content_type=application/x-raw-rgb
[09-20 06:48:47] Pixel data generated successfully in [92m2.47[0;0m seconds
[09-20 06:48:47] Peak memory usage: 82744.00 MB
[09-20 06:48:47] Adjusting number of frames from 21 to 21 based on model
[09-20 06:48:47] Sampling params:
                       width: 832
                      height: 480
                  num_frames: 21
                         fps: 16
                      prompt: <redacted, len=62>
                  neg_prompt: None
                        seed: 42
                 infer_steps: 4
      num_outputs_per_prompt: 1
              guidance_scale: 1.0
     embedded_guidance_scale: 6.0
                    n_tokens: None
                  flow_shift: 5.0
                  image_path: inputs/uploads/f46b1b3640504bbf8321570a8fa3d9b4_first_frame
                 save_output: False
            output_file_path: outputs/f46b1b3640504bbf8321570a8fa3d9b4_0d4e65f77ee84f3085658194fd999272.mp4
        
[09-20 06:48:47] Running pipeline stages: ['RealtimeInputValidationStage', 'RealtimeTextEncodingStage', 'AuxiliaryConditionEncodingStage', 'RealtimeImageVAEEncodingStage', 'DMDTimestepPreparationStage', 'RealtimeChunkLatentPreparationStage', 'LingBotWorldCausalDMDDenoisingStage', 'CausalVaeDecodingStage']
[09-20 06:48:47] [RealtimeInputValidationStage] started...
[09-20 06:48:47] [RealtimeInputValidationStage] finished in 0.0001 seconds
[09-20 06:48:47] [RealtimeTextEncodingStage] started...
[09-20 06:48:47] [RealtimeTextEncodingStage] finished in 0.0000 seconds
[09-20 06:48:47] [AuxiliaryConditionEncodingStage] started...
[09-20 06:48:47] [AuxiliaryConditionEncodingStage] finished in 0.0029 seconds
[09-20 06:48:47] [RealtimeImageVAEEncodingStage] started...
[09-20 06:48:47] [RealtimeImageVAEEncodingStage] finished in 0.0000 seconds
[09-20 06:48:47] [DMDTimestepPreparationStage] started...
[09-20 06:48:47] [DMDTimestepPreparationStage] finished in 0.0002 seconds
[09-20 06:48:47] [RealtimeChunkLatentPreparationStage] started...
[09-20 06:48:47] [RealtimeChunkLatentPreparationStage] finished in 0.0001 seconds
[09-20 06:48:47] [LingBotWorldCausalDMDDenoisingStage] started...
[09-20 06:48:47] realtime chunk timing: session_id=f46b1b3640504bbf8321570a8fa3d9b4 request_id=f46b1b3640504bbf8321570a8fa3d9b4_2d9d0cef68724b14b6318206accc3783 chunk_idx=19 event_id=None condition_kinds=['camera_actions'] request_prepare=0.46ms scheduler_forward=2474.19ms output_pace=0.00ms header_pack=0.01ms header_write=0.03ms raw_payload_build=1.48ms raw_write=4.91ms ws_write=4.94ms chunk_total=2481.95ms batches=1 frames=12 frame_shape=(480, 832, 3) raw_bytes=14376960 ws_payload_bytes=14377291 content_type=application/x-raw-rgb
[09-20 06:48:50] [LingBotWorldCausalDMDDenoisingStage] finished in 2.1023 seconds
[09-20 06:48:50] [CausalVaeDecodingStage] started...
[09-20 06:48:50] [CausalVaeDecodingStage] finished in 0.3484 seconds
[09-20 06:48:50] realtime raw RGB frame batch timing: request_id=f46b1b3640504bbf8321570a8fa3d9b4_0d4e65f77ee84f3085658194fd999272 chunk_idx=20 sample_to_frames=1.27ms frames_to_bytes=3.05ms total=4.34ms batches=1 frames=12 frame_shape=(480, 832, 3) raw_bytes=14376960 content_type=application/x-raw-rgb
[09-20 06:48:50] Pixel data generated successfully in [92m2.48[0;0m seconds
[09-20 06:48:50] Peak memory usage: 82744.00 MB
[09-20 06:48:50] Adjusting number of frames from 21 to 21 based on model
[09-20 06:48:50] Sampling params:
                       width: 832
                      height: 480
                  num_frames: 21
                         fps: 16
                      prompt: <redacted, len=62>
                  neg_prompt: None
                        seed: 42
                 infer_steps: 4
      num_outputs_per_prompt: 1
              guidance_scale: 1.0
     embedded_guidance_scale: 6.0
                    n_tokens: None
                  flow_shift: 5.0
                  image_path: inputs/uploads/f46b1b3640504bbf8321570a8fa3d9b4_first_frame
                 save_output: False
            output_file_path: outputs/f46b1b3640504bbf8321570a8fa3d9b4_fe33cedffa974fd7add2941cfcaa8c96.mp4
        
[09-20 06:48:50] Running pipeline stages: ['RealtimeInputValidationStage', 'RealtimeTextEncodingStage', 'AuxiliaryConditionEncodingStage', 'RealtimeImageVAEEncodingStage', 'DMDTimestepPreparationStage', 'RealtimeChunkLatentPreparationStage', 'LingBotWorldCausalDMDDenoisingStage', 'CausalVaeDecodingStage']
[09-20 06:48:50] [RealtimeInputValidationStage] started...
[09-20 06:48:50] [RealtimeInputValidationStage] finished in 0.0001 seconds
[09-20 06:48:50] [RealtimeTextEncodingStage] started...
[09-20 06:48:50] [RealtimeTextEncodingStage] finished in 0.0000 seconds
[09-20 06:48:50] [AuxiliaryConditionEncodingStage] started...
[09-20 06:48:50] [AuxiliaryConditionEncodingStage] finished in 0.0030 seconds
[09-20 06:48:50] [RealtimeImageVAEEncodingStage] started...
[09-20 06:48:50] [RealtimeImageVAEEncodingStage] finished in 0.0000 seconds
[09-20 06:48:50] [DMDTimestepPreparationStage] started...
[09-20 06:48:50] [DMDTimestepPreparationStage] finished in 0.0002 seconds
[09-20 06:48:50] [RealtimeChunkLatentPreparationStage] started...
[09-20 06:48:50] realtime chunk timing: session_id=f46b1b3640504bbf8321570a8fa3d9b4 request_id=f46b1b3640504bbf8321570a8fa3d9b4_0d4e65f77ee84f3085658194fd999272 chunk_idx=20 event_id=None condition_kinds=['camera_actions'] request_prepare=0.46ms scheduler_forward=2480.15ms output_pace=0.00ms header_pack=0.02ms header_write=0.03ms raw_payload_build=1.49ms raw_write=4.50ms ws_write=4.53ms chunk_total=2487.53ms batches=1 frames=12 frame_shape=(480, 832, 3) raw_bytes=14376960 ws_payload_bytes=14377291 content_type=application/x-raw-rgb
[09-20 06:48:50] [RealtimeChunkLatentPreparationStage] finished in 0.0001 seconds
[09-20 06:48:50] [LingBotWorldCausalDMDDenoisingStage] started...
[09-20 06:48:52] [LingBotWorldCausalDMDDenoisingStage] finished in 2.1006 seconds
[09-20 06:48:52] [CausalVaeDecodingStage] started...
[09-20 06:48:52] [CausalVaeDecodingStage] finished in 0.3483 seconds
[09-20 06:48:52] realtime raw RGB frame batch timing: request_id=f46b1b3640504bbf8321570a8fa3d9b4_fe33cedffa974fd7add2941cfcaa8c96 chunk_idx=21 sample_to_frames=1.28ms frames_to_bytes=2.09ms total=3.40ms batches=1 frames=12 frame_shape=(480, 832, 3) raw_bytes=14376960 content_type=application/x-raw-rgb
[09-20 06:48:52] Pixel data generated successfully in [92m2.47[0;0m seconds
[09-20 06:48:52] Peak memory usage: 82744.00 MB
[09-20 06:48:52] Adjusting number of frames from 21 to 21 based on model
[09-20 06:48:52] Sampling params:
                       width: 832
                      height: 480
                  num_frames: 21
                         fps: 16
                      prompt: <redacted, len=62>
                  neg_prompt: None
                        seed: 42
                 infer_steps: 4
      num_outputs_per_prompt: 1
              guidance_scale: 1.0
     embedded_guidance_scale: 6.0
                    n_tokens: None
                  flow_shift: 5.0
                  image_path: inputs/uploads/f46b1b3640504bbf8321570a8fa3d9b4_first_frame
                 save_output: False
            output_file_path: outputs/f46b1b3640504bbf8321570a8fa3d9b4_7942294e061b4566994600dacf36b62d.mp4
        
[09-20 06:48:52] Running pipeline stages: ['RealtimeInputValidationStage', 'RealtimeTextEncodingStage', 'AuxiliaryConditionEncodingStage', 'RealtimeImageVAEEncodingStage', 'DMDTimestepPreparationStage', 'RealtimeChunkLatentPreparationStage', 'LingBotWorldCausalDMDDenoisingStage', 'CausalVaeDecodingStage']
[09-20 06:48:52] [RealtimeInputValidationStage] started...
[09-20 06:48:52] [RealtimeInputValidationStage] finished in 0.0001 seconds
[09-20 06:48:52] [RealtimeTextEncodingStage] started...
[09-20 06:48:52] [RealtimeTextEncodingStage] finished in 0.0000 seconds
[09-20 06:48:52] [AuxiliaryConditionEncodingStage] started...
[09-20 06:48:52] [AuxiliaryConditionEncodingStage] finished in 0.0031 seconds
[09-20 06:48:52] [RealtimeImageVAEEncodingStage] started...
[09-20 06:48:52] [RealtimeImageVAEEncodingStage] finished in 0.0000 seconds
[09-20 06:48:52] [DMDTimestepPreparationStage] started...
[09-20 06:48:52] [DMDTimestepPreparationStage] finished in 0.0002 seconds
[09-20 06:48:52] realtime chunk timing: session_id=f46b1b3640504bbf8321570a8fa3d9b4 request_id=f46b1b3640504bbf8321570a8fa3d9b4_fe33cedffa974fd7add2941cfcaa8c96 chunk_idx=21 event_id=None condition_kinds=['camera_actions'] request_prepare=0.46ms scheduler_forward=2472.17ms output_pace=0.00ms header_pack=0.01ms header_write=0.03ms raw_payload_build=1.48ms raw_write=4.48ms ws_write=4.52ms chunk_total=2479.51ms batches=1 frames=12 frame_shape=(480, 832, 3) raw_bytes=14376960 ws_payload_bytes=14377291 content_type=application/x-raw-rgb
[09-20 06:48:52] [RealtimeChunkLatentPreparationStage] started...
[09-20 06:48:52] [RealtimeChunkLatentPreparationStage] finished in 0.0001 seconds
[09-20 06:48:52] [LingBotWorldCausalDMDDenoisingStage] started...
[09-20 06:48:55] [LingBotWorldCausalDMDDenoisingStage] finished in 2.0988 seconds
[09-20 06:48:55] [CausalVaeDecodingStage] started...
[09-20 06:48:55] [CausalVaeDecodingStage] finished in 0.3474 seconds
[09-20 06:48:55] realtime raw RGB frame batch timing: request_id=f46b1b3640504bbf8321570a8fa3d9b4_7942294e061b4566994600dacf36b62d chunk_idx=22 sample_to_frames=1.27ms frames_to_bytes=2.46ms total=3.76ms batches=1 frames=12 frame_shape=(480, 832, 3) raw_bytes=14376960 content_type=application/x-raw-rgb
[09-20 06:48:55] Pixel data generated successfully in [92m2.47[0;0m seconds
[09-20 06:48:55] Peak memory usage: 82744.00 MB
[09-20 06:48:55] Adjusting number of frames from 21 to 21 based on model
[09-20 06:48:55] Sampling params:
                       width: 832
                      height: 480
                  num_frames: 21
                         fps: 16
                      prompt: <redacted, len=62>
                  neg_prompt: None
                        seed: 42
                 infer_steps: 4
      num_outputs_per_prompt: 1
              guidance_scale: 1.0
     embedded_guidance_scale: 6.0
                    n_tokens: None
                  flow_shift: 5.0
                  image_path: inputs/uploads/f46b1b3640504bbf8321570a8fa3d9b4_first_frame
                 save_output: False
            output_file_path: outputs/f46b1b3640504bbf8321570a8fa3d9b4_9a92077367684cc6a0666d4e75415162.mp4
        
[09-20 06:48:55] Running pipeline stages: ['RealtimeInputValidationStage', 'RealtimeTextEncodingStage', 'AuxiliaryConditionEncodingStage', 'RealtimeImageVAEEncodingStage', 'DMDTimestepPreparationStage', 'RealtimeChunkLatentPreparationStage', 'LingBotWorldCausalDMDDenoisingStage', 'CausalVaeDecodingStage']
[09-20 06:48:55] [RealtimeInputValidationStage] started...
[09-20 06:48:55] [RealtimeInputValidationStage] finished in 0.0001 seconds
[09-20 06:48:55] [RealtimeTextEncodingStage] started...
[09-20 06:48:55] [RealtimeTextEncodingStage] finished in 0.0000 seconds
[09-20 06:48:55] [AuxiliaryConditionEncodingStage] started...
[09-20 06:48:55] [AuxiliaryConditionEncodingStage] finished in 0.0031 seconds
[09-20 06:48:55] [RealtimeImageVAEEncodingStage] started...
[09-20 06:48:55] [RealtimeImageVAEEncodingStage] finished in 0.0000 seconds
[09-20 06:48:55] [DMDTimestepPreparationStage] started...
[09-20 06:48:55] [DMDTimestepPreparationStage] finished in 0.0002 seconds
[09-20 06:48:55] realtime chunk timing: session_id=f46b1b3640504bbf8321570a8fa3d9b4 request_id=f46b1b3640504bbf8321570a8fa3d9b4_7942294e061b4566994600dacf36b62d chunk_idx=22 event_id=None condition_kinds=['camera_actions'] request_prepare=0.47ms scheduler_forward=2472.28ms output_pace=0.00ms header_pack=0.01ms header_write=0.04ms raw_payload_build=1.46ms raw_write=4.52ms ws_write=4.55ms chunk_total=2479.64ms batches=1 frames=12 frame_shape=(480, 832, 3) raw_bytes=14376960 ws_payload_bytes=14377291 content_type=application/x-raw-rgb
[09-20 06:48:55] [RealtimeChunkLatentPreparationStage] started...
[09-20 06:48:55] [RealtimeChunkLatentPreparationStage] finished in 0.0001 seconds
[09-20 06:48:55] [LingBotWorldCausalDMDDenoisingStage] started...
[09-20 06:48:57] [LingBotWorldCausalDMDDenoisingStage] finished in 2.1040 seconds
[09-20 06:48:57] [CausalVaeDecodingStage] started...
[09-20 06:48:57] [CausalVaeDecodingStage] finished in 0.3481 seconds
[09-20 06:48:57] realtime raw RGB frame batch timing: request_id=f46b1b3640504bbf8321570a8fa3d9b4_9a92077367684cc6a0666d4e75415162 chunk_idx=23 sample_to_frames=1.27ms frames_to_bytes=2.43ms total=3.73ms batches=1 frames=12 frame_shape=(480, 832, 3) raw_bytes=14376960 content_type=application/x-raw-rgb
[09-20 06:48:57] Pixel data generated successfully in [92m2.48[0;0m seconds
[09-20 06:48:57] Peak memory usage: 82744.00 MB
[09-20 06:48:57] Adjusting number of frames from 21 to 21 based on model
[09-20 06:48:57] Sampling params:
                       width: 832
                      height: 480
                  num_frames: 21
                         fps: 16
                      prompt: <redacted, len=62>
                  neg_prompt: None
                        seed: 42
                 infer_steps: 4
      num_outputs_per_prompt: 1
              guidance_scale: 1.0
     embedded_guidance_scale: 6.0
                    n_tokens: None
                  flow_shift: 5.0
                  image_path: inputs/uploads/f46b1b3640504bbf8321570a8fa3d9b4_first_frame
                 save_output: False
            output_file_path: outputs/f46b1b3640504bbf8321570a8fa3d9b4_7fc1eddd4c6643e7bc7335ac8fc31202.mp4
        
[09-20 06:48:57] Running pipeline stages: ['RealtimeInputValidationStage', 'RealtimeTextEncodingStage', 'AuxiliaryConditionEncodingStage', 'RealtimeImageVAEEncodingStage', 'DMDTimestepPreparationStage', 'RealtimeChunkLatentPreparationStage', 'LingBotWorldCausalDMDDenoisingStage', 'CausalVaeDecodingStage']
[09-20 06:48:57] [RealtimeInputValidationStage] started...
[09-20 06:48:57] [RealtimeInputValidationStage] finished in 0.0001 seconds
[09-20 06:48:57] [RealtimeTextEncodingStage] started...
[09-20 06:48:57] [RealtimeTextEncodingStage] finished in 0.0000 seconds
[09-20 06:48:57] [AuxiliaryConditionEncodingStage] started...
[09-20 06:48:57] [AuxiliaryConditionEncodingStage] finished in 0.0033 seconds
[09-20 06:48:57] realtime chunk timing: session_id=f46b1b3640504bbf8321570a8fa3d9b4 request_id=f46b1b3640504bbf8321570a8fa3d9b4_9a92077367684cc6a0666d4e75415162 chunk_idx=23 event_id=None condition_kinds=['camera_actions'] request_prepare=0.46ms scheduler_forward=2476.96ms output_pace=0.00ms header_pack=0.01ms header_write=0.03ms raw_payload_build=1.42ms raw_write=4.50ms ws_write=4.53ms chunk_total=2484.26ms batches=1 frames=12 frame_shape=(480, 832, 3) raw_bytes=14376960 ws_payload_bytes=14377291 content_type=application/x-raw-rgb
[09-20 06:48:57] [RealtimeImageVAEEncodingStage] started...
[09-20 06:48:57] [RealtimeImageVAEEncodingStage] finished in 0.0000 seconds
[09-20 06:48:57] [DMDTimestepPreparationStage] started...
[09-20 06:48:57] [DMDTimestepPreparationStage] finished in 0.0002 seconds
[09-20 06:48:57] [RealtimeChunkLatentPreparationStage] started...
[09-20 06:48:57] [RealtimeChunkLatentPreparationStage] finished in 0.0001 seconds
[09-20 06:48:57] [LingBotWorldCausalDMDDenoisingStage] started...
[09-20 06:48:59] [LingBotWorldCausalDMDDenoisingStage] finished in 2.1043 seconds
[09-20 06:48:59] [CausalVaeDecodingStage] started...
[09-20 06:49:00] [CausalVaeDecodingStage] finished in 0.3478 seconds
[09-20 06:49:00] realtime raw RGB frame batch timing: request_id=f46b1b3640504bbf8321570a8fa3d9b4_7fc1eddd4c6643e7bc7335ac8fc31202 chunk_idx=24 sample_to_frames=1.28ms frames_to_bytes=2.08ms total=3.38ms batches=1 frames=12 frame_shape=(480, 832, 3) raw_bytes=14376960 content_type=application/x-raw-rgb
[09-20 06:49:00] Pixel data generated successfully in [92m2.48[0;0m seconds
[09-20 06:49:00] Peak memory usage: 82744.00 MB
[09-20 06:49:00] Adjusting number of frames from 21 to 21 based on model
[09-20 06:49:00] Sampling params:
                       width: 832
                      height: 480
                  num_frames: 21
                         fps: 16
                      prompt: <redacted, len=62>
                  neg_prompt: None
                        seed: 42
                 infer_steps: 4
      num_outputs_per_prompt: 1
              guidance_scale: 1.0
     embedded_guidance_scale: 6.0
                    n_tokens: None
                  flow_shift: 5.0
                  image_path: inputs/uploads/f46b1b3640504bbf8321570a8fa3d9b4_first_frame
                 save_output: False
            output_file_path: outputs/f46b1b3640504bbf8321570a8fa3d9b4_52667c3592934fd28ecd9e8915ced9f8.mp4
        
[09-20 06:49:00] Running pipeline stages: ['RealtimeInputValidationStage', 'RealtimeTextEncodingStage', 'AuxiliaryConditionEncodingStage', 'RealtimeImageVAEEncodingStage', 'DMDTimestepPreparationStage', 'RealtimeChunkLatentPreparationStage', 'LingBotWorldCausalDMDDenoisingStage', 'CausalVaeDecodingStage']
[09-20 06:49:00] [RealtimeInputValidationStage] started...
[09-20 06:49:00] [RealtimeInputValidationStage] finished in 0.0001 seconds
[09-20 06:49:00] [RealtimeTextEncodingStage] started...
[09-20 06:49:00] [RealtimeTextEncodingStage] finished in 0.0000 seconds
[09-20 06:49:00] [AuxiliaryConditionEncodingStage] started...
[09-20 06:49:00] [AuxiliaryConditionEncodingStage] finished in 0.0033 seconds
[09-20 06:49:00] [RealtimeImageVAEEncodingStage] started...
[09-20 06:49:00] [RealtimeImageVAEEncodingStage] finished in 0.0000 seconds
[09-20 06:49:00] [DMDTimestepPreparationStage] started...
[09-20 06:49:00] realtime chunk timing: session_id=f46b1b3640504bbf8321570a8fa3d9b4 request_id=f46b1b3640504bbf8321570a8fa3d9b4_7fc1eddd4c6643e7bc7335ac8fc31202 chunk_idx=24 event_id=None condition_kinds=['camera_actions'] request_prepare=0.47ms scheduler_forward=2477.06ms output_pace=0.00ms header_pack=0.01ms header_write=0.04ms raw_payload_build=1.52ms raw_write=4.48ms ws_write=4.52ms chunk_total=2484.45ms batches=1 frames=12 frame_shape=(480, 832, 3) raw_bytes=14376960 ws_payload_bytes=14377291 content_type=application/x-raw-rgb
[09-20 06:49:00] [DMDTimestepPreparationStage] finished in 0.0002 seconds
[09-20 06:49:00] [RealtimeChunkLatentPreparationStage] started...
[09-20 06:49:00] [RealtimeChunkLatentPreparationStage] finished in 0.0001 seconds
[09-20 06:49:00] [LingBotWorldCausalDMDDenoisingStage] started...
[09-20 06:49:02] [LingBotWorldCausalDMDDenoisingStage] finished in 2.1054 seconds
[09-20 06:49:02] [CausalVaeDecodingStage] started...
[09-20 06:49:02] [CausalVaeDecodingStage] finished in 0.3475 seconds
[09-20 06:49:02] realtime raw RGB frame batch timing: request_id=f46b1b3640504bbf8321570a8fa3d9b4_52667c3592934fd28ecd9e8915ced9f8 chunk_idx=25 sample_to_frames=2.17ms frames_to_bytes=3.80ms total=6.00ms batches=1 frames=12 frame_shape=(480, 832, 3) raw_bytes=14376960 content_type=application/x-raw-rgb
[09-20 06:49:02] Pixel data generated successfully in [92m2.48[0;0m seconds
[09-20 06:49:02] Peak memory usage: 82744.00 MB
[09-20 06:49:02] Adjusting number of frames from 21 to 21 based on model
[09-20 06:49:02] Sampling params:
                       width: 832
                      height: 480
                  num_frames: 21
                         fps: 16
                      prompt: <redacted, len=62>
                  neg_prompt: None
                        seed: 42
                 infer_steps: 4
      num_outputs_per_prompt: 1
              guidance_scale: 1.0
     embedded_guidance_scale: 6.0
                    n_tokens: None
                  flow_shift: 5.0
                  image_path: inputs/uploads/f46b1b3640504bbf8321570a8fa3d9b4_first_frame
                 save_output: False
            output_file_path: outputs/f46b1b3640504bbf8321570a8fa3d9b4_46d735714c384093a214cb4785671e59.mp4
        
[09-20 06:49:02] Running pipeline stages: ['RealtimeInputValidationStage', 'RealtimeTextEncodingStage', 'AuxiliaryConditionEncodingStage', 'RealtimeImageVAEEncodingStage', 'DMDTimestepPreparationStage', 'RealtimeChunkLatentPreparationStage', 'LingBotWorldCausalDMDDenoisingStage', 'CausalVaeDecodingStage']
[09-20 06:49:02] [RealtimeInputValidationStage] started...
[09-20 06:49:02] [RealtimeInputValidationStage] finished in 0.0001 seconds
[09-20 06:49:02] [RealtimeTextEncodingStage] started...
[09-20 06:49:02] [RealtimeTextEncodingStage] finished in 0.0000 seconds
[09-20 06:49:02] [AuxiliaryConditionEncodingStage] started...
[09-20 06:49:02] [AuxiliaryConditionEncodingStage] finished in 0.0033 seconds
[09-20 06:49:02] [RealtimeImageVAEEncodingStage] started...
[09-20 06:49:02] [RealtimeImageVAEEncodingStage] finished in 0.0000 seconds
[09-20 06:49:02] [DMDTimestepPreparationStage] started...
[09-20 06:49:02] realtime chunk timing: session_id=f46b1b3640504bbf8321570a8fa3d9b4 request_id=f46b1b3640504bbf8321570a8fa3d9b4_52667c3592934fd28ecd9e8915ced9f8 chunk_idx=25 event_id=None condition_kinds=['camera_actions'] request_prepare=0.46ms scheduler_forward=2481.49ms output_pace=0.00ms header_pack=0.02ms header_write=0.04ms raw_payload_build=1.48ms raw_write=4.48ms ws_write=4.52ms chunk_total=2488.84ms batches=1 frames=12 frame_shape=(480, 832, 3) raw_bytes=14376960 ws_payload_bytes=14377291 content_type=application/x-raw-rgb
[09-20 06:49:02] [DMDTimestepPreparationStage] finished in 0.0002 seconds
[09-20 06:49:02] [RealtimeChunkLatentPreparationStage] started...
[09-20 06:49:02] [RealtimeChunkLatentPreparationStage] finished in 0.0001 seconds
[09-20 06:49:02] [LingBotWorldCausalDMDDenoisingStage] started...
[09-20 06:49:04] [LingBotWorldCausalDMDDenoisingStage] finished in 2.0992 seconds
[09-20 06:49:04] [CausalVaeDecodingStage] started...
[09-20 06:49:05] [CausalVaeDecodingStage] finished in 0.3471 seconds
[09-20 06:49:05] realtime raw RGB frame batch timing: request_id=f46b1b3640504bbf8321570a8fa3d9b4_46d735714c384093a214cb4785671e59 chunk_idx=26 sample_to_frames=1.46ms frames_to_bytes=2.43ms total=4.00ms batches=1 frames=12 frame_shape=(480, 832, 3) raw_bytes=14376960 content_type=application/x-raw-rgb
[09-20 06:49:05] Pixel data generated successfully in [92m2.47[0;0m seconds
[09-20 06:49:05] Peak memory usage: 82744.00 MB
[09-20 06:49:05] Adjusting number of frames from 21 to 21 based on model
[09-20 06:49:05] Sampling params:
                       width: 832
                      height: 480
                  num_frames: 21
                         fps: 16
                      prompt: <redacted, len=62>
                  neg_prompt: None
                        seed: 42
                 infer_steps: 4
      num_outputs_per_prompt: 1
              guidance_scale: 1.0
     embedded_guidance_scale: 6.0
                    n_tokens: None
                  flow_shift: 5.0
                  image_path: inputs/uploads/f46b1b3640504bbf8321570a8fa3d9b4_first_frame
                 save_output: False
            output_file_path: outputs/f46b1b3640504bbf8321570a8fa3d9b4_240379909c4a41ccab4d6cfa62847082.mp4
        
[09-20 06:49:05] Running pipeline stages: ['RealtimeInputValidationStage', 'RealtimeTextEncodingStage', 'AuxiliaryConditionEncodingStage', 'RealtimeImageVAEEncodingStage', 'DMDTimestepPreparationStage', 'RealtimeChunkLatentPreparationStage', 'LingBotWorldCausalDMDDenoisingStage', 'CausalVaeDecodingStage']
[09-20 06:49:05] [RealtimeInputValidationStage] started...
[09-20 06:49:05] [RealtimeInputValidationStage] finished in 0.0001 seconds
[09-20 06:49:05] [RealtimeTextEncodingStage] started...
[09-20 06:49:05] [RealtimeTextEncodingStage] finished in 0.0000 seconds
[09-20 06:49:05] [AuxiliaryConditionEncodingStage] started...
[09-20 06:49:05] [AuxiliaryConditionEncodingStage] finished in 0.0035 seconds
[09-20 06:49:05] [RealtimeImageVAEEncodingStage] started...
[09-20 06:49:05] [RealtimeImageVAEEncodingStage] finished in 0.0000 seconds
[09-20 06:49:05] [DMDTimestepPreparationStage] started...
[09-20 06:49:05] [DMDTimestepPreparationStage] finished in 0.0002 seconds
[09-20 06:49:05] [RealtimeChunkLatentPreparationStage] started...
[09-20 06:49:05] [RealtimeChunkLatentPreparationStage] finished in 0.0001 seconds
[09-20 06:49:05] realtime chunk timing: session_id=f46b1b3640504bbf8321570a8fa3d9b4 request_id=f46b1b3640504bbf8321570a8fa3d9b4_46d735714c384093a214cb4785671e59 chunk_idx=26 event_id=None condition_kinds=['camera_actions'] request_prepare=0.46ms scheduler_forward=2472.18ms output_pace=0.00ms header_pack=0.01ms header_write=0.04ms raw_payload_build=1.48ms raw_write=5.61ms ws_write=5.65ms chunk_total=2480.65ms batches=1 frames=12 frame_shape=(480, 832, 3) raw_bytes=14376960 ws_payload_bytes=14377291 content_type=application/x-raw-rgb
[09-20 06:49:05] [LingBotWorldCausalDMDDenoisingStage] started...
[09-20 06:49:07] [LingBotWorldCausalDMDDenoisingStage] finished in 2.1027 seconds
[09-20 06:49:07] [CausalVaeDecodingStage] started...
[09-20 06:49:07] [CausalVaeDecodingStage] finished in 0.3483 seconds
[09-20 06:49:07] realtime raw RGB frame batch timing: request_id=f46b1b3640504bbf8321570a8fa3d9b4_240379909c4a41ccab4d6cfa62847082 chunk_idx=27 sample_to_frames=1.27ms frames_to_bytes=2.10ms total=3.40ms batches=1 frames=12 frame_shape=(480, 832, 3) raw_bytes=14376960 content_type=application/x-raw-rgb
[09-20 06:49:07] Pixel data generated successfully in [92m2.48[0;0m seconds
[09-20 06:49:07] Peak memory usage: 82744.00 MB
[09-20 06:49:07] Adjusting number of frames from 21 to 21 based on model
[09-20 06:49:07] Sampling params:
                       width: 832
                      height: 480
                  num_frames: 21
                         fps: 16
                      prompt: <redacted, len=62>
                  neg_prompt: None
                        seed: 42
                 infer_steps: 4
      num_outputs_per_prompt: 1
              guidance_scale: 1.0
     embedded_guidance_scale: 6.0
                    n_tokens: None
                  flow_shift: 5.0
                  image_path: inputs/uploads/f46b1b3640504bbf8321570a8fa3d9b4_first_frame
                 save_output: False
            output_file_path: outputs/f46b1b3640504bbf8321570a8fa3d9b4_6e65a25f94734f4cbe86562fbdc134c1.mp4
        
[09-20 06:49:07] Running pipeline stages: ['RealtimeInputValidationStage', 'RealtimeTextEncodingStage', 'AuxiliaryConditionEncodingStage', 'RealtimeImageVAEEncodingStage', 'DMDTimestepPreparationStage', 'RealtimeChunkLatentPreparationStage', 'LingBotWorldCausalDMDDenoisingStage', 'CausalVaeDecodingStage']
[09-20 06:49:07] [RealtimeInputValidationStage] started...
[09-20 06:49:07] [RealtimeInputValidationStage] finished in 0.0001 seconds
[09-20 06:49:07] [RealtimeTextEncodingStage] started...
[09-20 06:49:07] [RealtimeTextEncodingStage] finished in 0.0000 seconds
[09-20 06:49:07] [AuxiliaryConditionEncodingStage] started...
[09-20 06:49:07] [AuxiliaryConditionEncodingStage] finished in 0.0035 seconds
[09-20 06:49:07] [RealtimeImageVAEEncodingStage] started...
[09-20 06:49:07] realtime chunk timing: session_id=f46b1b3640504bbf8321570a8fa3d9b4 request_id=f46b1b3640504bbf8321570a8fa3d9b4_240379909c4a41ccab4d6cfa62847082 chunk_idx=27 event_id=None condition_kinds=['camera_actions'] request_prepare=0.46ms scheduler_forward=2480.68ms output_pace=0.00ms header_pack=0.01ms header_write=0.03ms raw_payload_build=1.44ms raw_write=4.50ms ws_write=4.54ms chunk_total=2487.99ms batches=1 frames=12 frame_shape=(480, 832, 3) raw_bytes=14376960 ws_payload_bytes=14377291 content_type=application/x-raw-rgb
[09-20 06:49:07] [RealtimeImageVAEEncodingStage] finished in 0.0000 seconds
[09-20 06:49:07] [DMDTimestepPreparationStage] started...
[09-20 06:49:07] [DMDTimestepPreparationStage] finished in 0.0002 seconds
[09-20 06:49:07] [RealtimeChunkLatentPreparationStage] started...
[09-20 06:49:07] [RealtimeChunkLatentPreparationStage] finished in 0.0001 seconds
[09-20 06:49:07] [LingBotWorldCausalDMDDenoisingStage] started...
[09-20 06:49:09] [LingBotWorldCausalDMDDenoisingStage] finished in 2.1031 seconds
[09-20 06:49:09] [CausalVaeDecodingStage] started...
[09-20 06:49:10] [CausalVaeDecodingStage] finished in 0.3474 seconds
[09-20 06:49:10] realtime raw RGB frame batch timing: request_id=f46b1b3640504bbf8321570a8fa3d9b4_6e65a25f94734f4cbe86562fbdc134c1 chunk_idx=28 sample_to_frames=1.26ms frames_to_bytes=2.05ms total=3.34ms batches=1 frames=12 frame_shape=(480, 832, 3) raw_bytes=14376960 content_type=application/x-raw-rgb
[09-20 06:49:10] Pixel data generated successfully in [92m2.47[0;0m seconds
[09-20 06:49:10] Peak memory usage: 82744.00 MB
[09-20 06:49:10] Adjusting number of frames from 21 to 21 based on model
[09-20 06:49:10] Sampling params:
                       width: 832
                      height: 480
                  num_frames: 21
                         fps: 16
                      prompt: <redacted, len=62>
                  neg_prompt: None
                        seed: 42
                 infer_steps: 4
      num_outputs_per_prompt: 1
              guidance_scale: 1.0
     embedded_guidance_scale: 6.0
                    n_tokens: None
                  flow_shift: 5.0
                  image_path: inputs/uploads/f46b1b3640504bbf8321570a8fa3d9b4_first_frame
                 save_output: False
            output_file_path: outputs/f46b1b3640504bbf8321570a8fa3d9b4_849e7183cc7f4b228d370a4bf45b42d2.mp4
        
[09-20 06:49:10] Running pipeline stages: ['RealtimeInputValidationStage', 'RealtimeTextEncodingStage', 'AuxiliaryConditionEncodingStage', 'RealtimeImageVAEEncodingStage', 'DMDTimestepPreparationStage', 'RealtimeChunkLatentPreparationStage', 'LingBotWorldCausalDMDDenoisingStage', 'CausalVaeDecodingStage']
[09-20 06:49:10] [RealtimeInputValidationStage] started...
[09-20 06:49:10] [RealtimeInputValidationStage] finished in 0.0001 seconds
[09-20 06:49:10] [RealtimeTextEncodingStage] started...
[09-20 06:49:10] [RealtimeTextEncodingStage] finished in 0.0000 seconds
[09-20 06:49:10] [AuxiliaryConditionEncodingStage] started...
[09-20 06:49:10] [AuxiliaryConditionEncodingStage] finished in 0.0035 seconds
[09-20 06:49:10] [RealtimeImageVAEEncodingStage] started...
[09-20 06:49:10] [RealtimeImageVAEEncodingStage] finished in 0.0000 seconds
[09-20 06:49:10] [DMDTimestepPreparationStage] started...
[09-20 06:49:10] realtime chunk timing: session_id=f46b1b3640504bbf8321570a8fa3d9b4 request_id=f46b1b3640504bbf8321570a8fa3d9b4_6e65a25f94734f4cbe86562fbdc134c1 chunk_idx=28 event_id=None condition_kinds=['camera_actions'] request_prepare=0.46ms scheduler_forward=2474.63ms output_pace=0.00ms header_pack=0.01ms header_write=0.04ms raw_payload_build=1.49ms raw_write=4.54ms ws_write=4.57ms chunk_total=2482.03ms batches=1 frames=12 frame_shape=(480, 832, 3) raw_bytes=14376960 ws_payload_bytes=14377291 content_type=application/x-raw-rgb
[09-20 06:49:10] [DMDTimestepPreparationStage] finished in 0.0002 seconds
[09-20 06:49:10] [RealtimeChunkLatentPreparationStage] started...
[09-20 06:49:10] [RealtimeChunkLatentPreparationStage] finished in 0.0001 seconds
[09-20 06:49:10] [LingBotWorldCausalDMDDenoisingStage] started...
[09-20 06:49:12] [LingBotWorldCausalDMDDenoisingStage] finished in 2.0962 seconds
[09-20 06:49:12] [CausalVaeDecodingStage] started...
[09-20 06:49:12] [CausalVaeDecodingStage] finished in 0.3479 seconds
[09-20 06:49:12] realtime raw RGB frame batch timing: request_id=f46b1b3640504bbf8321570a8fa3d9b4_849e7183cc7f4b228d370a4bf45b42d2 chunk_idx=29 sample_to_frames=2.20ms frames_to_bytes=3.55ms total=5.79ms batches=1 frames=12 frame_shape=(480, 832, 3) raw_bytes=14376960 content_type=application/x-raw-rgb
[09-20 06:49:12] Pixel data generated successfully in [92m2.48[0;0m seconds
[09-20 06:49:12] Peak memory usage: 82744.00 MB
[09-20 06:49:12] realtime chunk timing: session_id=f46b1b3640504bbf8321570a8fa3d9b4 request_id=f46b1b3640504bbf8321570a8fa3d9b4_849e7183cc7f4b228d370a4bf45b42d2 chunk_idx=29 event_id=None condition_kinds=['camera_actions'] request_prepare=0.45ms scheduler_forward=2476.31ms output_pace=0.00ms header_pack=0.02ms header_write=0.03ms raw_payload_build=1.45ms raw_write=4.41ms ws_write=4.44ms chunk_total=2482.72ms batches=1 frames=12 frame_shape=(480, 832, 3) raw_bytes=14376960 ws_payload_bytes=14377291 content_type=application/x-raw-rgb
[09-20 06:49:12] generation reached max chunks, session_id=f46b1b3640504bbf8321570a8fa3d9b4, max_chunks=30
[09-20 06:49:12] terminating session, session_id=f46b1b3640504bbf8321570a8fa3d9b4
[09-20 06:49:12] Realtime session release: session_id=f46b1b3640504bbf8321570a8fa3d9b4 released=True
[2026-09-20 06:49:14] [32mINFO[0m:     Shutting down
[2026-09-20 06:49:14] [32mINFO[0m:     Waiting for application shutdown.
[09-20 06:49:14] FastAPI app is shutting down...
[2026-09-20 06:49:14] [32mINFO[0m:     Application shutdown complete.
[2026-09-20 06:49:14] [32mINFO[0m:     Finished server process [[36m127944[0m]
/usr/lib/python3.12/multiprocessing/resource_tracker.py:254: UserWarning: resource_tracker: There appear to be 1 leaked semaphore objects to clean up at shutdown
  warnings.warn('resource_tracker: There appear to be %d '
